"prioridade";"palavra (Kimbundu.org)";"definição do dicionário";"exemplo em kimbundu";"tradução em português (preencher)";"grafia correcta? (sim / corrigir aqui)";"falante"
"sim";"Atatu";"Três.";"atu atatu";"";"";""
"sim";"Awana";"Quatro.";"maiaki auâna";"";"";""
"sim";"Béngu";"Rato";"béngu u arimukina bu utna ue.";"";"";""
"sim";"Bhata";"Casa; domicílio; residência; lar.";"ng'atundu ku bata";"";"";""
"sim";"Bhonzo";"Frio; sensibilizado; triste.";"u axala bonzo";"";"";""
"sim";"Bhonzo";"Falto de ternura, de alegria; que aborrece, que enfada ou aflige.";"maka m'angi bonzo";"";"";""
"sim";"Bhonzo";"Severo; duro; agitado; perturbado; trabalhoso; difícil.";"izuua ta bonzo";"";"";""
"sim";"Bhonzo";"Saudade; paixão; tristeza; arrefecimento de ânimo; dificuldade; tristeza; agitação; pena.";"o bonzoia Kristu";"";"";""
"sim";"Dijina";"Nome que se adota da pia batismal.";"rijina ria múngua";"";"";""
"sim";"Dijina";"Nome indígena dado à nascença.";"rijinaria úmba";"";"";""
"sim";"Dijina";"Homonímia.";"rijina ria naúka";"";"";""
"sim";"Dinyota";"Sede; necessidade de beber. fig. Desejo de vingança.";"ng'a mu kuatelarinhota";"";"";""
"sim";"Disu";"Perspicácia; atenção.";"risuria Kumona";"";"";""
"sim";"Disu";"Perspicácia; atenção.";"risuria iba";"";"";""
"sim";"Disu";"Perspicácia; atenção.";"risuria mânhanga";"";"";""
"sim";"Disu";"Perspicácia; atenção.";"risuria mbambi";"";"";""
"sim";"Ditari";"Ardósia; lápide; lousa.";"mbila laritari";"";"";""
"sim";"Ditari";"Peurada.";"a mu takularitari";"";"";""
"sim";"Ditari";"Apodo; ultraje; ofensa.";"xífofo k'alakul'ê ritariu arianga ku ri koteka";"";"";""
"sim";"Ditari";"marco divisório.";"ritari ria Imbambe";"";"";""
"sim";"Dituta";"Nuvem; negrão; nimbo.";"ria nvula ri amuanga o kiso-";"";"";""
"sim";"Dizunu";"início, princípio de um negócio. | Capital inicial, de entrada.";"rizunuria uênji";"";"";""
"sim";"Iala";"Homem | Varão | marido.";"iala riami";"";"";""
"sim";"Kámba";"Amigo; confidente; aliado.";"kámba ria mute lbatu";"";"";""
"sim";"Kibha";"Pele.";"kíba kia ngându";"";"";""
"sim";"Kibha";"Cabedal, coiro. A pele de um animal separada do corpo.";"kíba kia hima";"";"";""
"sim";"Kináma";"Perna; pé. | Mão (dos quadrúpedes) | Pata";"kináma kia hombo";"";"";""
"sim";"Kîri";"Comida; alimento.";"kîri kia kúria";"";"";""
"sim";"Kîri";"Comido.";"kîri u a ki lusu";"";"";""
"sim";"Kîri";"De veras.";"kîri kiene";"";"";""
"sim";"Kitánu";"Cinco.";"atu kitánu";"";"";""
"sim";"Kitari";"Dinheiro.";"kitari muxitu ua kusuáma";"";"";""
"sim";"Kitari";"adj. e sub. Argentário; rico.";"Mukua kitari";"";"";""
"sim";"Kitari";"os financeiros.";"Akua kitari";"";"";""
"sim";"Kubana";"Dar; entregar; presentear; oferecer.";"kubana kuzuata";"";"";""
"sim";"Kubana";"Dar; entregar; presentear; oferecer.";"kubana kuznata";"";"";""
"sim";"Kubana";"Permitir; consentir.";"kubana kánzanza";"";"";""
"sim";"Kubana";"Tocar; espancar; bater.";"kubana jihuxi";"";"";""
"sim";"Kubana";"Agasalhar; acomodar.";"kubana kiriri";"";"";""
"sim";"Kubana";"Ensinar; aconselhar.";"kubana milongi";"";"";""
"sim";"Kubana";"Dar atenção; ouvir.";"kubana matui";"";"";""
"sim";"Kubana";"Entoar; cantar.";"kubana muimbu";"";"";""
"sim";"Kubana";"bana; Dar sempre, constantemente. | Dar continuamente, todos os dias.";"kubana bana makumbi'a izuva";"";"";""
"sim";"Kubana";"Kuribàna, v. r. Dar-se, oferecer-se; vender-se. | Camaradar; conviver. | Ter boas maneiras.";"kubana ni akuenu";"";"";""
"sim";"Kuijia";"Ser experimentado; ter prática, ciência.";"kuijia Ngola kuenda, ki ukot' ê";"";"";""
"sim";"Kuijia";"Experiência da vida, do mundo.";"ki ùla mu ngóngo, uijia";"";"";""
"sim";"Kujika";"Fechar | Cerrar; rematar. | Unir as bordas de.";"kujika ribitu";"";"";""
"sim";"Kujika";"Fechar | Cerrar; rematar. | Unir as bordas de.";"kujika hoka";"";"";""
"sim";"Kujika";"Fechar muitas vezes.";"kujika jika";"";"";""
"sim";"Kujímba";"Não lembrar.";"kujímba ku";"";"";""
"sim";"Kukánda";"Cavar; fazer covas. Extrair da terra.";"kukándamakungu";"";"";""
"sim";"Kukánda";"(cavando)";"kukándambonzo";"";"";""
"sim";"Kúku";"Cá; deste lado.";"ku mbandu kúku";"";"";""
"sim";"Kúku";"Este; esta.";"o kukata-ku ejilu malamba";"";"";""
"sim";"Kulónga";"Adestrar, evangelizar; instruir.";"o putu i lónga, kimbundu ki longolola";"";"";""
"sim";"Kúmona";"Ver; presenciar; assistir. | Avistar; reconhecer: kima u ki mona ni u ki tange. | Notar; observar.";"ng' amono ni mesu ma kúmona";"";"";""
"sim";"Kúmona";"Vista, alviçaras.";"Kisu ria kúmona";"";"";""
"sim";"Kunjongona";"Cortar; separar; partir.";"kunjongona múkunga";"";"";""
"sim";"Kûnua";"Suportar; sofrer.";"kûnua ndaka";"";"";""
"sim";"Kúria";"Estar colorido, vivo, tinto.";"jimbumbaj'ári";"";"";""
"sim";"Kúria";"Intrujar; enganar; iludir.";"kúriamatukuta";"";"";""
"sim";"Kúria";"Matar.";"kúriamuenhu ua mutu";"";"";""
"sim";"Kúria";"Comida.";"kúriaku alandula o ngombo";"";"";""
"sim";"Kúria";"Consoada; ceia.";"kúriakua usuku";"";"";""
"sim";"Kusánga";"Kurisánga, v. r. Encontrar-se.";"arisóto, arisânge";"";"";""
"sim";"Kusukula";"Lavar.";"a mu tuma kusukula, a mu tuma kuzela";"";"";""
"sim";"Kútala";"Olhar.";"ng' atale ni mesu, Ki ng'amono' ami Kima";"";"";""
"sim";"Kútala";"Contemplar; fitar os olhos em.";"zá, nda u tale";"";"";""
"sim";"Kútala";"Visitar.";"kútala hâzi";"";"";""
"sim";"Kútanga";"Ler.";"kútanga mukanda";"";"";""
"sim";"Kútanga";"Contar.";"kútanga kitari";"";"";""
"sim";"Kútanga";"Narrar; revelar; referir.";"kútanga maka";"";"";""
"sim";"Kútanga";"Kuritanga, v. r. Denunciar-se; incluir-se. Contar o que cada um souber do outro. Permutar injúrias.";"kútanga itokolo";"";"";""
"sim";"Kútanga";"Kuritanga, v. r. Denunciar-se; incluir-se. Contar o que cada um souber do outro. Permutar injúrias.";"kútanga malondo";"";"";""
"sim";"Kutumbuka";"Saltar | Passar por cima de; omitir.";"kutumbuka makungu";"";"";""
"sim";"Kuvumuka";"Voo.";"kuvumuka kua jinjila";"";"";""
"sim";"Kúzeka";"Descansar na paz do túmulo.";"u azeka kilu kia kalunga";"";"";""
"sim";"Kwenda";"Andar; percorrer. | Viajar; caminhar; marchar.";"kuijia Ngola kuénda, ãi ukot' ê";"";"";""
"sim";"Mâma";"Mãe.";"kala ni mon'ê";"";"";""
"sim";"Mâma";"Tia; madrasta.";"mâma 'naênge";"";"";""
"sim";"Mâma";"Senhora de respeito. Madona (p. ext.) A Virgem Maria.";"mâma 'ngana";"";"";""
"sim";"Mâma";"Madre; freira.";"mâma 'ngánga";"";"";""
"sim";"Mâma";"Madrinha.";"mâma o múngua";"";"";""
"sim";"Mâma";"Matrona; mulher idosa declarada livre.";"ngana riamâma";"";"";""
"sim";"Mâma";"Maternal.";"henda iamâma";"";"";""
"sim";"Mâútue";"Cabeça | A parte superior de certos objetos. Princípio; começo.";"mâútue ua mulsu";"";"";""
"sim";"Mâútue";"Cabeça | A parte superior de certos objetos. Princípio; começo.";"mâútue ua Kumbi";"";"";""
"sim";"Mâútue";"peixe do mar.";"mâútue ua hombo";"";"";""
"sim";"Mbua";"cachorrinho; cão pequeno.";"Mon'a mbua";"";"";""
"sim";"Mbua";"cão selvagem; chacal.";"Mbulu'a mbua";"";"";""
"sim";"Même";"Cabra.";"hombo ta même";"";"";""
"sim";"Mênya";"Água. Lugar por onde a água corre ou alaga. O mar.";"mênha ma Kalunga";"";"";""
"sim";"Mênya";"Água potável; água doce: ma tome. Líquido. fig. Lágrimas. Seiva.";"masoxi, mênha";"";"";""
"sim";"Mênya";"Água potável; água doce: ma tome. Líquido. fig. Lágrimas. Seiva.";"muxi u ala kutundamênha";"";"";""
"sim";"Mênya";"Maçarico.";"Kamengena mênha";"";"";""
"sim";"Mênya";"Planta esterculiácea, (Sterculia tragacantha). Produtora de uma goma em grossas e curtas lâminas ondeadas, brancas e tenazes.";"Kimbomb'a mênha";"";"";""
"sim";"Môna";"filho espúrio";"môna'a-kanvile";"";"";""
"sim";"Môna";"discípulo; pessoa que aprende um ofício (em relação a quem lh'o ministra)";"môna'a ufunu";"";"";""
"sim";"Môna";"jovem.";"môna'á muhatu rapariga";"";"";""
"sim";"Môna";"filho ou filha de outrem; enteado.";"môna'amukuenu";"";"";""
"sim";"Môna";"pessoa de quem se é padrinho ou madrinha. | Neófito, afilhado. | fig. Protegido.";"môna'a mungua";"";"";""
"sim";"Môna";"'a mutu, filho de algo, de pessoa conhecida: kifuba k'a ki tex'á ni xitu | Criatura.";"mônaa mutu k'a mu tex'á ni muénhu";"";"";""
"sim";"Môna";"bonequinha de trapos.";"môna'a muxaxinhu";"";"";""
"sim";"Môna";"criancinha; recém-nascido; de tenra idade.";"môna'a uîsu";"";"";""
"sim";"Môna";"criança, infante, adolescente. | Donzela, virgem.";"muhatu ua mônandênge";"";"";""
"sim";"Môna";"criança, infante, adolescente. | Donzela, virgem.";"môna'a ndênge";"";"";""
"sim";"Môna";"senhorinha, filha-famílias. | Certa qualidade de banana (musa paradisiaca), tb. conhecida por «banana giboia»";"môna'a ngana";"";"";""
"sim";"Môna";"filho alheio, estranho, de outra família. Pupilo: orfão.";"môna'a ngene";"";"";""
"sim";"Môna";"angolense.";"môna'a ngola";"";"";""
"sim";"Môna";"vitelo, bezerro.";"môna'a ngombe";"";"";""
"sim";"Môna";"leitão, bácoro.";"môna'a ngulu";"";"";""
"sim";"Môna";"euro-ş fulcano.";"môna'a ngundu";"";"";""
"sim";"Môna";"'a njila, passarinho, pequena ave.";"môna'a njila u rila muenthu, k' aria 'ê tuku";"";"";""
"sim";"Môna";"moço servente.";"môna'a riula";"";"";""
"sim";"Môna";"pupila.";"môna'a rîsu";"";"";""
"sim";"Môna";"rim.";"môna'a sonhi";"";"";""
"sim";"Môna";"filho da terra; natural da terra em que habita.";"môna'a 'xi";"";"";""
"sim";"Môna";"estudante, escolar.";"môna'a xikola";"";"";""
"sim";"Môna";"Pov. e sede do posto deste nome, conc. de Saurimo, dist. da Lunda, prov. de Malanje.";"mônakimbundu";"";"";""
"sim";"Mujinjingu";"Diz-se da parte oposta ao fio de instrumentos cortantes.";"mujinjingu ua njangu";"";"";""
"sim";"Múkaji";"Mulher; esposa.";"múkajia riiala";"";"";""
"sim";"Múkaji";"Manceba (em relação ao homem com quem vive)";"múkaji'e";"";"";""
"sim";"Múkaji";"sub. Nora";"múkaji'a-mona";"";"";""
"sim";"Muxima";"muxima —, adj. Consciencioso.";"muxima muxima";"";"";""
"sim";"Ngómbe";"Ruminante da fam. dos bovídeos destinado a carga e alimentação do homem | Boi | Quadrúpede que serve de cavalo (no interior)";"xitu ia ngómbe";"";"";""
"sim";"Njila";"Animal bípede, ovíparo, de asas | Pássaro | Ave pequena | Nome genérico dos animais alados.";"u tuka kala njila";"";"";""
"sim";"Njila";"Ave ribeirinha | Martim-pescador.";"njila ndíriku";"";"";""
"sim";"Njila";"Planta medicinal cuja raiz se recomenda em tumores e inflamações endémicas.";"njila ndúndu";"";"";""
"sim";"Njila";"árvore de grandes dimensões da família das leguminosas (Pterocarpus erinaceus), conhecida por «sândalo-vermelho», por exsudar no entre-casca um líquido vermelho-sanguíneo; mutéte.";"njila sonde";"";"";""
"sim";"Njila";"diz-se de qualquer fruta madura, picada pelos pássaros.";"Kiria njila";"";"";""
"sim";"Njila";"Caminho. | Espaço que se percorre | Estrada; rota; rua.";"kuenda mu-kunhongojoka";"";"";""
"sim";"Nvula";"Chuva. Aguaceiro; chuvada. Maré.";"nvulaia matari";"";"";""
"sim";"Phange";"irmão consanguíneo, ou paterno.";"pange ia hatata";"";"";""
"sim";"Phange";"irmão uterino.";"pange ia kamama";"";"";""
"sim";"Phange";"irmão espiritual; co-afilhados.";"pange ia múngua";"";"";""
"sim";"Phange";"companheiro de escola ou de ofício; condiscípulo.";"pange ia ufunu";"";"";""
"sim";"Pôko";"Ferir com faca; dar facada.";"Kuta pôko";"";"";""
"sim";"Pôko";"ia butu, navalha de barba, kiznua ki u fua, i ku buta.";"pôko ia butu sumbisa-naiu ndandu iê";"";"";""
"sim";"Pôko";"Planta fam. das ciperáceas, de tão agudas folhas e caules que o mais leve contacto cortam.";"pôko tu nzâmbi";"";"";""
"sim";"Tetembua";"Cometa.";"tetembua ia muxila";"";"";""
"sim";"Túbhya";"Fogo; incêndio: inso i akuata.—; Fogacho; tiro (de espingarda); Labareda; chama.";"úta u alematúbia";"";"";""
"sim";"Tusamanu";"Seis.";"tunguari–";"";"";""
"sim";"Umoxi";"Um; certo; qualquer";"o nvunda ia kivule mutuumoxik' aten'ê ku i bdnga";"";"";""
"sim";"Wisu";"Verde.";"kiângu kia uîsu";"";"";""
"sim";"Wisu";"Que ainda não está sazonado, seco.";"rlhonjo ria uîsu";"";"";""
"sim";"Wisu";"Fresco; tenro; de pouco tempo.";"mon'a uîsu";"";"";""
"sim";"Wisu";"Cru.";"xitu la uîsu";"";"";""
"sim";"Xixikinya";"Formiga.";"xixikinhau atumine nzamba";"";"";""
"sim";"Xixikinya";"Formiga.";"xixikinha u atumine nzamba";"";"";""
"";"-jinga";"que indica ação contínua.";"kubanga -jinga";"";"";""
"";"-jinga";"que indica ação contínua.";"kuenda -jinga";"";"";""
"";"-jinga";"Palavra que se junta ao verbo para significar ação contínua, ininterrupta.";"u zuelajinga kia mbote";"";"";""
"";"'Ngo";"Onça; tigre | Mamífero carnívoro do género gato | Felino.";"sasa o' 'ngo i ku tolole o xingu";"";"";""
"";"A'ba";"Abreviatura de baba, boba; aqui; neste lugar.";"imana bu' axaxi a'ba";"";"";""
"";"Abai";"Então; pois.";"abai kiebi!";"";"";""
"";"Abai";"Portanto; por isso.";"abai kiene' oklo";"";"";""
"";"Abai";"preposição que indica afirmação: sem dúvida; com certeza; certamente. (É também advérbio.) Pois então.";"abai pe";"";"";""
"";"Abási";"Que reduzem a pedaços; esmigalhadores.";"abási a ifuba";"";"";""
"";"Abha";"Palavra que anuncia o ato de dar; toma; ação de dar.";"abá 'riu rize!";"";"";""
"";"Abhezi";"Aduladores.";"abézi a tteke";"";"";""
"";"Abhingi";"Pedidores";"abingi a makezu";"";"";""
"";"Abiri";"Naturais de Cabiri (concelho de Icolo e Bengo) ou ali residentes.";"akú' abiri";"";"";""
"";"Abóngi";"Apanhadores";"abóngi a jihuinhi";"";"";""
"";"Abongolori";"Arrecadadores; recolhedores";"abongolori a irima";"";"";""
"";"Aboti";"Homens que têm por ofício fiar (em roca ou máquina)";"aboti a mikolo";"";"";""
"";"Abundi";"Indivíduos que, no rio ou lagoa, fazem convergir o peixe para o lugar das redes";"abundi a menha";"";"";""
"";"Afúndi";"Enterradores; que enterram; coveiros.";"afua kia iba a fumanesa afúndi";"";"";""
"";"Aí";"Interjeição de compaixão, de saudade. Oh! Aí!";"aí, mukuatele henda...";"";"";""
"";"Aí";"De surpresa, de espanto. Olá! Como?";"aí kiebi?";"";"";""
"";"Aiari";"Dois; o mesmo que Kiiari.";"malaki aiari";"";"";""
"";"Aiuê";"Interjeição de dor; grito de aflição.";"aiuê, manh'etu'é!";"";"";""
"";"Ajitu";"Respeitosos; corteses; atenciosos.";"atu a ajitu";"";"";""
"";"Akándi";"Cavadores; coveiros; homens que abrem covas.";"akándi a jimbila";"";"";""
"";"Ake";"Agora mesmo; neste momento; sem perda de tempo. Veja-se aki.";"eme ng'ez' ake";"";"";""
"";"Aki";"Neste mesmo instante; agora mesmo; sem demora; imediatamente.";"nga tundu";"";"";""
"";"Akiki";"Agora; entretanto; neste tempo. Abreviatura de aba kiki.";"u banga kiebi?";"";"";""
"";"Akoki";"Conjunto de pessoas empregadas no arrasto de uma coisa; arrastadores; rojadores; os que levam de rasto (algo) pelo chão.";"a mauanda";"";"";""
"";"Akuânyi";"Quais? Quem são? Que pessoas?";"akuânhi abange kiki?";"";"";""
"";"Akulu";"Finados; defuntos; os antepassados; os avoengos.";"jimisa jitatu j'akulu";"";"";""
"";"Akulu";"Advérbio, usado na locução Mu—: a seguir; imediatamente; a eito; in continenti; sem detença.";"u ejila mu akulu";"";"";""
"";"Akuni";"Semeadores; plantadores; os que semeiam ou plantam árvores.";"a jimbutu";"";"";""
"";"Akuxi";"Que número ou que quantidade. | Quantos.";"atu akuxi?";"";"";""
"";"Akuxi";"Que número ou que quantidade. | Quantos.";"atu akuxi";"";"";""
"";"Akwa";"Outros; iguais; do mesmo género; pessoas da mesma categoria ou condição social; companheiros, camaradas.";"u ai ni akua";"";"";""
"";"Akwa";"Akua matui: ouvidores; ouvintes; que têm orelhas.";"akua matui";"";"";""
"";"Akwa";"Akua mbele: criados graves; familiares; feitores; domésticos.";"akua mbele";"";"";""
"";"Akwa";"Akua nhama: indivíduos que se dedicam à caça; que matam e vendem carne de caça; carniceiros.";"akua nhama";"";"";""
"";"Akwa";"Vasta área que compreende a circunscrição civil do Baixo Cunene; terra habitada pelos anhama (os da carne).";"nga tundu ku akuanhama";"";"";""
"";"Akwenu";"Outros (como tu, como vós); vós outros; camaradas; companheiros.";"akuenu ai kiá";"";"";""
"";"Akwenu";"Outros (como tu, como vós); vós outros; camaradas; companheiros.";"akuenu alenge";"";"";""
"";"Akwetu";"Outros (como eu, como nós); nós outros; meus companheiros.";"akuetu êza kiá";"";"";""
"";"Alándi";"Perseguidores | Que vão no encalço de | Que perseguem | Seguidores | Os que seguem alguém ou alguma coisa.";"alándi a manhanhu";"";"";""
"";"Aléle";"Muito alto | Lá em cima | No espaço; no abismo.";"muenhu bualéle";"";"";""
"";"Alongi";"Que carregam barcos ou vagões | Carregadores | Que embarcam gado, géneros e outros artigos | Encarregados de embarque.";"alongi a jingombe";"";"";""
"";"Aluka";"toma cuidado. | Acautela-te | Tem paciência.";"alukaku";"";"";""
"";"Ama";"designativo das coisas que estão presentes ou próximas de quem fala. Estes; estas.";"mahonjo ama m'abólo";"";"";""
"";"Ama";"designativo das coisas que estão presentes ou próximas de quem fala. Estes; estas.";"o makezu' ama ma nzeta";"";"";""
"";"Amb'aniji";"Ora dize; considere; calcula.: ora dize lá, senhor.";"amb'aniji, ngana";"";"";""
"";"Amb'aniji";"Ora dize; considere; calcula.: ora dize lá, senhor.";"amb'aniji ngana";"";"";""
"";"Ambi";"Dizedores; pessoas que dizem com graça e facilidade; motejadores.";"ambi a makutú";"";"";""
"";"Aménu";"Palavra que anuncia o ato de dar.";"aménu, io o mukutu uami";"";"";""
"";"Aménu";"Palavra que anuncia o ato de dar.";"aménu io o mukutu uami";"";"";""
"";"Ami";"Os meus; a minha família; de mim; pertencentes à minha pessoa.";"atu ami abixila kia";"";"";""
"";"Ami";"Os meus; a minha família; de mim; pertencentes à minha pessoa.";"ahêtu ami aquâba";"";"";""
"";"Ami";"Os meus; a minha família; de mim; pertencentes à minha pessoa.";"o ami";"";"";""
"";"Amoxi";"Designa quantidades indeterminadas mas não grandes; alguns, algumas; uns, umas; pequenos elementos ou grupos entre muitos; quaisquer; uns ou outros.";"amoxi azuela, k'axingenek'á";"";"";""
"";"Amoxi";"Designa quantidades indeterminadas mas não grandes; alguns, algumas; uns, umas; pequenos elementos ou grupos entre muitos; quaisquer; uns ou outros.";"amoxi amoxi";"";"";""
"";"Amoxi";"e pron. indef. pl. Outros; diferentes; não estes.";"amoxi alenge";"";"";""
"";"Amukwa";"Quaisquer; uns; certos, certas pessoas.";"amukuá amukuá azuela ki aiba";"";"";""
"";"Ana";"filhas; raparigas; pequenas; moças.";"ana a ahetu";"";"";""
"";"Ana";"adj. poss. pl., meus filhos; meus descendentes | Os meus | A minha família.";"ana'ami";"";"";""
"";"Ana";"— a jingana, sub. pl. Filhos de família | Filhos de algo | Senhores";"ana a jingana";"";"";""
"";"Ana";"filhos; rapazes; mancebos; moços | Serventes | adj. pl. Machos.";"ana a mala";"";"";""
"";"Ana";"a mêsu, sub. pl. Pupilas | Meninas dos olhos.";"ana a mesu atalela ku moxi";"";"";""
"";"Ana";"Aprendizes | Pessoas que aprendem ofício (em relação ao mestre)";"ana a mufunu";"";"";""
"";"Ana";"adj. Estrangeiros a que foram conferidos direitos iguais aos nacionais | Naturalizados.";"ana mu'xi";"";"";""
"";"Ana";"adj. e sub. pl. Menores no período da adolescência | Crianças | Infantes.";"ana a ndenge";"";"";""
"";"Ana";"sub. pl. Carregadores | Moços de fretes.";"ana a ngamba";"";"";""
"";"Ana";"filhos de outra ou outras pessoas ou famílias | Pupilos | Órfãos sob a direção de um ou mais tutores | Noviços.";"ana a ngene";"";"";""
"";"Ana";"Angolanos | Naturais de Angola.";"ana a ngola";"";"";""
"";"Ana";"a ngulu, sub. pl. Leitões | Porcos de menos de um ano.";"ana a ngulu arita xinde rimoxi";"";"";""
"";"Ana";"fig. usurpadores; aventureiros";"ana a ngúndu";"";"";""
"";"Ana";"As duas vísceras secretoras da urina | Rins";"ana a sonhi";"";"";""
"";"Ana";"criancinhas | Recém-nascidos | adj. De tenra idade | Na flor da idade.";"ana a uisu";"";"";""
"";"Ana";"sub. pl. Cidadãos | Filhos da terra em que habitam | Nativos.";"ana xi";"";"";""
"";"Ana";"adj. e sub. pl. Discípulos | Meninos que frequentam a escola | Estudantes | Aprendizes.";"ana a xikola";"";"";""
"";"Aná";"Designa os que estão afastados de quem fala e com quem se fala. Aquelas; aqueles (homens)";"atu aná";"";"";""
"";"Aná";"(pron. demonstr.) Os mesmos; aqueles outros. Serve para indicar as pessoas que não sabemos ou não queremos designar pelo nome: v. g.";"aná, ákola";"";"";""
"";"Anake";"Para exprimir admiração, surpresa.";"enu anake";"";"";""
"";"Ananyi";"Quais; que pessoas (entre outras); quem; cujos.";"ananhi a ki bange";"";"";""
"";"Anda";"Palavra com que se forma o futuro dos verbos; hão-de.";"atu ia anda kufua";"";"";""
"";"Anga";"Conj. que indica alternativa. Ou.";"emeangaeie";"";"";""
"";"Anga";"Apesar de; não obstante; ainda que: o menha,— m'alulu, ngi ma nuá | Todavia.";"eme anga eie";"";"";""
"";"Anga";"Apesar de; não obstante; ainda que: o menha,— m'alulu, ngi ma nuá | Todavia.";"o menha, anga m'alulu, ngi ma nuá";"";"";""
"";"Angene";"Os alheios; os outros.";"atu angene";"";"";""
"";"Anji";"Ainda; desde; por ora.";"anji k'ez'ê";"";"";""
"";"Anji";"Mais; continuamente.";"anji ki atundu";"";"";""
"";"Anji";"Sempre.";"ndê anji, u tale";"";"";""
"";"Anji";"Contrariamente; pelo contrário.";"ki ngi iami, anji ngi vutuka";"";"";""
"";"Anji";"Preposição que indica relação de tempo. Antes de; precedentemente. Ainda não.";"anji kilúua";"";"";""
"";"Anyani";"Roubadores; que roubam; usurpadores; ladrões.";"anhani a jimbiji";"";"";""
"";"Anyi";"Que; quais; quem Que gente.";"enu nu atu anhi ki nu ivilenu akuenu?";"";"";""
"";"Anyi";"Que; quais; quem Que gente.";"enu nu atu anhi ki nu ivilenu akuenu";"";"";""
"";"Anyi";"Cujos.";"ima i anhi ?";"";"";""
"";"Anyi";"Cujos.";"ima i anhi";"";"";""
"";"Ari";"Adultos; superiores; os mais velhos; os parentes de maior idade na família; os superiores, avançados em anos, os nossos maiores.";"ari akine";"";"";""
"";"Ari";"Adultos; superiores; os mais velhos; os parentes de maior idade na família; os superiores, avançados em anos, os nossos maiores.";"ari etu";"";"";""
"";"Asoneki";"Amanuenses; escribas; escreventes.";"asoneki a mikanda";"";"";""
"";"Atéki";"Tintureiros; que exercem a arte de tingir; pessoas que tingem vários artigos.";"atéki a milele";"";"";""
"";"Athu";"Conjunto de pessoas; pessoal; multidão; gente.";"atu ami";"";"";""
"";"Athu";"Bando; troço de homens armados; pessoas; família; nação; povo.";"atu ku bata";"";"";""
"";"Atungi";"Fabricantes; construtores; pessoas que fazem costuras.";"atungi a maxisa";"";"";""
"";"Atungi";"Fabricantes; construtores; pessoas que fazem costuras.";"atungi a jinzo";"";"";""
"";"Aumbi";"Oleiros; pessoas que trabalham em olaria; fabricantes de louça de barro.";"aumbi a jumbia";"";"";""
"";"Avula";"Pode ser que; possivelmente; talvez.";"avula u lenga";"";"";""
"";"Axiki";"Tocadores de música; músicos; tangedores.";"a marimba";"";"";""
"";"Ba";"Abreviatura de ríbia, horta, lavra.";"kala mutu u sonzuela bu ba rie";"";"";""
"";"Baba";"Aqui; cá; neste lugar; neste ponto.";"zá baba";"";"";""
"";"Babá";"Para sempre; de uma vez; eternamente; para não mais voltar.";"udia babá";"";"";""
"";"Babá";"Para sempre; de uma vez; eternamente; para não mais voltar.";"xata babá";"";"";""
"";"Báia";"Tábua; degrau; poleiro, poiso.";"báia rimoxi";"";"";""
"";"Báia";"Tábua; degrau; poleiro, poiso.";"kala sanji ni báia rie";"";"";""
"";"Báia";"Quinta ou musseque nos arredores da cidade de Luanda.";"ng'atuadu ku museke ua báia";"";"";""
"";"Bakule";"Dado em tributo; tributado; oferecido como tributo.";"irima i a u bakule";"";"";""
"";"Balánga";"Aventura; pelourinho.";"katari ka balánga";"";"";""
"";"Balánga";"Que se aventura ou vive de aventuras; aventureiro.";"balánga ri avula minangu";"";"";""
"";"Banze";"Imaginado. Refletido. Pensado. Premeditado.";"kituxi ki a u banze";"";"";""
"";"Bê";"Em que lugar? Onde? Em que parte?";"u angi muena bê ?";"";"";""
"";"Bebényi";"Terreno de pouco pendor onde se cultiva milho, hortaliças, etc.; várzea.";"mu honga ia bebénhi";"";"";""
"";"Bendele";"Interjeição imitativa de um corpo que tomba.";"u eri ngo bendele";"";"";""
"";"Bengebénge";"Especialmente; principalmente; a começar por; essencialmente; em primeiro lugar";"bengebénge io";"";"";""
"";"Bêngi";"Em outro lugar; diferente; em outra parte; em sítio diferente";"o xitu a i bake bêngi";"";"";""
"";"Besá";"Cumprimento; saudação.";"besá ngana";"";"";""
"";"Bhana";"Naquele lugar; ali; naquele sítio; acolá.";"Baná sâi-bu mênha";"";"";""
"";"Bhana";"Além.";"Baná baná";"";"";""
"";"Bhane";"Dado; facultado; entregue; permitido; oferecido.";"kima ki a u bane ki kisoku'ê ni ki a u sumbe";"";"";""
"";"Bhange";"Formado; arranjado; trabalhado. Feito. Executado. Pronto.";"ima ioso a i bánge kia";"";"";""
"";"Bhangulule";"Renovado muitas vezes. Refeito. Rejuvenescido. Tornado novo.";"kima ki a u bangulule";"";"";""
"";"Bhebhi";"Aonde? Em que determinado lugar? Em que parte? Onde?";"poko u aite bêbi";"";"";""
"";"Bhele";"Falto de carnes, descarnado; magro; fraco; deficiente.";"xitu i a bele";"";"";""
"";"Bhene";"(béne)aba: aqui mesmo; neste mesmo lugar; precisamente aqui";"bêneaba";"";"";""
"";"Bhene";"(béne)hando: ali mesmo; naquele mesmo lugar; mesmo acolá";"bênehando";"";"";""
"";"Bhene";"(béne)obo: até aí; nesse mesmo lugar; precisamente aí";"bêneobo";"";"";""
"";"Bhene";"(béne)muene: exatamente, precisamente; nem mais nem menos; sim; aí mesmo. (Mais usado, mas menos correto.)";"bênemuene";"";"";""
"";"Bho";"Conjunção que denota oposição, restrição, diferença; porém; mas; não obstante; apesar disso.";"ngi bane, bo";"";"";""
"";"Bhobho";"Nesse lugar; aí; junto de si; desse lado.";"tula bóbo";"";"";""
"";"Bhobho";"Aí mesmo; nesse mesmo lugar.";"bóbo muene";"";"";""
"";"Bhoso";"No lugar em que; onde; no qual lugar.";"boso bu umu muena, mu kuate";"";"";""
"";"Bhoxi";"No chão.";"xikama bóxi";"";"";""
"";"Bhoxi";"A pé.";"kuendela bóxi";"";"";""
"";"Bhoxi";"Em baixo; abaixo; por baixo.";"bóxi ria ribitu";"";"";""
"";"Bhoxi";"Em situação inferior, de desempregado.";"u ala bóxi";"";"";""
"";"Bhoxi";"Chão; terra.";"bóxi ni bulu";"";"";""
"";"Bhu";"Que indica relação de lugar; em; no lugar de; no; na.";"bu itânda";"";"";""
"";"Bhu";"Que indica relação de lugar; em; no lugar de; no; na.";"bu tâbu";"";"";""
"";"Bhu";"Que indica relação de lugar; em; no lugar de; no; na.";"bu fundu";"";"";""
"";"Bhu";"Naquele lugar; lá.";"ngiia bu";"";"";""
"";"Bhu";"Naquele lugar; lá.";"ndê bu kanga";"";"";""
"";"Bhu";"Em qualquer parte que. (prep. 'bu' com elisão do artigo uniforme 'o')";"o kimbi a ki ambatela bu maku";"";"";""
"";"Bhu";"Em qualquer parte que. (prep. 'bu' com elisão do artigo uniforme 'o')";"o imbâmba i ejila bu mutue ua jingamba";"";"";""
"";"Bhulu";"Em cima; no alto; na parte superior. Abreviatura de búriúlu";"búlu ria'nzo";"";"";""
"";"Bhuta";"desenfestado";"Búta lubongo";"";"";""
"";"Bhwamoxi";"Que não está distante";"bêne buamoxi";"";"";""
"";"Bhwebhi";"Advérbio interrogativo. Em que sítio? Aonde? Em que lugar?";"bu bata riê buêbi?";"";"";""
"";"Bikibiki";"Termo comparativo de um corpo cadente.";"bikibiki tunha";"";"";""
"";"Bilule";"Virado; voltado; invertido; com o avesso para fora.";"kima ki a u bilule";"";"";""
"";"Bóba";"Aqui; neste lugar; cá; neste ponto. Também se diz 'bába'.";"zá bóba";"";"";""
"";"Bonge";"Apanhado; levantado do chão.";"kima ki a u bonge";"";"";""
"";"Bótótó";"Em quantidade.";"sukiri bótótó";"";"";""
"";"Buâma";"Em alguma parte; algures.";"uái buâma";"";"";""
"";"Buâmi";"Do meu";"eie u âri o buâmi";"";"";""
"";"Buâmi";"Em mim; comigo";"ki nu éza o buâmi nu sanguluka";"";"";""
"";"Buâmi";"De mim; de minha parte";"buâmi bu afu kitatu";"";"";""
"";"Buamukua";"No lugar de; no mesmo sítio que";"u âi buamukua";"";"";""
"";"Buê";"Adjetivo e pronome (contração da preposição bua e do pronome pessoal eie). De ti; teu; contigo; pertencente à tua pessoa; do teu.";"ng'ôkatula bu buê";"";"";""
"";"Buê";"Advérbio. À parte; em separado; no seu lugar.";"kala mutu ni buê";"";"";""
"";"Buê";"Interrogativo. Onde? Em que lugar? Quando?";"u angi muene buê?";"";"";""
"";"Buêngi";"Adjetivo. Em outro lugar; em outra parte; em sítio diferente.";"o poko baka-iu buêngi";"";"";""
"";"Buenu";"e pron. (contr. da prep. bua e do pron. pess. pl. enu). Vosso | Pertencente às vossas pessoas | De vós.";"axamuna o buenu";"";"";""
"";"Buenu";"O vosso | O que é vosso | Em vosso lugar | A parte.";"eme ng'ala bu buenu";"";"";""
"";"Buenu";"No vosso próprio lugar. | De vós mesmos.";"buenu enu";"";"";""
"";"Buetu";"(contração da preposição bua e do pronome pessoal plural etu) Nosso | De nós | Connosco | Pertencente às nossas pessoas.";"êza bu buetu";"";"";""
"";"Buetu";"No nosso próprio lugar | Propriamente nosso.";"buetu etu";"";"";""
"";"Buixixi";"advérbio. Muito escuro; muito preto.";"u eri buixixi";"";"";""
"";"Buixixi";"adjetivo. Negro | Que é muito preto | Escuríssimo.";"polo i a mu êri buixixi";"";"";""
"";"Buke";"Abanado.";"bu jiku bu au buke kiá";"";"";""
"";"Bulubulu";"Quase; por um triz; muito próximo de; quase que; não longe de; até; abundantemente; a jorro.";"ng'xile bulubulu ria kufua";"";"";""
"";"Bulubulu";"Quase; por um triz; muito próximo de; quase que; não longe de; até; abundantemente; a jorro.";"masôxi bulubulu";"";"";""
"";"Bulutu";"Este lugar é assim conhecido em razão do cap. António Bruto se haver, no morro sobranceiro ao rio, defendido dos ataques das hostes do soba Ngolome.";"mulundu ua bulutu";"";"";""
"";"Bulutu";"Este lugar é assim conhecido em razão do cap. António Bruto se haver, no morro sobranceiro ao rio, defendido dos ataques das hostes do soba Ngolome.";"bu bulutu";"";"";""
"";"Bunde";"Saqueado; batido; penhorado.";"ima ioso i a u bunde";"";"";""
"";"Bunjike";"Dobrado | Embrulhado.";"kima ki a u bunjike ki auába";"";"";""
"";"Bwa";"Nelas; neles; no seu lugar; na terra deles.";"ndê bua ngánji";"";"";""
"";"Bwa";"Nelas; neles; no seu lugar; na terra deles.";"ng'atundu bua kuaku";"";"";""
"";"Bwa";"Nelas; neles; no seu lugar; na terra deles.";"o jingangula j'aturila bua Nexi";"";"";""
"";"Bwa";"deles mesmo; no seu verdadeiro lugar; com certeza.";"bua ene";"";"";""
"";"Bwí";"interjeição para significar uma coisa excessivamente preta, ou o tempo demasiadamente escuro.";"bu kanga bu êri buí";"";"";""
"";"Di";"Pronome relativo. Que; cujo: o rikole —u ajlba.";"o rikole riu ajlba";"";"";""
"";"Di";"Partícula concordante dos substantivos da IV classe: o ribengu—alenge; o ribaba—ctoloka.";"o ribengurialenge";"";"";""
"";"Di";"Partícula concordante dos substantivos da IV classe: o ribengu—alenge; o ribaba—ctoloka.";"o ribabarictoloka";"";"";""
"";"Dia";"Adjetivo e pronome possessivo plural (classe IV). Delas; deles.";"o rikolomboloriari alenge";"";"";""
"";"Dia";"Preposição. De.";"rilongariamblji";"";"";""
"";"Dia";"Preposição e artigo definido o, a.";"rllengeriakúku";"";"";""
"";"Dia";"pronome possessivo plural. Deles mesmo; verdadeiramente seus.";"riaene";"";"";""
"";"Diáka";"Namoro, namorar.";"kuta riáka";"";"";""
"";"Diâmi";"Contração da preposição ria e do pronome pessoal eme. Meu; minha.";"riiakiriâmiri abólo";"";"";""
"";"Diánda";"Companhia. Grupo de pessoas que convivem.";"ng'atundu ku. riánda";"";"";""
"";"Diánda";"adj. e sub. Natural de Portugal.";"Mukua riánda";"";"";""
"";"Diandu";"Diz-se do nó central que inicia a feitura de um balio.";"kujikita riandu";"";"";""
"";"Diandu";"Colóquio; oaristo.";"Kuta riandu";"";"";""
"";"Dianga";"Cana brava.";"ukambu ua mucnge u angirisa o rianga";"";"";""
"";"Dianga";"Cana brava.";"ukambu ua mucenge u angirisa o rianga";"";"";""
"";"Diânyi";"De que; de qual.";"rikongo riânhi?";"";"";""
"";"Diânyi";"De que; de qual.";"rikongo riânhi";"";"";""
"";"Díba";"Particular; especial; próprio de cada coisa ou pessoa.";"kala mutu ni -rie";"";"";""
"";"Dibaba";"Asa.";"kuzeka kua sanji, mutue mu ribaba";"";"";""
"";"Dibala";"adj. Careca; calvo.";"Mukua ribala";"";"";""
"";"Díbanda";"Pernada.";"u Kaiela o ngénge u sanuka niríbanda";"";"";""
"";"Dibandela";"Bandeira. Partido; fação; irmandade.";"ribandelati'akua lubólo";"";"";""
"";"Dibangela";"O dialeto de Benguela.";"kuzuela";"";"";""
"";"Dibasa";"Derriçar; namorar; caçoar.";"Kutaribasa";"";"";""
"";"Dibâta";"Pessoa pegadiça, que persegue outra com pedidos.";"u naminina kalaribâta";"";"";""
"";"Dibêbe";"Rela.";"u ofu bu ribêbe ria nguári";"";"";""
"";"Dibemba";"Flor (das plantas frutíferas)";"ribemba ria makuude";"";"";""
"";"Diboi";"adj. e sub. Modorrento; apático.";"Mukua riboi";"";"";""
"";"Dibolo";"adj., Incircunciso.";"Mukua ribolo";"";"";""
"";"Dibomo";"adj. Testaçudo.";"Mukua ribomo";"";"";""
"";"Dibongoluelu";"Lugar de reunião.";"bu ribongoluelu ri'alóji";"";"";""
"";"Dibotokelu";"Tarso | Tornozelo.";"muribotokeluria klnama";"";"";""
"";"Dibúba";"Espírito dos ladrões.";"kuxingila ribúba";"";"";""
"";"Dibúbe";"Epidemia; mortandade; peste.";"ribúberia jingulu";"";"";""
"";"Dibúbu";"Punhado; mão cheia.";"ribúbu ria farinha";"";"";""
"";"Dibuílu";"Termo; cabo; fim.";"buribuíluria kizuua";"";"";""
"";"Dibuílu";"Limite abstrato.";"o kubanaa xi kuers'éribuílu";"";"";""
"";"Dibuínyi";"adj. Desdentado; privado de um dente.";"Mukuaribuínhi";"";"";""
"";"Dibuka";"Gorgeta; mata-bicho. Gratificação.";"kujlba ribuka";"";"";""
"";"Díbuku";"Ondatra. Mamífero roedor.";"uênji ua kaxinj'angele ni ríbuku";"";"";""
"";"Dibulubulu";"Iminência; proximidade.";"bu ribulubulu ria kûfua";"";"";""
"";"Dibulungundu";"Torrão; bola. | Pílula";"ribulungundu ria sukiri";"";"";""
"";"Dibutamenu";"Côvo. | Chocadeira.";"bu ributamenu ria sánji";"";"";""
"";"Die";"Seu; sua.";"o rikolombolorieri alenge";"";"";""
"";"Diéle";"— ria sanji.";"riéle ria sanji";"";"";""
"";"Diémbu";"Tribo.";"riémbu ria Ngola Kanini";"";"";""
"";"Diêngi";"Outro; outra; diferente.";"ritemuriêngi";"";"";""
"";"Dienu";"De vós mesmo; propriamente vosso.";"rienu enu";"";"";""
"";"Dietu";"propriamente nosso.";"rietu etu";"";"";""
"";"Difexiri";"Desprezo; desdém.";"kubinga";"";"";""
"";"Difexiri";"Negligência (no vestir); desalinho.";"kuzuatarifexiri";"";"";""
"";"Dîfu";"Folha (de planta)";"rîfu ria mulemba";"";"";""
"";"Difukunukinu";"Lugar da ressurreição.";"burifukunukinu ria Kristu";"";"";""
"";"Difúmbe";"Testemunho; prova.";"kubana rifúmbe";"";"";""
"";"Dihama";"Centena. | Cem.";"rihama ri'atu";"";"";""
"";"Diiala";"Marido (com relação à esposa)";"muhatu ni riiala";"";"";""
"";"Diie";"Planta liliácea (Dracaena parsiflora), de utilidade ornamental.";"riie ria kalunga";"";"";""
"";"Diie";"Antiga povoação a meio caminho de Cassalala ao Dondo, distr. e prov. de Luanda, a 5 quil. a E. do rio Lucala.";"riie na hangu";"";"";""
"";"Dijfa";"Pequeno lago. Poça; charco.";"rijfaria ngandu";"";"";""
"";"Dijí";"Desde. | Depois, a começar de.";"rijí xi afile";"";"";""
"";"Dijibilu";"Matadouro. Lugar de matança.";"rijibiluria jingombe ni jingulu";"";"";""
"";"Díjiku";"Lar; seio da família. Lareira.";"buríjikuria tâta ni môma";"";"";""
"";"Dijínu";"Capricho; brio honesto. Pundonor que indica a cumprir o dever ou mais que o dever.";"mukua ngânji k'eni'ërijínu";"";"";""
"";"Díju";"dente de siso, queixeiro, canino.";"ríjuria hota";"";"";""
"";"Díkala";"Carvão.. | Ascua; brasa.";"ríkala ria njilu";"";"";""
"";"Díkala";"Carvão.. | Ascua; brasa.";"ríkala ria tâbia";"";"";""
"";"Dikânda";"Palma (da mão). | Planta (do pé). | Passo; pegada; marcha; piso. | Cada um dos vários modos de marchar. | Cada um dos diferentes passos de dança.";"rikânda ria ngómbe";"";"";""
"";"Dikânda";"Palma (da mão). | Planta (do pé). | Passo; pegada; marcha; piso. | Cada um dos vários modos de marchar. | Cada um dos diferentes passos de dança.";"rikânda ria mbámbi";"";"";""
"";"Dikanga";"Longe. | O ponto mais alto, distante ou profundo. | A vastidão das águas; o mar largo. | Campo; lugar de luta. | Audiência; julgamento.";"u ala r'kanga";"";"";""
"";"Dikanga";"Longe. | O ponto mais alto, distante ou profundo. | A vastidão das águas; o mar largo. | Campo; lugar de luta. | Audiência; julgamento.";"mur'kangaria kalunga";"";"";""
"";"Dikanga";"Longe. | O ponto mais alto, distante ou profundo. | A vastidão das águas; o mar largo. | Campo; lugar de luta. | Audiência; julgamento.";"r'kanga ria maka";"";"";""
"";"Dikanya";"Folha de tabaco. | Ato de não fazer tentos ou vasa (no jogo). | Perdimento; derrota.";"kubana rikanha";"";"";""
"";"Dikanya";"Folha de tabaco. | Ato de não fazer tentos ou vasa (no jogo). | Perdimento; derrota.";"rikanha ria mbuânza";"";"";""
"";"Dikau";"Pequena cabaça em que se bebe o mbulungu.";"rikau ria maluvu";"";"";""
"";"Dikáza";"Casado.";"rilala riarikáza; muhatu uarikáza";"";"";""
"";"Dikélu";"Amuada; beira.";"ku-ria muíji";"";"";""
"";"Dikende";"Bola.";"rikende ria mukanha";"";"";""
"";"Díkoka";"adj. Demorado; moroso.";"Mukua ríkoka";"";"";""
"";"Dikolekólo";"Cachaço.";"rikolekólo ria xingu";"";"";""
"";"Dikoleksolo";"Cachaço.";"rikoleksolo ria xingu";"";"";""
"";"Dikólo";"Declive; ladeira; encosta.";"ria mulundu";"";"";""
"";"Dikolombolo";"Galo (ave) | Catavento (em figura de galo)";"rikolombolo ria sánji";"";"";""
"";"Dikómbo";"Caseiro; trabalhador rural; lavrador.";"rikómbo ria kurima";"";"";""
"";"Dikómbo";"Capataz; condutor de negociadores.";"rikómbo ria uênji";"";"";""
"";"Dikóndo";"Alocasia (Aloe Baumii), de folhas comestíveis.";"rikóndo ria ndóngo";"";"";""
"";"Dikongo";"Débito; dívida.";"kuzuúela rikongo";"";"";""
"";"Dikoua";"Pigmento; cutis; ria mundombe. A cor do rosto; tez.";"rikoua ria ngongolo";"";"";""
"";"Dikoua";"Pigmento; cutis; ria mundombe. A cor do rosto; tez.";"rikoua ria mundombe";"";"";""
"";"Dikovo";"S lads. Umbigo mui saliente, maior que o.";"tumbu";"";"";""
"";"Dikuatenenu";"O que serve de esteio, proteção ou apoio. Garantia; segurança. Escora; amparo.";"ria'nzo";"";"";""
"";"Dikuinyi";"Dezena; dez. O número 10.";"rikuinhiri'atu";"";"";""
"";"Dikuinyi";"Dezena; dez. O número 10.";"rikuinhi ri'atu";"";"";""
"";"Díkulu";"O espírito de um antepassado";"ríkuluria mutji";"";"";""
"";"Díkulu";"O espírito de um antepassado";"ríkulu ria mutji";"";"";""
"";"Dikulusu";"a corda de espinhos que engrinalda a cruz. fig. Sofrimento; martírio.";"rikulusu ria munjenji";"";"";""
"";"Dikumba";"Trago; gole: u aminha — | Liquido que se engole de uma vez. | fig. Embatucamento";"u aminha rikumba";"";"";""
"";"Díkumba";"Cadeado; ferrolhos; fechadura.";"ria muxima sabi ngana le";"";"";""
"";"Dikúmbu";"Ganso.";"rikúmbu kumbu";"";"";""
"";"Dilámba";"Aflição; dessossego. Nostalgia; tristeza.";"rilámba ri a mu tula";"";"";""
"";"Dileku";"Traquinas; saliente; endiabrado.";"Kamona Karileku";"";"";""
"";"Dilémba";"Fiador.";"rilémba rta xíluxi";"";"";""
"";"Dilôlo";"Anona cuneata, comestível.";"rilôlombulu";"";"";""
"";"Dilonga";"Bacia.";"rilonga ria menha'a polo";"";"";""
"";"Dilonga";"Alguidar; bacio.";"rilonga ria menh'a boxi";"";"";""
"";"Dima";"Morcego. fig. Noetivago. Pessoa de dormida incerta.";"rima ndondo";"";"";""
"";"Dima";"Atrás. Depois de; verso.";"kurimaria mulundu";"";"";""
"";"Dima";"adj. Atrasado; ulterior.";"Mukuarima";"";"";""
"";"Dimatekenu";"O princípio; as primeiras épocas. Cousa principal; origem. Prefácio; exórdio.";"murimatekenurla'xi ni mávu";"";"";""
"";"Dimatekenu";"O princípio; as primeiras épocas. Cousa principal; origem. Prefácio; exórdio.";"Nsàmbi muene orimatekenuria loso";"";"";""
"";"Dimatekenu";"O princípio; as primeiras épocas. Cousa principal; origem. Prefácio; exórdio.";"rimatekenuria maka";"";"";""
"";"Dímba";"Função; sarilho. Instrumento músico; o seu som fig. Confusão; sarafusca; desordem.";"u ala murímba";"";"";""
"";"Dimbinza";"[IV] O vácuo; o nada. O espaço (entre os corpos celestes)";"u ala murimbinza";"";"";""
"";"Dímbu";"adj. Que está ou anda envolvido na lama. Sujo.";"rímbu rímbu uendelu ua nguingi";"";"";""
"";"Dimi";"Língua.";"o rimi u atunga bu'axaxi ka máju";"";"";""
"";"Dimi";"adj. Maldizente; linguarudo. | Delator.";"Mukua rimi";"";"";""
"";"Dimoxi";"Um; unidade; unidade.";"rlie rimoxi";"";"";""
"";"Diná";"Aquela; aquele | Outro; diverso.";"rikolombolo riná ri akuka";"";"";""
"";"Dínda";"Fúria, furor.";"rínda ria undanda";"";"";""
"";"Dinga";"Espaço compreendido entre dois pontos; extremidade.";"u ala mu ringa ni ringa";"";"";""
"";"Dingi";"Mais; novamente; ainda; em maior grau.";"u za ringi";"";"";""
"";"Dingola";"De Angola; língua falada pelos angolenses.";"kuzuela ringola";"";"";""
"";"Dinuinu";"Bebedouro. Lugar onde se bebe.";"burinuinuria jpaxasa";"";"";""
"";"Dinyama";"Planura. Estado de plano.";"rinhama ria katunga";"";"";""
"";"Dinyányu";"Pegada. Passada; rasto.";"riota bu utokuarinhánhuni ri ku moneke";"";"";""
"";"Dióbe";"Jogar.";"Kutarióbe";"";"";""
"";"Dióbe";"palavra com que se forma o futuro dos verbos. Há-de.";"o riémberióbekutuka";"";"";""
"";"Diório";"Esse; essa.";"o rítaririóriori asanduka";"";"";""
"";"Dioso";"(IV) Inteiro; completo. Todo; toda.";"o rinhanguariosori abólo";"";"";""
"";"Dióue";"Passatempo entre duas pessoas das quais uma ganha e outra perde.";"kutonokarióue";"";"";""
"";"Dirilu";"Comedouro.";"bengu k'ajimb'ê bu rie";"";"";""
"";"Disakela";"Lugar onde se pratica adivinhação.";"ki a u bone bu tambi, a ki vuluila bu risakela";"";"";""
"";"Disanga";"Repugnância; nojo.";"Mukuarisanga";"";"";""
"";"Disânga";"Cântaro. Vaso de barro de boca larga.";"risânga ria menha";"";"";""
"";"Dise";"Nojo. Cheiro repugnante de louça mal lavada ou reveladora de falta de asseio.";"kunnua rise";"";"";""
"";"Dísese";"Misto de altivez e desdém. Suposta superioridade.";"Mukuarísese";"";"";""
"";"Disokolo";"Espingarda de pederneira. A própria pederneira.";"uta uarisokolo";"";"";""
"";"Disolongo";"Mata virgem | Selva; matagal. Longes paragens de mata fechada.";"murisolongoria muxitu, mu atunga o hoje n'ngo";"";"";""
"";"Disukilu";"Termo; fim (no tempo ou no espaço). | Alvo; meta | Consumação | Limite.";"risukiluria inuenhu";"";"";""
"";"Disukilu";"Termo; fim (no tempo ou no espaço). | Alvo; meta | Consumação | Limite.";"risukiluria njila";"";"";""
"";"Disukilu";"Termo; fim (no tempo ou no espaço). | Alvo; meta | Consumação | Limite.";"kurisukiluria mâvu";"";"";""
"";"Disukuilu";"Lavadouro. | Lavatório | Lugar onde se lava.";"risukuiluria polo";"";"";""
"";"Disunge";"Película que se forma por baixo da língua das aves e que as impossibilita de comer e beber.";"sanji i ala ni risunge";"";"";""
"";"Ditabu";"Porto; desembarcadouro.";"ulungu u akuaka buritabu";"";"";""
"";"Ditakanenu";"Encruzilhada. | Ponto onde duas linhas se encontram.";"bu ria njila";"";"";""
"";"Ditakanenu";"Ribanceira.";"ritakanenuria Nzenza ni kulungu";"";"";""
"";"Ditakanu";"Encontro";"ritakanu riu mâma Maria ni mon'ê";"";"";""
"";"Ditala";"A parte alta de uma cidade";"ritala ndongo";"";"";""
"";"Ditamua";"Magia que consiste em converter em ódio a amizade entre duas pessoas; em discórdia a harmonia; em desordem a graça, o bem-estar.";"kutaritamua";"";"";""
"";"Ditamua";"Resultado das forças ocultas que tendem a afastar ou confundir grupos ou pessoas.";"kuxitaritamua";"";"";""
"";"Ditânga";"Planta cucurbitácea (Adenopus breviflorus), de propriedades medicinais em casos de giba e reumatismo.";"ritângasêse";"";"";""
"";"Ditéle";"Vestimenta que se põe por cima da camisa. Casaco curto sem mangas. Colete.";"ritéleria jihondo";"";"";""
"";"Ditéle";"Vestimenta que se põe por cima da camisa. Casaco curto sem mangas. Colete.";"ritéleria mabéla";"";"";""
"";"Dítelu";"Forma, modo ou maneira de dizer ou pôr. Uso; costume. Proposição; argumento.";"ríteluria sábu";"";"";""
"";"Dítelu";"Forma, modo ou maneira de dizer ou pôr. Uso; costume. Proposição; argumento.";"ríteluria maka";"";"";""
"";"Diténde";"Sardão; réptil sáurio das pedras.";"riténdekumbua-kumbua";"";"";""
"";"Ditokua";"Cerimónia da limpeza da casa mortuária ao oitavo ou último dia do falecimento de alguém.";"kukombaritokua";"";"";""
"";"Ditonokenu";"Brinquedo.";"xisanda kia ngánduritonokenuri'an'a ndênge";"";"";""
"";"Dituba";"Bolsa cutânea dos testículos.";"ria mbúri";"";"";""
"";"Dítui";"Asa; alça de alcofa, ceirão, etc.";"Reint'âodia rítui ria mulele";"";"";""
"";"Dítui";"A parte saliente de uma panela ou peça cerâmica.";"ria'mbia";"";"";""
"";"Dítui";"Planta fam. das malváceas, de propriedades medicinais.";"rítui ria mbuiji";"";"";""
"";"Dítui";"Planta medicinal, cujas folhas se empregam na cura das otites.";"rítui ria hima";"";"";""
"";"Ditúku";"Cotovelo; volta; desvio de rio.";"ria muiji";"";"";""
"";"Ditute";"adj. Eczematoso; elefantíaco.";"Mukua ritute";"";"";""
"";"Divúmu";"secundinas.";"Jingoji ja rivúmu";"";"";""
"";"Divunzu";"Turbação; balburdia | Agitação (de líquido). Fig. Confusão; desordem.";"kubanga rivunzu";"";"";""
"";"Divuua";"Revés; infelicidade; desgraça.";"rivuuari akinga ngana le";"";"";""
"";"Dixá";"Opinião; parecer. Intervenção que se tem em conversa, discussão ou assunto. Voto.";"hubana rixámu maka ma ngene";"";"";""
"";"Dixi'";"Fumo. Fumaça. Evaporação da água.";"ra makanha";"";"";""
"";"Dixi'";"Fumo. Fumaça. Evaporação da água.";"ria k'xibu";"";"";""
"";"Dixongo";"adj. Sarcástico; ímpio; irónico.";"Mukua rixongo";"";"";""
"";"Dizaku";"Reservatório | Tanque.";"rizaku ria menha";"";"";""
"";"Dizalala";"Escolopendra; nginga mukua musóngo, — mukua njángu.";"nginga mnkua musóngo, rizalala mukua njángu";"";"";""
"";"Dizanji";"Eira.";"burizanjiria makunde";"";"";""
"";"Dizanji";"Eira.";"bu rizanji ria makunde";"";"";""
"";"Dizembu";"Repugnância para com alguém ou alguma coisa.";"xutambula rizembu";"";"";""
"";"Dizubilu";"Acabamento-conclusão; remate. | Ponta; cabo. | Finalidade.";"rizubiluria'xi";"";"";""
"";"Dizui";"Intimação; ordem.";"Kula irizui";"";"";""
"";"Dizuikilu";"Pedra ou lugar onde se amolam navalhas.";"burizuikiluria jinjangu";"";"";""
"";"Dizula";"Diz-se do pano ou vestido que arrasta aos pés. O mesmo que rindonga.";"u azuata rizula";"";"";""
"";"Dízúlu";"Tubo; cano das armas de fogo. | Canudo.";"rízúluria uta";"";"";""
"";"Dizúmba";"Cheiro; aroma. | Faro. Fedor. | fig. Reputação. | Fama.";"mutu ua rizúmba";"";"";""
"";"Dizúmba";"adj. Que tem cheiro.";"Mukuarizúmba";"";"";""
"";"Dizungu";"Buraco. | Furo.";"u alengela burizunguria ngulu";"";"";""
"";"E";"da pessoa dele; pertencente à sua pessoa";"o io mukaj' e";"";"";""
"";"E";"da pessoa dele; pertencente à sua pessoa";"mon' e u abiti";"";"";""
"";"Ê";"de vós; das vossas pessoas";"o ia atu ê";"";"";""
"";"Ê";"pertencente às vossas pessoas";"abik' ê alenge";"";"";""
"";"Ê";"pertencente às vossas pessoas";"an' ê abiti";"";"";""
"";"Ebhi";"pronome interrogativo plural (classe I): quais?; que pessoas (entre outras)?";"atu ëbi?";"";"";""
"";"Ebhi";"adjetivo interrogativo, servindo para determinar pessoas entre várias";"mu karianda k'enu ëbi ala-mu ni mabuinhi?";"";"";""
"";"Ëbu";"substantivo plural (classe I): sobrinhas; sobrinhos; filhas de irmão ou irmã";"ëbu âmi";"";"";""
"";"Ëbu";"( ) sobrinhos de maior idade.";"ëbu a kimi";"";"";""
"";"Éi";"pronome demonstrativo plural: estes, estas";"im' éi ta ukulu";"";"";""
"";"Êi";"ladrões";"êi a jihombo";"";"";""
"";"Eje";"palavra equivalente ao sufixo '-ia' dos verbos portugueses (morreria; acabaria); é frequente substituir-se por 'ozo' ( )";"eje kufua";"";"";""
"";"Eje";"palavra equivalente ao sufixo '-ia' dos verbos portugueses (morreria; acabaria); é frequente substituir-se por 'ozo' ( )";"eje kuzuba";"";"";""
"";"Eje";"palavra equivalente ao sufixo '-ia' dos verbos portugueses (morreria; acabaria); é frequente substituir-se por 'ozo' ( )";"ozo-fua; ozo-zuba";"";"";""
"";"Eji";"pronome demonstrativo plural (classe IX): estas; estes";"jihombo eji janete";"";"";""
"";"Eki";"pronome demonstrativo da coisa que está presente; este; esta";"o kind'ekiki akuka";"";"";""
"";"Eki";"pronome demonstrativo da coisa que está presente; este; esta";"o kiial'ekiki afu";"";"";""
"";"Eki";"sufixo pronominal dos substantivos e advérbios";"talela o kimbamb' eki";"";"";""
"";"Eki";"agora mesmo; neste instante";"kindaleki ng'azuba";"";"";""
"";"Eki";"conjunção: no momento em que; quando";"eki úia, u zuela";"";"";""
"";"Eki";"em vista disto; enquanto";"eki ba";"";"";""
"";"Élu";"Unhas de fome (avarento).";"o ia élu ki k'ab'á kima";"";"";""
"";"Éme";"pronome pessoal: a minha pessoa; eu.";"eie n' éme tu jipange";"";"";""
"";"Éme";"interjeição: presente! aqui estou! eis-me aqui!";"Éme'o";"";"";""
"";"Êne";"pronome pessoal plural: eles; elas; as pessoas.";"êne alenge";"";"";""
"";"Êne";"Êneá, adjetivo e pronome demonstrativo plural (contração do pronome pessoal ene e do adjetivo iá), designativo das pessoas próximas: 1.º da que fala; 2.º da pessoa com quem se fala; 3.º da pessoa de quem se fala ou distante das que falam.";"alu ê êne á";"";"";""
"";"Êne";"Êneá, adjetivo e pronome demonstrativo plural (contração do pronome pessoal ene e do adjetivo iá), designativo das pessoas próximas: 1.º da que fala; 2.º da pessoa com quem se fala; 3.º da pessoa de quem se fala ou distante das que falam.";"akongo enu êne 'ó";"";"";""
"";"Êne";"Êneá, adjetivo e pronome demonstrativo plural (contração do pronome pessoal ene e do adjetivo iá), designativo das pessoas próximas: 1.º da que fala; 2.º da pessoa com quem se fala; 3.º da pessoa de quem se fala ou distante das que falam.";"abik'enu êne 'aná";"";"";""
"";"Êne";"Êne muene, adjetivo e pronome pessoal: eles próprios; certamente, mesmo eles.";"êne muene abange kiki";"";"";""
"";"Êngi";"adjetivo plural: outras; outros; diferentes; não os mesmos; alheios.";"alu êngi";"";"";""
"";"Énu";"pronome pessoal da 2.ª pessoa do plural, sujeito e complemento indireto: Vós";"énu nu azuba";"";"";""
"";"Énu";"adjetivo pessoal do plural da 2.ª pessoa, empregado para falar de várias pessoas: Vós";"énu amoxi";"";"";""
"";"Énu";"adjetivo e pronome pessoal para designar pessoas do mesmo grupo, profissão ou qualidade daquela com quem se fala";"énu muêne";"";"";""
"";"Énu";"adjetivo e pronome possessivo, usado quando precedido da conjunção 'ni': Vosco; de vós";"uêza ni énu";"";"";""
"";"Énu";"adjetivo e pronome possessivo, usado quando precedido da conjunção 'ni': Vosco; de vós";"atu énu";"";"";""
"";"Énu";"Pertencentes às pessoas com quem se fala";"abik' énu";"";"";""
"";"Éri";"pronome demonstrativo da coisa que está presente. Esta, este";"o rilong' éri ri aburika";"";"";""
"";"Éri";"advérbio. Forma antiga de 'hoje': Atualmente | Hoje em dia | Presentemente | Na presente época";"lelu éri";"";"";""
"";"Ethu";"pronome pessoal plural: nós";"etu tu banga";"";"";""
"";"Ethu";"a nós; pertencente às nossas pessoas";"mon' etu";"";"";""
"";"Ethu";"das pessoas que falam";"alaul' etu";"";"";""
"";"Ethu";"adjetivo e pronome possessivo plural absoluto: nosso, nossa; das nossas pessoas";"akaj' etu";"";"";""
"";"Ethu";"adjetivo e pronome pessoal designativo de pessoas da mesma qualidade, grupo ou profissão daquela que fala";"etu muéne";"";"";""
"";"Eue";"ora seja; está bem";"eue ke";"";"";""
"";"Euê";"interjeição de surpresa, de mofa: ora!; vejam lá!";"euê, tal'enu'ê!";"";"";""
"";"Eye";"pronome pessoal da 2.ª pessoa do singular: tu; tua pessoa";"éie ni muene";"";"";""
"";"Eye";"interjeição de aborrecimento, de enfado";"éie ! ngambule !";"";"";""
"";"Eye";"( ) advérbio e pronome pessoal: tu mesmo; a tua pessoa, não outra; propriamente tu.";"éie muene";"";"";""
"";"Féle";"advérbio: por um triz; quase; milagrosamente; com pequena diferença";"ku a mu kambele féle uozo fua";"";"";""
"";"Féle";"(reduplicado) muito lentamente; a pouco e pouco; coisa de nada, de diminuto valor";"féle féle";"";"";""
"";"Fenda";"senhora de distinção; dama; mulher bonita, descendente de família nobre; mulher de alta hierarquia; princesa; fada";"fenda Maria";"";"";""
"";"Fetu";"Título honorífico correspondente a 'dom'.";"Fetu Nzuá";"";"";""
"";"Fickoso";"Chasco; arrelia; zanga, contrariedade; (figurado) trapalhice; importunação; maçada.";"kubanga fickoso";"";"";""
"";"Fickoto";"Muito sujo; sujamente; sem nenhuma limpeza; porcamente.";"u eza fickoto";"";"";""
"";"Fiialu";"Kuta fiialu: apostar.";"kuta fiialu";"";"";""
"";"Fimba";"Ato de mergulhar ou de meter-se debaixo de água; mergulho.";"fimba ia nzôue";"";"";""
"";"Fimba";"Kuta fimba (): ir ao fundo de água; mergulhar; meter-se ou nadar debaixo de água.";"kuta fimba";"";"";""
"";"Fixi";"Ponto onde começa uma corrente de água; nascente; fonte; bacia ou nascente de rio; cisterna; aurícula; (figurado) origem.";"bu fixi bu tunda o ngiji";"";"";""
"";"Fôbia";"Brando, lasso; mole; sem forças; enfraquecido; derreado.";"u ala fôbia";"";"";""
"";"Fólo";"(do português) Que teve alforria; forro; liberto; que tem liberdade.";"fólo mbemba, mubik'a mundele riabu";"";"";""
"";"Fúba";"Pó proveniente da trituração ou moagem de um cereal, raiz farinácea ou legume seco; farinha; a fécula da mandioca com que se manipula o funji; amido.";"fúba ia masa";"";"";""
"";"Fúba";"farinha feita de makoka; farinha de mandioca escura mal preparada.";"fúba ia kabari";"";"";""
"";"Fúba";"farinha escura feita de batata doce seca ao sol; farinha de grande crescimento ao ser manipulada; farinha de inferior qualidade.";"fúba ia kandumba";"";"";""
"";"Fúba";"farinha de milho; milho moído, peneirado e reduzido a pó.";"fúba ia kindele";"";"";""
"";"Fúba";"farinha feita da fécula da mandioca reduzida a pó; bombó seco e reduzido a pó branco, fino; goma.";"fúba ia mbombo";"";"";""
"";"Fujúta";"Restos que ficam no solo depois de tirar o lixo ou estrume ali amontoado; raspalhas; fig.: bagatela, coisas de nenhum valor; pó.";"fujúta ia iangu";"";"";""
"";"Fujutila";"Cisco; poeira; pó; o que se não aproveita; estado particular de uma substância reduzida a pequeníssimas partículas; borralho; restos.";"fujutila ia makanha";"";"";""
"";"Fúka";"cambalhota.";"fúka imbololo";"";"";""
"";"Fuku";"numeral: dez vezes mil; dez mil.";"fuku ia'tu";"";"";""
"";"Fuku";": o número 10.000; fig.: o mês das mulheres; menstruo.";"fuku jiari";"";"";""
"";"Fuku";": o número 10.000; fig.: o mês das mulheres; menstruo.";"u ala mu fuku";"";"";""
"";"Fúla";"Fúla mbombo: animal caracterizado por dois escudos ósseos que lhe cobrem todo o corpo; cágado; tartaruga pequena (veja-se mbaxi).";"fúla mbombo";"";"";""
"";"Fúla";"Fúla ria kibetu: diz-se da pessoa (geralmente serviçal) escolhida pelo patrão para aplicar castigos corporais aos outros seus companheiros; (fig.) martirizador.";"fúla ria kibetu";"";"";""
"";"Fúlu";"Leito e seus pertences; cama; nome genérico de tudo sobre que o homem ou animal se deita para dormir (veja-se kiriri).";"bu fúlu";"";"";""
"";"Fuma";"Lustre proveniente de ações insignes ou de qualidades excecionais; aura; glória; fama.";"mutu ufua, fuma ixala";"";"";""
"";"Fuma";"Reputação ou apreciação favorável a uma pessoa; renome.";"fuma kota, mbongo ndenge";"";"";""
"";"Fúmbe";"Diz-se de certa espécie de dendém com pequeno caroço.";"ndênde ia fúmbe";"";"";""
"";"Fundanga";"Substância explosiva para as armas de fogo; pólvora.";"o túbia tu arizemba ni fundanga";"";"";""
"";"Fundanga";"Substância explosiva para as armas de fogo; pólvora.";"mbónge ia fundanga";"";"";""
"";"Fúndu";"Acampamento; pousada; lugar onde os viajantes pernoitam; cabana; barraca de campo; caseta; sinal ou lugar onde pára a carreira; alvo; limite.";"bu fúndu";"";"";""
"";"Fundungulu";"Vegetação criptogâmica parasita originada pela humidade; bolor; mofo; bafio.";"o xitui i akuata fundungulu";"";"";""
"";"Fúne";"Diz-se de certa espécie de «dendém» (dendê) sem caroço.";"ndende ia fúne";"";"";""
"";"Fungululu";"Ato e efeito de vasculhejar (agitar um líquido), misturar, agitar; vasculhejo; o movimento de agitar; o que se mistura; mistura.";"kubanga fungululu";"";"";""
"";"Funza";"Fumo espesso; fumaça; fumarada; fumaça em casos de doença; qualquer substância reduzida a grande tenuidade; pó; rapé.";"funza ia máfu";"";"";""
"";"Funza";"Fumo espesso; fumaça; fumarada; fumaça em casos de doença; qualquer substância reduzida a grande tenuidade; pó; rapé.";"funza ia makanha";"";"";""
"";"Fútu";"Ato e efeito de pagar; satisfação de dívida; pagamento; estipêndio; salário; quitação; paga; custo; preço por que se paga.";"kutambula, fútu";"";"";""
"";"Hâ";"No caso de; se; dada a circunstância de | Se porventura | Se acaso.";"hâ k'ezê, eie u kinga";"";"";""
"";"Habu";"Licencioso; devasso; libertino | Que tem vício | Meretriz | Que vive na crápula, na libertinagem.";"habu ia mala";"";"";""
"";"Hafi";"Remo. a parte chata do remo | Pá.";"Mbengu ia, hafi";"";"";""
"";"Hafi";"Remo. a parte chata do remo | Pá.";"hafi a parte chata do remo";"";"";""
"";"Haka";"Jamais | Nunca | Em tempo nenhum | Vez nenhuma.";"haka, k'ibiti'ê";"";"";""
"";"Haka";"de se fazer obedecer: o | Faculdade | Poder.";"muri'a kimi ukala ni–ia kutumina";"";"";""
"";"Háki";"sub. (IX) Sabor acre ou adstringente | Travor | Amargor.";"kiringu ki ala háki";"";"";""
"";"Háki";"Travento; de sabor acre, seco | Desagradável ao paladar, de mau gosto | Que tem sabor adstringente.";"ku ki'ria mbômbo; ku ki lokolaháki";"";"";""
"";"Hala";"Cetáceo macruro | Lagosta | Lagostim";"hala ia munongono";"";"";""
"";"Hama";"(IX) Número imediato a noventa e nove | Cem; centésimo; cento.";"hama ri'atu";"";"";""
"";"Hama";"Muitos?";"kima kimoxi ki bingahama ria maku";"";"";""
"";"Hama";"adj. num. card. Duas vezes cem | Duzentos | Dois centos.";"hama juari";"";"";""
"";"Hama";"oito vezes | Oitocentos | Cem.";"hama nake";"";"";""
"";"Hama";"oito vezes | Oitocentos | Cem.";"hama ria sanji";"";"";""
"";"Hamba";"Distância que, (no tempo ou no espaço) medeia entre duas cousas. | Intervalo | Interregno | Estiagem.";"boba bu ala hamba";"";"";""
"";"Hambu";"Bálsamo.";"hambu ia mubafu";"";"";""
"";"Hamene";"forma antiga de kimene, manhã";"muhamene";"";"";""
"";"Hánda";"Depois que.";"hánda ku âki";"";"";""
"";"Hanga";"Pintada, ki i tuka, sanji i xala.";"u sumba o hanga u sumba ni sanji";"";"";""
"";"Hangala";"Insulso, insípido; destemperado.";"kúria kua hangala";"";"";""
"";"Hangala";"Simples.";"u azuata hangala";"";"";""
"";"Hanji";"Desejo; querer; vontade. Exemplo. Apetite; gana; fome. Desejo de satisfazer um gozo. Sofreguidão. Ânsia. fig. Má vontade (a alguém)";"hanji ia muenge i a ngi rîsa o rianga";"";"";""
"";"Hanji";"Desejo; querer; vontade. Exemplo. Apetite; gana; fome. Desejo de satisfazer um gozo. Sofreguidão. Ânsia. fig. Má vontade (a alguém)";"ng'a mu kuatela hanji";"";"";""
"";"Hanu";"Acaso; porventura. Exemplo Talvez.";"hà ng'akuxokele musongo, hanu eie ki ku afile?";"";"";""
"";"Hari";"Tribulação; tormento; aflição; dor; padecimento. Sofrimento; infelicidade; desgraça. Tudo que é oposto ao bem. Trabalhos penosos. Esterco; sujidade. Imundície.";"nga mono hari";"";"";""
"";"Hari";"Tribulação; tormento; aflição; dor; padecimento. Sofrimento; infelicidade; desgraça. Tudo que é oposto ao bem. Trabalhos penosos. Esterco; sujidade. Imundície.";"hari ta'mbua";"";"";""
"";"Hâria";"O tempo que há de vir; o porvir; futuro. O resto da vida.";"ku hâria u akala nvuama";"";"";""
"";"Hâria";"Vindouro; a posteridade. As gerações futuras. fig. Destino.";"ákua hâria";"";"";""
"";"Hása";"Esconjuro; exorcismo. Promessa solene; jura; voto. O objeto que representa a promessa. Obrigação contraída moralmente por promessa feita à divindade ou a seres sobrenaturais.";"kuta hása";"";"";""
"";"Hása";"Esconjuro; exorcismo. Promessa solene; jura; voto. O objeto que representa a promessa. Obrigação contraída moralmente por promessa feita à divindade ou a seres sobrenaturais.";"o hása iami ii";"";"";""
"";"Hása";"Albino; abaçanado. Assá.";"ngongo ni hása";"";"";""
"";"Hatu";"Simples; sem acompanhamento ou conduto. Sem adornos nem enfeites. Desacompanhado, seco.";"mbiji ia hatu";"";"";""
"";"Hê";"No caso de; Se | Se porventura.";"hê ki ku arimuk'é, u ku jiba";"";"";""
"";"Hêle";"Inquietação de espírito que hesita em obrar receando que o ato não seja lícito; Escrúpulo; Suscetibilidade; Hesitação; Receio; Falta de decisão, de convencimento; Timidez; cobardia; Ação própria de medroso, de cobarde.";"ng'ala ni hêle ia kuzuela ngó";"";"";""
"";"Hêle";"adj. Receoso; Timorato; Cobarde.";"Mukua hêle";"";"";""
"";"Henda";"Compaixão solícita pela desgraça ou males alheios, que sentimos como nossos. Misericórdia; devoção; piedade.";"a mu kuatela henda";"";"";""
"";"Henda";"Comiseração; clemência; lástima; pena; Compaixão; dó.";"u bana henda";"";"";""
"";"Henda";"Sentimento que nos induz a obter ou a conservar a pessoa ou a cousa que nos agrada sobremaneira; Paixão; amor; Afeição ilimitada; Desejo veemente de conviver com outrem.";"o henda ia mama ki iení'é ribuilu";"";"";""
"";"Henda";"Graça; perdão; favor; Dom de pessoa graciosa; afabilidade; afectuosidade; agrado.";"tu azeelemu henda ia Nzambi";"";"";""
"";"Henda";"Graça; perdão; favor; Dom de pessoa graciosa; afabilidade; afectuosidade; agrado.";"a ngi tambulula ni henda ioso";"";"";""
"";"Henda";"adj. Clemente | Misericordioso | Compassivo | Que tem piedade, carinhoso. | Devotado | Saudoso | Que sente, ou dá mostras ou inspira saudade.";"Mukua henda";"";"";""
"";"Hengele";"Narração alegórica que envolve algum preceito moral ou alguma verdade importante | Parábola: —, —; ndunge, ndunge, ndunge ia ukou'a-kime | Alegoria.";"hengele ia mukaj'a mona";"";"";""
"";"Hengele";"Narração alegórica que envolve algum preceito moral ou alguma verdade importante | Parábola: —, —; ndunge, ndunge, ndunge ia ukou'a-kime | Alegoria.";"hengele u i tela njimu kioua n'abukujuke ngo";"";"";""
"";"Hete";"Que executa uma coisa com perfeição | Hábil; inteligente; habilidoso | Destro | Engenhoso | Asseado.";"o hete ia maka ngánga ia ifofo";"";"";""
"";"Hete";"Pessoa que trabalha bem, com gosto | O que faz coisas bonitas.";"hete k'avual'ê hete, masa mu inganja m'avuala utumbu";"";"";""
"";"Hima";"Nome genérico dos mamíferos quadrúmanos | Macaco | Mamífero quadrúmano da ordem dos primatas | Símio.";"o hima k'atabel'ê ku mukila ue";"";"";""
"";"Hinji";"Ação e efeito de rodear, de volver | Movimento em torno; rodeio; giro | Volta em roda de | Volteio; volteadura | Cada uma das curvas de um espiral.";"kalanga k'atê hinji kungu rie ri a mu zukama";"";"";""
"";"Hinji";"e intr. Voltear; girar; volver | Dar volta a | Agitar-se à roda de | Ir de volta | Circular.";"Kuta hinji";"";"";""
"";"Hinu";"Mais tarde; depois | Em seguida; em tempo posterior.";"ndê hinu uiza";"";"";""
"";"Hinu";"Quando | No momento em que | Nesse ou em tal caso.";"eie, hinu ki u vutuka...";"";"";""
"";"Hinu";"Quando | No momento em que | Nesse ou em tal caso.";"o menha ma Ngana hinu ki m'eza, ma tu hunda";"";"";""
"";"Hìtu";"Armado de arco e seta | Sagitário | Devastador";"hoji ia hìtu";"";"";""
"";"Hoa";"Cordão umbilical (nos recém-nascidos)";"kubatula o hoa ia mona";"";"";""
"";"Hoho";"Que não se quebra facilmente | Rijo | Duro | Custoso. | Perro; penoso.";"kuhoho";"";"";""
"";"Hoho";"Dureza | Rijeza | Qualidade de duro | Diz-se do fruto da palmeira de pouca polpa e caroço grande e duro. fig. O que não se comove.";"tendu iahoho";"";"";""
"";"Hoho";"Dureza | Rijeza | Qualidade de duro | Diz-se do fruto da palmeira de pouca polpa e caroço grande e duro. fig. O que não se comove.";"ndende iahoho";"";"";""
"";"Hojì";"bot. V. muhondongolo.";"máfu ma–";"";"";""
"";"Hojì";"Monstro fabuloso de busto de homem e corpo de leão, armado de arco e setas. | Sagitário.";"hojì'ia hitu";"";"";""
"";"Hoka";"Cerca: roda; círculo | Redondeza | Espaço redondo | Grupo de pessoas dispostas em círculo.";"a mu telahoka";"";"";""
"";"Hoka";"Cerca: roda; círculo | Redondeza | Espaço redondo | Grupo de pessoas dispostas em círculo.";"vutukila ohoka";"";"";""
"";"Hoka";"Armação de redes dispostas em círculo que vai apertando | Rede de arrasto para pescar | O espaço que essa rede ocupa | Redondel | Circunferência.";"uândauahoka";"";"";""
"";"Hoka";"Circundar; cercar.";"kutahoka";"";"";""
"";"Hole";"Concavidade | Interior de um tanque, chafariz ou pequeno lago | Fonte.";"hole ia rîtui";"";"";""
"";"Hole";"Concavidade | Interior de um tanque, chafariz ou pequeno lago | Fonte.";"hole ia fixí";"";"";""
"";"Hole";"Medida.";"hole ia jimata";"";"";""
"";"Hole";"Parte inferior | Fundo. fig. Caminho tortuoso ou em zig-zag.";"buholeia'mbia";"";"";""
"";"Hômba";"Regaço; seio.";"kukuzula kitari buhômba";"";"";""
"";"Hondo";"Volteio | Ação e efeito de voltear | Rodeio. | Argumento capcioso; subterfúgio; desculpa; evasiva | Modo indireto e calculado para se obter o que se deseja.";"kutahondo";"";"";""
"";"Honga";"Terreno inclinado | Várzea | Vale; baixa; jusante | Descida | Pendente.";"kuhonga";"";"";""
"";"Honga";"Terreno inclinado | Várzea | Vale; baixa; jusante | Descida | Pendente.";"ku âia honga ku kamb'ê ngiji";"";"";""
"";"Hongo";"Estado de quem tem ao mesmo tempo duas ou mais consortes | Bigamia | Situação da mulher com relação ao marido que tem outra ou outras mulheres | Poligamia, sub. e adj. Bígamo, Viver ao mesmo tempo com duas ou mais mulheres.";"Ritala ria hongo";"";"";""
"";"Hongo";"Estado de quem tem ao mesmo tempo duas ou mais consortes | Bigamia | Situação da mulher com relação ao marido que tem outra ou outras mulheres | Poligamia, sub. e adj. Bígamo, Viver ao mesmo tempo com duas ou mais mulheres.";"Kusokanahongo";"";"";""
"";"Hóngo";"O ponto mais elevado; cimo | Cume | Tope; alto | fig. Apogeu; auge.";"hóngo ia mulundu";"";"";""
"";"Hóngo";"Teto da casa; cumieira, pau de fileira | A parte mais alta da casa.";"hóngo ia'nzo";"";"";""
"";"Hóngo";"O céu; o ponto mais alto do espaço | Zénite.";"o mbeji i ala buhóngo";"";"";""
"";"Honji";"Anjo do inferno. Personagem que se invoca em casos de malefícios, eie pinjt.";"eie honji";"";"";""
"";"Hónjo";"Banana";"kukola ku ária hónjo";"";"";""
"";"Hôta";"Esconderijo | Lugar oculto, dente do siso";"riju ria hôta";"";"";""
"";"Hotóla";"Cova subterrânea de modos que não seja vista | Solapa. | fig. Disfarce | Instrumento com que se fazem concavidades.";"mbila ia hotóla";"";"";""
"";"Hotóla";"Cova subterrânea de modos que não seja vista | Solapa. | fig. Disfarce | Instrumento com que se fazem concavidades.";"poko ia hotóla";"";"";""
"";"Houa";"Umbigo de recém-nascido | Hilo | Ponto de interseção de um vaso num tecido parenquimatoso.";"ngoji ia houa";"";"";""
"";"Hóxa";"Doença do sono | Sonolência";"uhaxi ua hóxa";"";"";""
"";"Hueri";"Cunhado; cunhada | Marido ou mulher do irmão ou irmã (em relação ao outro irmão ou irmã)., concunhado.";"hueri'a kimi";"";"";""
"";"Hûh";"Tolhido | Leso | Paralítico | Que tem lesão | Ofendido lesado | Ferido; contuso | fig. Defeituoso; coxo.";"u [?]la hûh ia lukuaku";"";"";""
"";"Húiu";"Onomatopeia com que se exprime o som de um esbarrondamento | Zás | Catrapuz.";"u alundumuka mu rikungu húiu";"";"";""
"";"Hula";"Árvore de cuja madeira, ralada, se faz o pó deste nome | Tacula.";"imúxi ua hula";"";"";""
"";"Hulukáji";"Dez vezes cem | Mil.";"hulukáji i'atu";"";"";""
"";"Humba";"Vasilha feita de coiro de certos animais para condução de líquidos. | Odre.";"humba ia uálua";"";"";""
"";"Humbi";"Ave de rapina, espécie de águia preta que, em certa época do ano ou de anos, aparece em bando, no espaço, muito alto fazendo volteios ou círculos caprichosos. | Xofrango; águia-pescadora | Rabalva. | Quebrantossos.";"ki azuata humbi kilombelombe ki a mu tukula tûmba";"";"";""
"";"Humbi";"Ave aquática do tamanho do peru | Corvo-marinho. | fig. O remoto; o mais antigo.";"j'akakulu ka humbi, kizuua kilombelombe u j'ibúla";"";"";""
"";"Humbi";"Ave aquática do tamanho do peru | Corvo-marinho. | fig. O remoto; o mais antigo.";"Kakulu ka humbi";"";"";""
"";"Humbi";"género de aves corvídeas | Gralha.";"humbi ia ngânga";"";"";""
"";"Humbu";"Ocasião; turno | Vez | Tempo, época indeterminada | Ensejo.";"ngendele –jitatu";"";"";""
"";"Humbu";"Nome que junto a um adjetivo numeral, indica a reiteração, quantidade | Pl. jihumbu.";"u êzahumbu tatu";"";"";""
"";"Hûnde";"Irmão ou irmã menor que casa com a cunhada ou cunhado viúvo.";"kubçkolahûnde";"";"";""
"";"Hundu";"Parecer; tenção; opinião; ideia; voto. | Juízo que se forma de alguém ou de alguma coisa | Modo de ver pessoal | Conselho | Votação | Declaração (de voto); decisão (verbal)";"kutahundu";"";"";""
"";"Hungulule";"Enchente; que está enchendo | Abundante | Cheia | sub. Grande abundância; fartura | Superabundância.";"hungulule ia kalunga";"";"";""
"";"Hûnjí";"Impedimento; privação; abstinência.";"riiala u loka, k'ariê hûnjí";"";"";""
"";"Hûnjí";"A pele deste animal.";"kuria hûnjí";"";"";""
"";"Hurí";"Expressão para significar o estado de silêncio | adj. Calado | Silencioso | Calmo.";"mu'nzo mu eri hurí";"";"";""
"";"Huta";"Provisão de mantimentos. | Rancho | O que o viajante leva para comer em viagem. | Merenda.";"ngí menekene ngo, huta iami sâi";"";"";""
"";"Hutile";"Prisioneiro | Cativo, encarcerado. | Pessoa que está presa.";"ngi hutile ia soba";"";"";""
"";"Hutu";"Diz-se do feitiço atribuído aos adolescentes como herdado dos pais.";"uanga ua hutu";"";"";""
"";"Huua";"Pómulo | Maçã do rosto.";"huua ia polo";"";"";""
"";"Ia";"e pron. poss. pl. Delas; deles | Pertencente às pessoas deles.";"ixi ia";"";"";""
"";"Ia";"que une ao nome o seu complemento | De; imbia — mutoto.";"mîtue ia iáma";"";"";""
"";"Ia";"que une ao nome o seu complemento | De; imbia — mutoto.";"imbia ia mutoto";"";"";""
"";"Ia";"éne, adv. e pron. poss. pl. Propriamente seus (deles, delas)";"ima ia ene";"";"";""
"";"Iá";"para designar pessoas que estão presentes ou próximas de quem fala, ou das que se falaram em último lugar. Estas; estes; aná alenge.";"iá afu";"";"";""
"";"Iakamukua";"Outros; outras | Não estes; diferentes | Não iguais | Seguintes | Restantes | Precedentes.";"mikolo iakamukua";"";"";""
"";"Iâla";"Garras | Unhas | Marcas ou sinais de unhas.";"iâla ia'ngo";"";"";""
"";"Iámbu";"Preparar | Praticar atos preparatórios | Coordenar; fazer; compor | Aparelhar; habilitar; prevenir.";"kuta iámbu";"";"";""
"";"Iânyi";"De que; de quais.";"îmaiânhi";"";"";""
"";"Íba";"Nome genérico das peles empregadas no calçado, arreios e correias | Cabedal | Quantidade de peles | Pelaria.";"kangamba ki aîba, niíbaie";"";"";""
"";"Íba";"Couros em cabelo, crus ou curtidos | Courama.";"íbaia sengi";"";"";""
"";"Íba";"Correias.";"a mu zuikãíba";"";"";""
"";"Ibalala";"Fibras ou cordas feitas da intercasca do embondeiro.";"ibalala ia mbondo";"";"";""
"";"Íbatu";"Lugar onde se encontram dois caminhos ou duas pessoas.";"mu tulu mu tungu, mu njila mu íbatu";"";"";""
"";"Ibelefefe";"Lâminas que cobrem o corpo de certos peixes e alguns répteis.";"ibelefefe ia nzâji";"";"";""
"";"Ibéta";"Fibras.";"ibéta ia maxisa";"";"";""
"";"Ibhanga";"Pocilgas.";"ibánga ia jingúlu";"";"";""
"";"Ibhasu";"Coisas partidas e separadas do todo.";"ibasu ia mabaia";"";"";""
"";"Îbi";"adj. Que se revolve na cama durante o sono.";"Mukua îbi";"";"";""
"";"Ibúbu";"Imprecações de males contra alguém | Pragas | Maldições | Apóstrofes.";"ndakale k'afuê ku luanha, mon'a mutu k'afuê ku --";"";"";""
"";"Ibundu";"Frutas que a terra dá | Produtos | Interesses: ganhos: lucros | fig. Consequências; efeitos. | Despojos; restos mortais.";"ibunduia Kalúnga";"";"";""
"";"Ibunji";"Raquitismo | Estiolamento. | Diz-se da planta não desenvolvida por falta de chuvas | Diz-se das espigas de milho com poucos grãos, ou de outra fruta de pouco desenvolvimento.";"masa maibunji";"";"";""
"";"Ibwa";"Cambalhotas | Tombos | Quedas.";"kuribana íbua";"";"";""
"";"Ie";"Seu; sua (dele). | Pertencente à pessoa dele.";"o hombo ie iná";"";"";""
"";"Iê";"Teu; tua | Da tua pessoa | Pertencentes à tua pessoa.";"îmaiê";"";"";""
"";"Iê";"Teu; tua | Da tua pessoa | Pertencentes à tua pessoa.";"mîxi iê";"";"";""
"";"Iêbi";"Quais? Que coisas? | Onde estão?";"îmaiêbi";"";"";""
"";"Ijata";"Folhas tenras de feijoeiro para guisar com carne ou peixe | O guisado destas folhas | Salada.";"funji ia ijata";"";"";""
"";"Íjua";"Defeitos; qualidades; costumes.";"íjua ia iba";"";"";""
"";"Ikalakalu";"Trabalhos | Produções literárias, manuais e outras | Lidas | Os exames, as discussões e deliberações de uma repartição, etc. | Atos solenes em festividades. | Serviços.";"ikalakalu ia Muene-Putu";"";"";""
"";"Ikau";"Rústicos | Campestres | Campinos | Do campo | Próprios do campo.";"akua ikau";"";"";""
"";"Ikau";"Campinas | Campos | Jogos campestres.";"mu ikau";"";"";""
"";"Ike";"Agora; neste momento | Neste instante.";"muene io u abing' ike";"";"";""
"";"Ikelekete";"Espigas de milho definhadas | Pequenas maçarocas com escassos bagos de milho | Refugo.";"ikelekete ia masa";"";"";""
"";"Ikengele";"Soslaio; esguelha | Obliquidade.";"kutalela mu ikengele";"";"";""
"";"Ikengele";"Não perpendicular | Oblíquo | Que se apresenta ou vai de soslaio | Dirigido de lado | Diagonal.";"njila ia ikengele";"";"";""
"";"Ikobiakobia";"Cantos dos olhos | Situação atravessada; esguelha; obliquidade | Travês | Lado; revês.";"kutalela mu ikobiakobia";"";"";""
"";"Ikoka";"Caminho de rodado que vai de uma a outra povoação. | Estrada | Caminho trilhado | Via pública | Derrota | O espaço compreendido entre os carris de uma linha férrea.";"ikoka ia ndanji";"";"";""
"";"Ikoka";"Caminho de rodado que vai de uma a outra povoação. | Estrada | Caminho trilhado | Via pública | Derrota | O espaço compreendido entre os carris de uma linha férrea.";"mulele u a u xisa mu ikoka";"";"";""
"";"Ikoka";"Caminho de rodado que vai de uma a outra povoação. | Estrada | Caminho trilhado | Via pública | Derrota | O espaço compreendido entre os carris de uma linha férrea.";"ikoka ia kumboio";"";"";""
"";"Ikólo";"Vale muito extenso e largo | Valada.";"mu ikólo ia mbengu";"";"";""
"";"Ikolôlo";"Raspas | O que se tira raspando do fundo de uma panela. | Rapaduras. | Restos que ficam de uma raspagem | Rapalhas.";"ikolôlo ia'mbia";"";"";""
"";"Ikúba-kuba";"Imprecações; maldições; pragas.";"ikúba-kuba i a mu kuata";"";"";""
"";"Ikuma";"Crimes; pecados; iniquidades.";"mubange a ikuma, ki afua u asanga ku'alunga nganga j'azeka";"";"";""
"";"Ikúnzu";"Sarna leprosa de certos animais | Gafeira | Ronha | Lepra.";"mon'a mbua kakat'êikúnzu, ia tat'à ni mam'à";"";"";""
"";"Ikúnzu";"adj. Que tem gafeira | Gafento | Leproso. | Pessoa que padece de gafeira.";"Mukuaikúnzu";"";"";""
"";"Ikuxi";"Porção; quantidade | Extensão; tamanho | Emprega-se para expressar que desejamos nos determinem a quantidade de.";"ku akambe izuua ikuxi ?";"";"";""
"";"Ikuxi";"Porção; quantidade | Extensão; tamanho | Emprega-se para expressar que desejamos nos determinem a quantidade de.";"mîvuikuxiu andala kukinga?";"";"";""
"";"Ikuxi";"Porção; quantidade | Extensão; tamanho | Emprega-se para expressar que desejamos nos determinem a quantidade de.";"izuuaikuxiu abange mu njita?";"";"";""
"";"Ikuxi";"Porção; quantidade | Extensão; tamanho | Emprega-se para expressar que desejamos nos determinem a quantidade de.";"ku akambe izuua ikuxi";"";"";""
"";"Ikuxi";"Porção; quantidade | Extensão; tamanho | Emprega-se para expressar que desejamos nos determinem a quantidade de.";"mîvuikuxiu andala kukinga";"";"";""
"";"Ikuxi";"Porção; quantidade | Extensão; tamanho | Emprega-se para expressar que desejamos nos determinem a quantidade de.";"izuuaikuxiu abange mu njita";"";"";""
"";"Íla";"Construção | Obra | Produto de um agente | Facto. | Acontecimento; ato. | Coisa real; o que existe realmente | Realidade | O que está.";"kubanga íla";"";"";""
"";"Ílembu";"Bens ou dinheiros que se dão em propriedade exclusiva à mulher que se casa | Dote | Bens ou dinheiros com que se beneficia determinada mulher que se casa | Presente de noivado | Mimo | Esponsais.";"kubana ílembu";"";"";""
"";"Ílu";"(IV) Cima | O ponto mais alto | O céu, o ar, o espaço | Firmamento | O não ser; o infinito; o nada.";"buílu";"";"";""
"";"Ílu";"De cima; de Deus | Do céu.";"nvula i atundu ku ílu";"";"";""
"";"Ílu";"Alto | Profundo (considerado de baixo para cima). | Infinito.";"ílu tia mulundu";"";"";""
"";"Iluminu";"Estrondos | Trovões | Ressonâncias | Ruídos; rumores.";"iluminu ia nvula";"";"";""
"";"Ilwezu";"Imprevidência | Perigo | Falta de previdência, de cuidado.";"kubanga iluézu";"";"";""
"";"Ilwezu";"adj. Imprevidente | Perigoso | Que pode causar dano.";"Mukua iluézu";"";"";""
"";"Ima";"Têres | Bens; haveres | Meios de fortuna | Adubos | O que se deita na comida para lhe dar substância. | Aviamentos; preparos; temperos.";"u ala n'imaie";"";"";""
"";"Imbambe";"Marco; balisa; demarcação; confrontação | Limite | Divisão; extrema | Linha que limita superfícies ou terrenos contíguos. | Estaca ou objeto que marca um limite | Linda.";"imbambe ia'xi";"";"";""
"";"Imbambe";"Pedras com que se marcam os extremos dos terrenos | Sinal | Qualquer objeto de situação natural que se aproveita para sinal de limites territoriais; fronteira | Extremos | Confins.";"matari ma imbambe";"";"";""
"";"Imbambe";"Nos extremos | Nos limites.";"muimbambe";"";"";""
"";"Imbambe";"Extremar | Divisar | Demarcar (terras) com extremas. | Limitar. | Separar; distinguir.";"Kuta imbambe";"";"";""
"";"Imbângu";"topon. Antigo bairro da cidade de Luanda, hoje conhecido por «bairro do Bungo», junto à ermida da Nazaré | Lugar em tempo frequentado por lobos e, também, sítio de malfeitores.";"muimbângu";"";"";""
"";"Imbondo";"Olhos que hão-de formar os gomos | Flores antes de desabrochar | Botões (de vegetal)";"imbondo ia kajú";"";"";""
"";"Imbuámbua";"Andrajos.";"kurizakela imbuámbua";"";"";""
"";"Ímbui";"Bola de funji que o comedor tira do prato | A mesma porção que se mete de uma só vez na boca.";"ímbui ia funji";"";"";""
"";"Imbwa";"Âncora; poita | Pedra grande amarrada a um cabo que serve de âncora a pequenos barcos | Pedral.";"ímbua ia ulungu";"";"";""
"";"Imoxi";"Um.";"ngômbe imoxi";"";"";""
"";"Imoxi";"Que representa unidade.";"mbamba imoxi";"";"";""
"";"Imoxi";"Um; uma.";"sanji, imoxi";"";"";""
"";"Ina";"e pron. demonstr. Esse; essa | Isso";"sanji ina i afu";"";"";""
"";"Ina";"(III) Esses; essas | Designa as coisas que estão a pequena distância da pessoa com quem se fala.";"o ima ina ia ngene";"";"";""
"";"Iná";"e pron. demonstr. (IX) Aquele; aquela | Aquilo.";"o hoji iná ng'a i muena rikanga";"";"";""
"";"Ína";"Inseto áptero pediculado | Piolho | Parasita.";"urisueka kala ína mu musuiku";"";"";""
"";"Ína";"Inseto hemíptero que se agarra às partes pudendas | Piolho ladro | Chato | Pl. jína.";"ína ia kasenda";"";"";""
"";"Inãi";"interrog. Que pessoa? | Quem";"inãi u abange kiki?";"";"";""
"";"Inãi";"interrog. Que pessoa? | Quem";"inãi u abange kiki";"";"";""
"";"Ináma";"Pernas | Pés.";"i'akua museke";"";"";""
"";"Índa";"Em tempo anterior | Antes: | Melhor | Pelo contrário";"mbaíndang'ambe kuma";"";"";""
"";"Índa";"Cestos | Cabazes | Balaios: | Conj. Mas: | Ora.";"índa ia mbonge";"";"";""
"";"Índa";"Cestos | Cabazes | Balaios: | Conj. Mas: | Ora.";"índa uevu o fuma";"";"";""
"";"Índo";"Tristeza; luto:";"u ala muíndo";"";"";""
"";"Ingáoja";"Armazéns de cereais | Celeiros:";"hete k'aval'ê hete, masa muingáojam'avuala utumbu";"";"";""
"";"Íngo";"Animal digitígrado da fam. dos felinos | Tigre: | Mamífero felida | Onça: | fig. Homem sanguinário, cruel, de maus instintos";"u ala ni'mbua ieíngo ki i uu kuat'ê";"";"";""
"";"Íngo";"Animal digitígrado da fam. dos felinos | Tigre: | Mamífero felida | Onça: | fig. Homem sanguinário, cruel, de maus instintos";"íngo i asueka oidla";"";"";""
"";"Íngo";"O maior e mais feroz das aves rapaces | Grifardo. | Abutre. É mais conhecido por «tigre do céu»";"íngo ia riúlu";"";"";""
"";"Ingolelo";"Ordem de batráquios anuros. | Rãs sem cauda.";"o ingolelo i longa o mazóte kurila";"";"";""
"";"Inguanji";"Tribo de salteadores famintos que infestavam as povoações | Grupo de indivíduos que assolados pela fome assaltavam e tragavam o que alcançassem.";"ki ejile o nzala ia inguanji";"";"";""
"";"Ingungu";"Recinto fechado em que se estabelece calor artificial | Estufa | Buraco, à laia de forno para, com o calor, secar Colas e outros géneros frescos | Estufa-lura | Habitação onde faz muito calor.";"kuta makezu mu ingungu";"";"";""
"";"Ínji";"mosca que ferra.";"ínji ia songo";"";"";""
"";"Înzo";"Domicílio; casa; habitação; morada | Edifício; residência.";"înzo ia kukala";"";"";""
"";"Înzo";"Casa de negócio, estabelecimento, casa comercial.";"înzo ia uênji";"";"";""
"";"Înzo";"Alcova; camarinha, quarto de dormir.";"înzo ia xilu";"";"";""
"";"Înzo";"Açougue.";"înzo ia xitu";"";"";""
"";"Inzonji";"Faval | Favaria.";"mu inzonji";"";"";""
"";"Ió";"e pron. demonstr. (IX) Essoutro; essoutra. | Designa um dos objetos que estão próximos da pessoa com quem falamos, ou da cousa que se falou em penúltimo lugar. | com quem se fala.";"o fuba ió bu ngalu";"";"";""
"";"Ió";"e pron. demonstr. (IX) Essoutro; essoutra. | Designa um dos objetos que estão próximos da pessoa com quem falamos, ou da cousa que se falou em penúltimo lugar. | com quem se fala.";"o ió u alebe, uná u abutu";"";"";""
"";"Ió";"Por essa via.";"o njila ió k'u i ende";"";"";""
"";"Ió";"(III) Designa as cousas que estão próximas da pessoa a quem se fala, ou daquelas que se falaram em penúltimo lugar. | Esses; essas | Isso.";"o ima ió ia ngene";"";"";""
"";"Iô";"entre vários? | Também serve para exprimir dúvida, incredulidade ou negação: Qual história! Não senhor! Está enganado.";"iô u andala";"";"";""
"";"Iô";"adv. interrog. Que isto? Que coisa ou coisas são estas?";"iô 'ei";"";"";""
"";"Iô";"Que novidade há? O que foi? O que aconteceu?";"iô iene";"";"";""
"";"Iondo";"(II) Palavra com que se forma o futuro dos verbos. Hão-de.";"o mixi iondo kujikata";"";"";""
"";"Ipepefela";"(III) Cabelos das pálpebras | Cílios | Pelos das sobrancelhas | Pestanas.";"ipepefela ia mesu";"";"";""
"";"Ipheteka";"imposturas | Artifícios para enganar | Modos, linguagem e processos de charlatão | Charlatanarias.";"kubanga ipeteka";"";"";""
"";"Ípi";"Corda delgada que serve para atar | Baraço, cordel | Baraça | Atilho.";"a mu teípimu xingu";"";"";""
"";"Ipóta";"Humores viscosos que saem dos olhos | Ramela | Pús.";"mu mesu mu a mu izalaipóta";"";"";""
"";"Iriandu";"As partes dos corpos organizados | Órgãos | Os membros do corpo | As articulações (dos ossos). | Juntas | Pontos em que dois órgãos ou membros se juntam | Os braços; as pernas, os dedos. As partes de um todo (separados do corpo)";"iriandu ia rivumu";"";"";""
"";"Iriandu";"As partes dos corpos organizados | Órgãos | Os membros do corpo | As articulações (dos ossos). | Juntas | Pontos em que dois órgãos ou membros se juntam | Os braços; as pernas, os dedos. As partes de um todo (separados do corpo)";"a mu batujula mu iriandu";"";"";""
"";"Iriandu";"As partes dos corpos organizados | Órgãos | Os membros do corpo | As articulações (dos ossos). | Juntas | Pontos em que dois órgãos ou membros se juntam | Os braços; as pernas, os dedos. As partes de um todo (separados do corpo)";"iriandu ia inama";"";"";""
"";"Iriandu";"As partes dos corpos organizados | Órgãos | Os membros do corpo | As articulações (dos ossos). | Juntas | Pontos em que dois órgãos ou membros se juntam | Os braços; as pernas, os dedos. As partes de um todo (separados do corpo)";"a mu batujula muiriandu";"";"";""
"";"Iribukanu";"Tropeções | Cousas em que se tropeça | Tropeços: obstáculos | Impedilhos.";"kuta iribukanu mu njila";"";"";""
"";"Isálale";"Ramos de palmeira ou coqueiro que simbolizam o martírio, o tempo, a glória | Palmas, que servem de ornamento a bazares, kermesses e outros.";"kuzamba isálale";"";"";""
"";"Isálale";"Ramos de palmeira ou coqueiro que simbolizam o martírio, o tempo, a glória | Palmas, que servem de ornamento a bazares, kermesses e outros.";"kuzambaisálale";"";"";""
"";"Isálale";"lugares festivos | Ramagem; rama.";"isálale ia mingenge";"";"";""
"";"Isalángu";"Ditos ou palavras referentes a atos ou procedimentos proibidos, imorais, repulsivos ou escandalosos. Monstruosidades | Abominações | Torpezas | Perversidades.";"maka ma isalángu";"";"";""
"";"Isalángu";"adj. Torpe; monstruoso | Perverso.";"Mukua isalángu";"";"";""
"";"Isama";"Lanternas | Archotes; pequenos atados de capim resinados, na terra de archotes.";"Muisama";"";"";""
"";"Isamanu";"Seis Cinco mais um.";"mikomibe isamanu";"";"";""
"";"Isamanu";"(III) Grupo de seis.";"inama isamanu";"";"";""
"";"Isasa";"Partes que saem do tronco de uma árvore ou arbusto | Arbustos | Ramos. | Partes secundárias que saem do ramo propriamente dito. | Lugar onde há muita sarça | Sarçal | Silvedo | Terreno plantado de sarça: Nzambi u atukululila mu | Espinheiral | A sarça de Moisés | Conjunto de plantas rosáceas que dão amoras | Mata de silvas | Silvado | Valado construído de silvas e outras plantas espinhosas | Nome comum a vários arbustos rosáceos | Plantas pomáceas de que se fazem sebes e produzem umas bagas vermelhas | Espinheiro.";"isasa ia mulemba";"";"";""
"";"Isasa";"Partes que saem do tronco de uma árvore ou arbusto | Arbustos | Ramos. | Partes secundárias que saem do ramo propriamente dito. | Lugar onde há muita sarça | Sarçal | Silvedo | Terreno plantado de sarça: Nzambi u atukululila mu | Espinheiral | A sarça de Moisés | Conjunto de plantas rosáceas que dão amoras | Mata de silvas | Silvado | Valado construído de silvas e outras plantas espinhosas | Nome comum a vários arbustos rosáceos | Plantas pomáceas de que se fazem sebes e produzem umas bagas vermelhas | Espinheiro.";"mu isasa";"";"";""
"";"Isaselu";"Criação.";"kufuta isaselu";"";"";""
"";"Isaʃu-saʃu";"Barbas | Pelos ou fios de vassoura.";"isaʃu-saʃu ia kiezu";"";"";""
"";"Isekele";"Areias | Terra movediça; areia fofa em que se enterram os pés andando.";"inama u a i vunbika mu isekele";"";"";""
"";"Isekeseke";"Dinheiro miúdo | Trocos | fig. moeda.";"kitari kia isekeseke";"";"";""
"";"Isênga";"Farelo; parte grossa que fica na peneira depois de peneirada a farinha, milho, etc.";"isênga ia fuba";"";"";""
"";"Isênga";"Defeitos, hábitos, costumes.";"mukuenu tunga-ne u mu ijie o ifua ni isênga ie";"";"";""
"";"Isengêria";"Acepipes.";"makuria ma isengêria";"";"";""
"";"Isesekenya";"Migalhas.";"isesekenha ia masa";"";"";""
"";"Isoso";"Atos ou factos culpáveis ou criminosos na vida de alguém.";"isoso ia Kalunga";"";"";""
"";"Isúba";"Refugo.";"isúba ia jinjimbu";"";"";""
"";"Isubu";"Cresces.";"u angi bana isubu";"";"";""
"";"Isubu";"Aumento; abundância; crescidos. O que fica.";"isubu ia Kalunga";"";"";""
"";"Isukusuku";"Gotas espaçadas de chuva.";"isukusuku ia jikajú";"";"";""
"";"Isulukutu";"Coisa que desperta abominação.";"maka ma isulukutu";"";"";""
"";"Isulukutu";"adj. Abominando.";"mukua isulukutu";"";"";""
"";"Isuma";"adj. Sobrenatural | Maravilhoso | Extraordinário; admirável | Que faz milagres. | Que causa admiração.";"Mukua isuma";"";"";""
"";"Ísunji";"e intr. Dizer ou ultrajar com blasfémias | Blasfemar.";"Kutangaísunji";"";"";""
"";"Ísunji";"adj. Blasfemante.";"mukua ísunji";"";"";""
"";"Ísunji";"adj. e sub. Que diz blasfémias | Blasfemo | Visionário | Sonhador.";"Mutange aísunji";"";"";""
"";"Ísuxi";"Hombros.";"kututula --";"";"";""
"";"Ísuxi";"Espáduas.";"ísuxi ia unene";"";"";""
"";"Íta";"Combate; batalha; guerra –.";"mu gonso mua iza";"";"";""
"";"Íta";"Guerra.";"íta ia Kazuangongo";"";"";""
"";"Íta";"Guerrilheiro.";"mukuaíta";"";"";""
"";"Ítabu";"Conjunto de vasilhas de uma adega | Vasilhame | Cântaros | Bilhas | Sangas.";"ítabuia uâlua";"";"";""
"";"Ítanu";"Cinco Quatro mais um.";"mikanda ítanu";"";"";""
"";"Ítari";"Finanças; dinheiros. | Dinherama. | Riqueza.";"ítariia mauenji";"";"";""
"";"Ítari";"adj. Endinheirado; rico. | Que possui grandes quantias ou cabedais.";"Mukuaítari";"";"";""
"";"Ítari";"adj. e sub. Os argentários; os financeiros; os grandes banqueiros | A alta finança.";"Akuaítari";"";"";""
"";"Ítatu";"Três Dois mais um.";"milele ítatu";"";"";""
"";"Itelekefe";"adj. Mexeriqueiro | Intriguista.";"Mukuaitelekefe";"";"";""
"";"Itelêle";"Nome por que tb. é conhecida a rianga | Conjunto de cana brava | Caules de milho.";"uâlua ua itelêle";"";"";""
"";"Itenda";"Retalhos | Tiras | Restos de uma peça de fazenda | Pequenos bocados de tecido com que se fazem uma peça de vestuário ou ornato.";"mulele ua itenda";"";"";""
"";"Itenda";"adj. e sub. Retalhista | Retalheiro | Vendedor de retalhos.";"Mukuaitenda";"";"";""
"";"Ítetu";"Cacos | Fragmentos de louça ou vidro.";"ítetuia malonga";"";"";""
"";"Ítonda";"Diversão ou brincadeira de crianças em que se batem palmas cantando. | Palmadas de aplauso | Palmas.";"kutonoka-";"";"";""
"";"ïtote";"Nódoas; pintas; manchas | Cicatrizes de feridas curadas | Sinais; marcas.";"ïtoteia kingongo";"";"";""
"";"ïtote";"Pecados; culpas; faltas | Remorsos.";"u axala ni -ku muxima";"";"";""
"";"ïtote";"adj. Manchado | Que tem malhas ou manchas | Sarapintado.";"Mukuaïtote";"";"";""
"";"Itúba";"Deus da loucura.";"kilundu kia. itúba";"";"";""
"";"Itulukufu";"Dissenções | Turbulências; traquinices | Desavenças | Desordens.";"nguami ku ngi bekela itulukufu";"";"";""
"";"Ítumba";"Conjunto de plantas de uma região | Pequena mata; floresta | Selva. | Bosque. Armações de madeira.";"sumbala ku mbandu ia ítumba hulu ja izala makalanga";"";"";""
"";"Ítumba";"Conjunto de plantas de uma região | Pequena mata; floresta | Selva. | Bosque. Armações de madeira.";"maxi 'a ítumba jizala jinhoka";"";"";""
"";"Ítumbi";"Bofetões; sopapos.";"kubana ítumbi";"";"";""
"";"Ítumbi";"audição | Outiva.";"ítumbi ia kuteka";"";"";""
"";"Ítumbi";"De ouvi-la | Por ouvir dizer | De boca em boca.";"maka ng'a ma ivila mu-ia kuteka";"";"";""
"";"Ítunda";"Recordação vaga de uma pessoa ou coisa | Reminiscências | Impressão que fica de uma coisa que se leu ou passou | Lembrança; memória.";"ng'ala u mu ta ítunda";"";"";""
"";"Itundulu";"Maus tratos | Empurrões.";"a mu bana itundulu";"";"";""
"";"Ítuxi";"Delitos; crimes.";"k'u ngi tese ítuxi n'u ngi bekele milonga.";"";"";""
"";"Ítuxi";"Delitos; crimes.";"k'u ngi tese ítuxi n'u ngi bekele milonga";"";"";""
"";"Ítuxi";"Culpas; faltas.";"ítuxi i ata ndenge, milonga ia makota.";"";"";""
"";"Iú";"e pron. demonstr. designativo da pessoa ou coisa que está presente, ou mais próxima de quem fala ou de que se falou em último lugar | Este; esta.";"iú u alé be.";"";"";""
"";"Iú";"e pron. demonstr. designativo da pessoa ou coisa que está presente, ou mais próxima de quem fala ou de que se falou em último lugar | Este; esta.";"iú u alé be";"";"";""
"";"Iú";"Ora; umas vezes.";"iú boxi-bulu";"";"";""
"";"Iú";"Eil-o; eil-a. pron. À ele; a ela | Lhe.";"a mu bana' iú.";"";"";""
"";"Iú";"Eil-o; eil-a. pron. À ele; a ela | Lhe.";"a mu bana' iú";"";"";""
"";"Iúba";"Diz-se dos irmãos filhos da mesma mãe mas não do mesmo pai. | Uterinos. | De mãe.";"iúbaie";"";"";""
"";"Íuikilu";"Aparas | O que serve para acender o lume | Acendalhas | Acendedores.";"íuikiluia tubia";"";"";""
"";"Iwana";"Quatro | Três mais um.";"izuua íuâna";"";"";""
"";"Íxanju";"Rivalidades. | Queixumes; ralhos; bulhas | Escândalos; maus exemplos. | Contenção; disputa | Questão; contenda.";"o maka kata kiki m'abeka íxanju";"";"";""
"";"Ixaxi";"O conjunto das hastes secas das plantas gramíneas. | O que fica depois da debulha. | Palha | Palinha.";"ixaxiia masa";"";"";""
"";"Íxete";"O que, coado, resta de qualquer líquido | Borras (de líquidos) que ficam no fundo da vasilha que se despejou | Escorralhas | Sedimento; fezes | Pé | Cisco; pó contido em líquido | fig. Restos.";"íxete ia maluvu";"";"";""
"";"Ixi";"Camada superficial do globo na qual os vegetais se reproduzem | Terra. | Solo; terreno; chão | Arimo | Fazenda | Herdade | Campo; planície | Povoação; localidade onde se é natural | Terra onde a pessoa nasce ou nação a que pertence | Pátria.";"ng'andala ixi ia kusumba";"";"";""
"";"Ixi";"Camada superficial do globo na qual os vegetais se reproduzem | Terra. | Solo; terreno; chão | Arimo | Fazenda | Herdade | Campo; planície | Povoação; localidade onde se é natural | Terra onde a pessoa nasce ou nação a que pertence | Pátria.";"mu ixi ia Luanda";"";"";""
"";"Ixi";"Camada superficial do globo na qual os vegetais se reproduzem | Terra. | Solo; terreno; chão | Arimo | Fazenda | Herdade | Campo; planície | Povoação; localidade onde se é natural | Terra onde a pessoa nasce ou nação a que pertence | Pátria.";"ixi ia Putu";"";"";""
"";"Ixi";"Camada superficial do globo na qual os vegetais se reproduzem | Terra. | Solo; terreno; chão | Arimo | Fazenda | Herdade | Campo; planície | Povoação; localidade onde se é natural | Terra onde a pessoa nasce ou nação a que pertence | Pátria.";"ixi ia marímu";"";"";""
"";"Ixi";"O céu; a Pátria celestial | O reino da glória.";"ixi ia riúlu";"";"";""
"";"Ixi";"Pov. e sede do posto da circ. civil de Minungo, distr. da Lunda, prov. de Malange, com 6.032 hab. e est. teleg. postal de 1.ª classe.";"ixi ia senge";"";"";""
"";"Íxi";"casa de penhores onde se emprestam dinheiros sobre objetos de valor.";"Inzo ia íxi";"";"";""
"";"Ixíla";"Conjunto de vários cortiços. Colmeal.";"kukama ixíla ia uîki";"";"";""
"";"Iximbi";"Magnates. Próceres. Os grandes de uma Nação, os principais cidadãos de um Estado.";"iximbi ia'xi ni mavu";"";"";""
"";"Ixinyi";"Partes. Pedaços. Postas. Metades.";"ixinhi ia mbiji";"";"";""
"";"Ixinyi";"Aos poucos. De onde em onde; daqui e dacolá. Por partes.";"mu ixinhi";"";"";""
"";"Ixíxi";"Resíduos. Polvilhos. Restos reduzidos a pó. Diz-se das cascas ou matérias que restam dos cereais por meio de expremedura, ou descasque de feijão, grão, ervilha, etc.. Folhelho.";"ixíxi ia makunde";"";"";""
"";"Izala";"Presunção | Vaidade | Opinião muito vantajosa que alguém forma de si próprio | Vanglória | Fatuidade | Jactância | Bazófia | Soberbia.";"u ala ni izala";"";"";""
"";"Izala";"adj. Presunçoso | Que tem bazófia | Jactancioso.";"Mukua izala";"";"";""
"";"Izongo";"Casas ou povoações construídas à beira dos lagos | O lugar ocupado por estas construções.";"mu izongo";"";"";""
"";"Izuwa";"Série ininterrupta de instantes | Tempo | Época determinada | Prazo; demora. | Dias.";"ízuua kia";"";"";""
"";"Izuwa";"Série ininterrupta de instantes | Tempo | Época determinada | Prazo; demora. | Dias.";"mu ízuua iná";"";"";""
"";"Izuwa";"Série ininterrupta de instantes | Tempo | Época determinada | Prazo; demora. | Dias.";"ngi bane ízuua ia kufuta o rikongo";"";"";""
"";"Izuwa";"Série ininterrupta de instantes | Tempo | Época determinada | Prazo; demora. | Dias.";"ízuua irikaiela, ki irifangan'ê";"";"";""
"";"Izwatu";"Vestes | Hábito | Trajo | Vestuário; fardamento | Roupas.";"ízuatu ta ngânga";"";"";""
"";"Já";"e pron. poss. pl. (IX) Delas; deles: jingombe -- | Pertencentes às pessoas deles | Suas; seus.";"o jipange já j'azeka";"";"";""
"";"Já";"adv. e pron. poss. pl. Propriamente deles.";"já ene";"";"";""
"";"Jakamukua";"e pron. indef. pl. (IX) Outros; não estes | Diferentes; restantes; seguintes | Precedentes | Mais outros.";"jipoko jakamukua";"";"";""
"";"Jakamukua";"e pron. indef. pl. (IX) Outros; não estes | Diferentes; restantes; seguintes | Precedentes | Mais outros.";"jisanji jakamukua j'eza";"";"";""
"";"Jâmi";"(contr. da prep. ja e do pron. pess. eme) Meus; minhas | Da minha pessoa.";"jihombo jâmi";"";"";""
"";"Jâmi";"adv. e pron. poss. Propriamente meus. | De mim mesmo.";"jâmi eme";"";"";""
"";"Janda";"(IX) Palavra com que se forma o futuro dos verbos | Hão-de | O mesmo que jondo.";"o jimbua janda kuienga";"";"";""
"";"Je";"e pron. poss. (contr. da prep. ja e do pron. pess. muene). Dela; dele | Da pessoa ou pertencente à pessoa dele.";"jinguma je";"";"";""
"";"Je";"e pron. poss. (contr. da prep. ja e do pron. pess. muene). Dela; dele | Da pessoa ou pertencente à pessoa dele.";"jinguari je";"";"";""
"";"Je";"adv. e pron. poss. Dele mesmo | Propriamente dele.";"je muene";"";"";""
"";"Jê";"e pron. poss. (contr. da prep. ja e do pron. pess. êle). Teus; tuas | Da tua pessoa.";"jisanji jê";"";"";""
"";"Jêngi";"Outros; outras. Não estes. Os alheios. Diversos. Diferentes.";"u endele jixi jêngi";"";"";""
"";"Jenu";"Vossas; vossos. Das vossas pessoas.";"jísanjijenuj'alenge";"";"";""
"";"Jenu";"adv. e pron. pl. Verdadeiramente vossas, vossas. De mais ninguém.";"jenu 'enu";"";"";""
"";"Jetu";"Nossas; nossos. Das nossas pessoas. Pertencentes às nossas pessoas.";"jínguma jetu j'abiti";"";"";""
"";"Jetu";"adv. e pron. poss. pl. De nós mesmos. Verdadeiramente nossos.";"jetu etu";"";"";""
"";"Ji...";"Prefixo de concordância plural da classe IX dos substantivos. Ex.";"ji...ngombe";"";"";""
"";"Ji...";"Prefixo de concordância plural da classe IX dos substantivos. Ex.";"ji...hâna";"";"";""
"";"Ji...";"Prefixo de concordância plural da classe IX dos substantivos. Ex.";"ji...mbembe";"";"";""
"";"Ji...";"Prefixo de concordância plural da classe IX dos substantivos. Ex.";"ji... hâna";"";"";""
"";"Ji...";"Prefixo de concordância plural da classe IX dos substantivos. Ex.";"ji... mbembe";"";"";""
"";"Jihaba";"Patranhas | Petas | Embustes para induzir em erro | Ilusão; mentira | Fábulas; novelas; contos.";"jihaba je j'atange";"";"";""
"";"Jihaba";"adj. Trapaceiro | Embusteiro | Que conta ou compõe novelas | Fabulista | Mentiroso.";"Mukua jihaba";"";"";""
"";"Jihaku";"O primeiro alimento que se dá a uma criança.";"o jihaku ja mona ji tunda ku muiji";"";"";""
"";"Jihala";"ordem de crustáceos decápodos, de cauda longa, a que pertence a lagosta, o lagostim, etc. | Macruros.";"jihala ja munongono";"";"";""
"";"Jihana";"sarnoso | Padecente de sarna.";"Mukua jihana";"";"";""
"";"Jihata";"Dobras formadas por vestuário comprido entre a cintura e os joelhos da pessoa sentada | Regaço | Dobras que as vestes fazem levantando-se adiante | Colo.";"kuta mona bu jihata";"";"";""
"";"Jihata";"Rodilhas; molhelhas; chinguiços | As voltas da corda ou cobra enroscada | Roscas.";"nhoka i arinhingi-";"";"";""
"";"Jihaxi";"sub. Enfermaria | Casa para recolher doentes.";"Inzo ia jihaxi";"";"";""
"";"Jihenda";"Lembrança triste e suave de pessoas ou coisas distantes ou extintas, acompanhada do desejo de as tornar a ver ou possuir. | Pesar pela ausência de alguém que nos é querido | Recordação grata de pessoa ausente ou de alguma coisa de que nos vemos privados | Pesar; mágoa que essa privação nos causa | Saudades; cumprimentos | Recordações | Lembranças afetosas dirigidas às pessoas ausentes.";"ng'ala ni jihenda j'atu ami";"";"";""
"";"Jihenda";"Lembrança triste e suave de pessoas ou coisas distantes ou extintas, acompanhada do desejo de as tornar a ver ou possuir. | Pesar pela ausência de alguém que nos é querido | Recordação grata de pessoa ausente ou de alguma coisa de que nos vemos privados | Pesar; mágoa que essa privação nos causa | Saudades; cumprimentos | Recordações | Lembranças afetosas dirigidas às pessoas ausentes.";"ng'a mu kuatela jihenda";"";"";""
"";"Jihua";"Partes salientes das faces | Mandíbulas; maçãs do rosto.";"jihuaja pólo";"";"";""
"";"Jihulukaji";"Grupos de mil unidades | Milhares.";"kutanga mujihulukaji";"";"";""
"";"Jihutu";"Bolsas; sacolas | Sacos de dinheiro.";"Havetesijihutuja kitari";"";"";""
"";"Jihuxi";"Bofetadas | Palmadas.";"a mu bana jihuxi";"";"";""
"";"Jiiari";"Duas; dois | Um mais um.";"huxi jiiari";"";"";""
"";"Jiiari";"Duas; dois | Um mais um.";"ng'akáte mbeji jiiari";"";"";""
"";"Jiji";"Ilha fronteiriça ao continente | Restinga | Contra-costa.";"ku jiji";"";"";""
"";"Jíji";"Estas; estes | Designa coisas que estão presentes, ou perto da pessoa que fala.";"jínjila jâmi jíji";"";"";""
"";"Jiku";"Fogareiro; lareira.";"kuta'mbia bu jiku";"";"";""
"";"Jiku";"Lar; seio da família.";"bu jiku ria tata ni mama";"";"";""
"";"Jikukululu";"Os mais antigos | Os avoengos; os remotos.";"jikuku ni jikukululu";"";"";""
"";"Jikuxi";"Quantos, quantas.";"jingulu jikuxi?";"";"";""
"";"Jikuxi";"Quantos, quantas.";"jingulu jikuxi";"";"";""
"";"Jimama";"Mais | Mulheres que têm ou tiveram filhos | Mulheres caridosas.";"akuetu aria funjiku jimama";"";"";""
"";"Jimbámba";"Reunião de homens doutos, sabedores, excelsos | Conjunto de pessoas especializadas em alguma arte ou ciência | Sumidades.";"jimbámba j'atenena";"";"";""
"";"Jimbâmba";"Jogo de azar constituído por quatro rodelas de louça | As rodelas de que este jogo se compõe.";"kuta jimbâmba";"";"";""
"";"Jimbánza";"Certo tecido de linho ou algodão às riscas.";"milele iajimbánza";"";"";""
"";"Jimbéndu";"Bebedeira; embriaguez.";"u eza ni jimbéndu je";"";"";""
"";"Jimbengéla";"Orelhas; ouvidos.";"jikula o jimbengéla";"";"";""
"";"Jimbimbi";"Sons diferentes de diversos instrumentos, ou que saem da boca humana | Vozes | Diferenças que se notam nas vozes ou nos tons.";"jimbimbi ja mdzui";"";"";""
"";"Jimbinda";"Planta cucurbitácea | Cabaceiro.";"kirima kia jimbinda";"";"";""
"";"Jimbinga";"Chifres | Cornos | Apêndices duros que os ruminantes têm na cabeça | Bicos ou saliências de alguns ossos | Buzinas | Cornucópias.";"jimbinga ja sexi";"";"";""
"";"Jimbóndo";"topon. Lugarejo a 10 kil. ao S. da cidade de Luanda.";"mu jimbóndo";"";"";""
"";"Jimbongo";"adj. Rico; milionário. | Opulento; endinheirado | Pessoa muito rica; homem de muitos haveres.";"Mukua jimbongo";"";"";""
"";"Jímbote";"Bens. | Belezas; tesouros | O que generosamente se faz a alguém. | Bens morais | Bondades.";"jímbote ja muxima";"";"";""
"";"Jimbûlu";"Conjunto de borbulhas na superfície de um órgão. | Granulação; borbulhagem.";"u ala ni jimbûlu mu pólo";"";"";""
"";"Jimbulungu";"Cerimónia do juramento a prestar pelos supostos feiticeiros | Beberagem do ndúua.";"kuia ku jimbulungu";"";"";""
"";"Jimbúmba";"Tatuar.";"Kuta jimbúmba";"";"";""
"";"Jimbundu";"Choros; lamentações; alaridos.";"jimbundu ja kurila";"";"";""
"";"Jimbúnze";"Tingir de preto ou de azul | Anilar | Esmaltar de azul.";"Kuta jimbúnze";"";"";""
"";"Jimbúri";"Conjunto de carneiros. | Rebanho de ovelhas | Carneirada | Oviário.";"kibánga kia jimbúri";"";"";""
"";"Jimbutu";"Sementeira | O que se semeia | Terra semeada.";"jimbutu ja manhangua";"";"";""
"";"Jina";"Abreviatura de rijina | Nome.";"jina ria nduka";"";"";""
"";"Jiná";"Aquelas; aqueles.";"jisefu jiná j'abuluka ku ji jiba";"";"";""
"";"Jína";"Miséria | Extrema pobreza.";"ngariama ia jína";"";"";""
"";"Jindaka";"Obscenidades. | Indecências. | Injúrias. | Torpezas; atos indecorosos.";"kuxinga jindaka";"";"";""
"";"Jindele";"Almas do outro mundo | Espíritos dos que tiveram morte violenta e que vêm, por sua vez, perseguir e imolar os descendentes dos seus sacrificadores | Manes | Espíritos dos sacrificados pelos caçadores de vítimas | Sombras dos mortos | Almas de salteadores ou criminosos que se encarnam em corpos de pessoas arrebatadas, infecundas ou obcecadas, determinando-lhes a prática de atos criminosos ou prejudiciais. | fig. Deuses infernais";"jindele ja maiambi";"";"";""
"";"Jindemba";"Conjunto de pelos da cabeça e, p. ext., do corpo humano | Cabelo | Pelo comprido de certos animais.";"jindemba ja mutue";"";"";""
"";"Jindémbu";"Jagas | Régulos | Terra habitada por «dembos» | A região e atual circ. dos Dembos, distr. e prov. de Luanda.";"mujindémbu";"";"";""
"";"Jindómba";"Tapeçaria fúnebre | Tiras pretas torcidas com que as viúvas se cingem | Crepes | Luto.";"muturi ua jindómba";"";"";""
"";"Jindómba";"Lutuoso | Que nasce depois da morte do pai. | Póstumo.";"mona ua jindómba";"";"";""
"";"Jindondo";"Sentir náuseas | Ter vontade de vomitar. | Nausear | Agoniar.";"Kuta jindondo";"";"";""
"";"Jindundu";"Família de plantas solanáceas (solanum albifolium), utilizada como condimento.";"jindundu ndulu";"";"";""
"";"Jindúta";"Presentes que a mulher casada recebe de seu amante.";"kâria kua jindúta";"";"";""
"";"Jindúta";"Dádivas para subornar; peita.";"kubana jindúta";"";"";""
"";"Jinge";"A todos os momentos; sem cessar. Sempre.";"tu banejinge tzuua ioso, nda tu ku longe –";"";"";""
"";"Jingêla";"Armação dos animais corníferos | Chifres: hombo a mu muena ku – | Cornadura | Chavelhos.";"hombo a mu muena ku jingêla";"";"";""
"";"Jingéma";"Fabricantes de vinhos | Vinhateiros.";"jingéma ja maluvu";"";"";""
"";"Jingenye";"Família de plantas ramnáceas. | Sarça | Espinheiro | Pequeno arbusto cheio de espinhos | Silvedo.";"muxitu uajingenhe";"";"";""
"";"Jingiji";"Conhecidos | Que se conhecem | Pessoas do nosso conhecimento.";"atu a jingiji";"";"";""
"";"Jingirinyá";"Aparelho feito de cordas entrelaçadas que, lançado a qualquer indivíduo, impossibilita-o de todos os movimentos | Espécie de colete de forças | Rede para envolver e prender animais ferozes.";"a mu te mu jingirinhá";"";"";""
"";"Jingoji";"O que fica na madre depois do parto | Páreas | Secundinas.";"kibu ni jingoji";"";"";""
"";"Jingoji";"Genealogia | Sucessão | Sequência | Continuação; ordem; série (numa família)";"jingoji ia rivumu";"";"";""
"";"Jingolôlo";"Gritos tumultuosos | Clamores | Vozes que se ouvem ao mesmo tempo | Alarido; berraria | Choros | Choradeira.";"jingolôlo ja kurila";"";"";""
"";"Jingoma";"Conjunto de bombos, de tambores | por ext. Danças; bailados; folguedos.";"jingoma j'akuata";"";"";""
"";"Jingôndo";"Ouros | Contas (em ouro) que as mulheres usam como adorno nos pulsos e pescoço | Colares; rosários.";"nzenzela ia jingôndo";"";"";""
"";"Jingônge";"Articulações | Falanges | Juntas. | Pregões; avisos.";"jingônge ja inama";"";"";""
"";"Jingongo";"Gémeos | Diz-se dos frutos geminados | Diz-se do parto de dois filhos | Diz-se dos dois músculos que formam a barriga da perna, e da constelação do zodíaco «Castor e Polux». | Parelha. | Os da mesma origem.";"rihonjo ria jingongo";"";"";""
"";"Jingongo";"Gémeos | Diz-se dos frutos geminados | Diz-se do parto de dois filhos | Diz-se dos dois músculos que formam a barriga da perna, e da constelação do zodíaco «Castor e Polux». | Parelha. | Os da mesma origem.";"u avuala jingongo";"";"";""
"";"Jingóngo";"Padecimentos | Sofrimentos | Martírios | Pezares | Desgostos | Desgraças; aflições; trabalhos penosos | Endoenças | Privações; necessidades.";"ng'amono jingóngo";"";"";""
"";"Jinguba";"planta alimentícia fam. das leguminosas (Voandzeia subterranea), tb. conhecida por vielu";"jinguba ja kambambi";"";"";""
"";"Jingúndu";"Vagabundos; errantes; hostis; inimigos | Usurpadores.";"jingúndu j'eza ku ngi tambula o'xi iâmi, sé kituxi, sê mulonga";"";"";""
"";"Jingúnga";"Sinos; campainhas | Instrumentos sonoros.";"kuxika jingúnga";"";"";""
"";"Jingunyo";"Família de plantas trepadeiras, vizinhas das ramnáceas | Plantas celastrinas | Cipó | Plantas sarmentosas | Terreno em que abundam destas plantas.";"u arisueka mu jingunho";"";"";""
"";"Jingúzu";"Forças | Rijeza | Vigor | Energias.";"jingúzu ja mu bu";"";"";""
"";"Jínji";"Doença caracterizada pela turbação visual em que se vêem voar umas coisas como moscas | Miodopsia.";"mu mesu mu ala ku ng'enda jínji";"";"";""
"";"Jinjînda";"Manifestação de furor | Cólera | Fúria | O máximo grau de agitação de ânimo irado | Ímpeto de raiva | Ira; zanga.";"jinjînda ja mu kuata";"";"";""
"";"Jinjiquífa";"Lavrado de relevo feito com linha em tecido branco. | Renda; lavor; adorno | Rendilha.";"kutungajinjiquífa";"";"";""
"";"Jinvula";"A época das chuvas.";"mujinvula ja kusamanu";"";"";""
"";"Jinvula";"Marés; movimento das águas do mar, baixa-mar e preamar.";"jinvulaj'abu";"";"";""
"";"Jinvula";"Marés; movimento das águas do mar, baixa-mar e preamar.";"jinvulajá izala";"";"";""
"";"Jinvúnga";"Atos que anunciam perturbação | Distúrbios; ameaças | Algazarra; bulha.";"ueza ni jinvúnga";"";"";""
"";"Jinzambi";"Divindades de qualquer religião | Deuses.";"kubingilajinzambi";"";"";""
"";"Jinzébu";"Grupo de plantas aquáticas | Algas | Limo; líquen, musgo, etc.";"jinzébuja mênha";"";"";""
"";"Jipakasa";"Bois bravos | Touros | Búfalos.";"atu abiluka jipakasa";"";"";""
"";"Jiphata";"Dúvidas; Discórdias; Controvérsias; Dissidências; Diversidade de opiniões, de interesses; Debate; Discussão em que os discutidores procuram trazer os assistentes à sua opinião; Polémica; Desavenças; contrastes.";"arikuata jipata";"";"";""
"";"Jiphata";"e intr. Descrer; Opor ao que outrem diz; Contradizer; Objetar; duvidar; Desconfiar.";"Kúluajipata";"";"";""
"";"Jiphata";"adj. Suspeitoso; Descrente; Contraditor; Polemista; Desconfiado.";"Mukuajipata";"";"";""
"";"Jiphaxi";"Certa qualidade de tecido de algodão bastante vulgarizado em Luanda.";"milele iajipaxi";"";"";""
"";"Jipholo";"Caras; semblantes; rostos; fisionomias. | Faces; Frontispícios; Fachadas.";"tu riji jipólo ki tu riji mixíma";"";"";""
"";"Jiponzo";"Culpas; Acumulação de faltas; Infrações à lei, à moral, ao dever. Faltas; imputação; desleixo.";"kuritata jiponzo";"";"";""
"";"Jiputu";"Palavras ou locuções em português. Expressões portuguesas.";"kuta jiputu";"";"";""
"";"Jisamanu";"Seis. Cinco unidades mais uma.";"jisánji jisamanu";"";"";""
"";"Jisambu";"Pontas | Referências.";"jisambu ja maka";"";"";""
"";"Jisambu";"Bandas; fímbrias; franjas | Cantos.";"jisambu ja milele";"";"";""
"";"Jisembele";"Melhoras:j'amonek'ê.";"jisembele ki";"";"";""
"";"Jisolokoto";"Família de plantas rasteiras armadas de pequenos espinhos em tufos; espinhos.";"ji xita o mabata, nganga ja imbanda ji saka o maláji";"";"";""
"";"Jisóngo";"Acúleos; aguilhões; raios; jactos de luz.";"jisóngo ja kumbi";"";"";""
"";"Jisóngo";"Espargimento de fogo.";"jisóngo ja tubia";"";"";""
"";"Jisonyi";"Rubor causado pelo pejo; escândalo público; vergonha.";"jisonhi ja mu kuata";"";"";""
"";"Jisonyi";"Acanhamento; timidez.";"u ala nijisonhi";"";"";""
"";"Jisonyi";"adj. Envergonhado; tímido; acanhado; cerimonioso.";"Mukua jisonhi";"";"";""
"";"Jisoso";"Faíscas; centelhas; causas de algum mal que se manifesta; pontoadas; bicadas.";"jisoso ja tubia";"";"";""
"";"Jisoso";"Faíscas; centelhas; causas de algum mal que se manifesta; pontoadas; bicadas.";"jisoso ja uhaxi";"";"";""
"";"Jitangu";"Ramos | Pernadas.";"jitangu ja mulemba";"";"";""
"";"Jitanu";"Cinco";"jingulu jitanu";"";"";""
"";"Jitata";"O pai e a mãe (em qualquer espécie). Avós e demais progenitores de uma família | Os pais; os avós | Autores; fundadores.";"kixila kia jitata";"";"";""
"";"Jitatu";"Três | Dois mais um. | Conjunto de três";"jipuku jitatu";"";"";""
"";"Jitùlu";"Em tal quantidade | Tantos.";"u akuata makuinh'ari a mivu ni jitùlu";"";"";""
"";"Jitùlu";"Quantidade inferior a unidade. | Tal.";"hama nake ni jitùlu";"";"";""
"";"Jiwana";"Quatro | Grupo de quatro | Três mais um";"jingutu jiuâna";"";"";""
"";"Jîxi";"Conjunto de terras, de povoações, de cidades.";"ng'abiti jîxi j'avulu";"";"";""
"";"Jîxi";"Terras povoadas, habitadas.";"tu ende jîxi ja makanga";"";"";""
"";"Jixitu";"Animais próprios para serem caçados.";"tu ele mu kutomba jixitu";"";"";""
"";"Jiya";"Demoradamente | Infinitamente | Com muita demora.";"u dia jiiá...";"";"";""
"";"Jiya";"Demoradamente | Infinitamente | Com muita demora.";"u dia jiiá";"";"";""
"";"Jóio";"e demonstr. pl. (IX) Essas; esses.";"jingamba jóio, ji ng'afutu";"";"";""
"";"Jondo";"Hão-de.";"jingombe jondo kunanga mu kibánga";"";"";""
"";"Joso";"(IX) Todos; todas.";"jingombe joso j'amuangana";"";"";""
"";"Joso";"O conjunto; a soma.";"ndê, katange o jihima joso j'ari o masa";"";"";""
"";"Joso";"O aspeto geral.";"o Jinguba joso y'ábi kiá";"";"";""
"";"Joso";"Completamente; por junto.";"jinguna joso j'atuka";"";"";""
"";"Joso";"adj. indef. pl. Quaisquer.";"joso joso";"";"";""
"";"Josololo";"Sem exceção; geralmente.";"hombo josololo jiria masa";"";"";""
"";"Ju";"A elas ou a eles. | Lhe | Lh'as; lh'os";"o jisanji a mu tambula ju";"";"";""
"";"Ju";"A elas ou a eles. | Lhe | Lh'as; lh'os";"ng'a mu bé ju";"";"";""
"";"K'jíngu";"Lustre proveniente de ações insígnes ou qualidades excecionais. | Preito; homenagem.";"hubana k'jíngu";"";"";""
"";"K'jíngu";"Ilustre; digno. | Honrado.";"mutu na k'jíngu";"";"";""
"";"K'lúmbe";"Santificado. | Santo. | Celebrado; bendito.";"kizuua kia k'lúmbe";"";"";""
"";"Ka";"e pron. poss. Delas; deles | Pertencente às suas pessoas (deles): o kambua — k'anete; o kamuxi — k'atoloka";"o kambua ka k'anete";"";"";""
"";"Ka";"e pron. poss. Delas; deles | Pertencente às suas pessoas (deles): o kambua — k'anete; o kamuxi — k'atoloka";"o kamuxi ka k'atoloka";"";"";""
"";"Ka";"— ene, propriamente deles, de mais ninguém: o kangombe'uha — ene.";"o kangombe'uha ka ene";"";"";""
"";"Ká";"Prep. que une ao nome o seu complemento | De.";"kabunga ká mabéla";"";"";""
"";"Ká";"Prep. que une ao nome o seu complemento | De.";"kakiba ribéngu";"";"";""
"";"Ka-éne";"Delas; deles. | Da pessoa deles";"kasanji ka-éne";"";"";""
"";"Ka-ukulu";"Do tempo remoto.";"kan'zo ka-ukulu";"";"";""
"";"Ka-unene";"De tamanho maior que o ordinário.";"kakiba ka-unene";"";"";""
"";"Kába";"Pequena pele. | Pele delgada e fina.";"kába ka hima";"";"";""
"";"Kábaba";"Que não dá. | Sovina.";"kábaba u bena bu ngoji";"";"";""
"";"Kabándu";"Peneira pequena. Báiaio. Diminutivo de kibándu.";"kabándu ka kusesela pone";"";"";""
"";"Kabángu";"Planta arbustiva da fam. das verbenáceas (lippia nodiflora), de fruto comestível. Limonete.";"kabángu pungu";"";"";""
"";"Kábari";"(IX) Diz-se da fuba escura, feita de makoka.";"fuba ia kábari";"";"";""
"";"Kabása";"Dado que. Com tanto que. Sob a condição de. Basta que.";"kabása ng'azúela o kiri";"";"";""
"";"Kabása";"Dado que. Com tanto que. Sob a condição de. Basta que.";"kabása ng'ajituka";"";"";""
"";"Kábasa";"Língua vernácula; língua materna. fig. Kimbundu.";"kuzuela kábasa";"";"";""
"";"Kabelandu";"Quebranto. Mau olhado. Debilidade atribuída ao mau olhado.";"a mu te kabelandu";"";"";""
"";"Kabéngu";"Diz-se da pessoa ou coisa com focinho de rato.";"ngana Ngalaxi ria kabéngu";"";"";""
"";"Kabéte";"Decentemente. | Com decência.";"u azuata kabéte";"";"";""
"";"Kabila";"Pessoa que guarda, guia e apascenta gado. | Pastor. | adj. Que faz ou leva vida de pastor.";"kabila ngombe";"";"";""
"";"Kabinganu";"Sucessor; substituto. | Que pode suceder a outrem. | Presuntivo. | Que está para ser ou suceder.";"kabinganu kasoba";"";"";""
"";"Kabiribiri";"Animal doméstico de poucos meses.";"ka mona hombo";"";"";""
"";"Kabiribiri";"Leitão, bacoro.";"kabiribiri ka mon'a ngulu";"";"";""
"";"Kabiribiri";"Borrêgo; cria.";"kabiribiri ka mon'a ngombe";"";"";""
"";"Kabóla";"sub. Arbusto com disposição de moita, muito ramoso.";"kabóla matende";"";"";""
"";"Kabóla";"contração involuntária de qualquer músculo. | Cãibra.";"kabóla muxiba";"";"";""
"";"Kabuánga";"[sub-lemma], e intr. Empregar artifícios. Enganar.";"Kúriakabuánga";"";"";""
"";"Kábungu";"Derrabado. | Sem cauda. | Que tem o rabo curto ou cortado. | Rabão.";"sanji ia kábungu";"";"";""
"";"Kábungu";"Nome por que, na poesia ou na fábula, é designada a águia.";"holoko-ko, njila ia kábungu u âsua imbambe ni riúlu";"";"";""
"";"Kafejetela";"Em surdina; em voz baixa; em segredo. | Para que ninguém ouça.";"kuzuela kafejetela";"";"";""
"";"Kafifi";"Que pisca os olhos (por hábito). | Pisco.";"mesu ma kafifi";"";"";""
"";"Kafongonya";"Sem formosura; sem graça. | Que não tem brilho. | Acanhado; falho de entusiasmo.";"kizómba kia kafongonha";"";"";""
"";"Kafongonya";"Reles. | Desprezível; ordinário.";"ita uakafongonha";"";"";""
"";"Kâfua";"Defeito; pecha; balda; vício. | Prática frequente de ato pecaminoso. | Nota; mácula. | Hábito inveterado | Vezo: mau costume.";"mukuakâfuau fua, kâfua ni k'abue";"";"";""
"";"Kâfua";"adj. Vezeiro; vicioso. | Que tem defeito.";"Mukuakâfua";"";"";""
"";"Kafukambololo";"Movimento do corpo quando volteia longitudinalmente. | Cabriola. | Volta que o corpo dá no ar ou firmando as mãos no chão. | Reviravolta.";"kuta kafukambololo";"";"";""
"";"Kafukujuku";"A madrugada. | O romper da aurora. | O amanhecer.";"u êza kafukujuku";"";"";""
"";"Kafúla";"Planta trepadeira medicinal, de flores vermelhas.";"kafúla kombe";"";"";""
"";"Kafúla";"Tartaruga de pequeno tamanho. | Cágado.";"kafúla mbombo";"";"";""
"";"Káiala";"Imagem representando criança com asas.";"káiala k'u musulu";"";"";""
"";"Kaiari";"Que vem a seguir ao primeiro. Que ocupa o segundo lugar, ou o número dois numa série de nomes iguais.";"O kaiari ki kalê-bu";"";"";""
"";"Kaiari";"Outro que tal; semelhante. Que se faz segunda vez.";"lua kaiari";"";"";""
"";"Kaiari";"O segundo dia da semana. Segunda-feira. Pessoa ou coisa que ocupa o segundo lugar. O que está depois do primeiro. O segundo andar; o segundo mandamento.";"kizuua kia kaiari";"";"";""
"";"Kaji";"Cais";"u ai bu kaji";"";"";""
"";"Kaji";"Palavra que se junta ao sub. para o qualificar ou determinar, etc. | adj. Próprio de mulher. | Fêmea.";"kiria kaji";"";"";""
"";"Kaji";"Palavra que se junta ao sub. para o qualificar ou determinar, etc. | adj. Próprio de mulher. | Fêmea.";"kikula kaji";"";"";""
"";"Kaji";"Palavra que se junta ao sub. para o qualificar ou determinar, etc. | adj. Próprio de mulher. | Fêmea.";"mbala kaji";"";"";""
"";"Kaji";"Palavra que se junta ao sub. para o qualificar ou determinar, etc. | adj. Próprio de mulher. | Fêmea.";"mu kaji";"";"";""
"";"Kajikijiki";"Demorado. | Prolongado.";"risemba ria kajikijiki";"";"";""
"";"Kajínga";"Pequeno barrete tecido de palha fina. | Cobertura de cabeça dos clérigos. | Insígnia de autoridade. | Solideu. | Barretinho de tecido ou malha.";"kajínga ka soba";"";"";""
"";"Kakamukua";"Não igual; não este. | Outro. | Seguinte. | Restante. | Precedente. | Mais um. | Pl. tuakamukua.";"kapoko kakamukua k'atexika";"";"";""
"";"Kakiala";"Pequena unha ou garra. | Dim. de kiála.";"u a mu tekakiala";"";"";""
"";"Kakimenga";"Tacho pequeno, frigideira. Caco (de panela). Torrador.";"kakimenga ka kukangela mbiji";"";"";""
"";"Kakóba";"Monte sobranceiro e antiga povoação na margem esquerda do rio Quanza, círculo civil de Muxima, distrito e província de Luanda.";"mulundu ua kakóba";"";"";""
"";"Kakôko";"Ave noturna de rapina. Mocho. fig. Homem feio, tristonho e misantropo.";"u akuata polo ia kakôko";"";"";""
"";"Kakólo";"pov. do conc., distr. e prov. de Malange, apeadeiro do C. de F. de Luanda.";"kakólo kalombe";"";"";""
"";"Kákondo";"Carapinha.";"jindemba ja kákondo";"";"";""
"";"Kákondo";"Cação.";"mbiji ia kákondo";"";"";""
"";"Kakori";"Pessoa ou localidade que fica em poder do inimigo como garantia do cumprimento do tratado de paz | Refém.";"ixi iakakori";"";"";""
"";"Kakóxa";"Rabeca.";"Mukua kakóxa";"";"";""
"";"Kakóxa";"Rabeca.";"Muxiki a kakóxa";"";"";""
"";"Kakuiji";"Ignorado. Desconhecido.) Que nada sabe. O que não conhece.";"eie kakuiji, uoso u akuijia muene u ku tânga";"";"";""
"";"Kákulu";"signo do zodíaco.";"kákulu ni kabasa";"";"";""
"";"Kákulu";"pov. e posto civ. do conc. de Âmbaca, distr. de Quanza-Norte, prov. de Luanda, com 9.520 hab.";"kákulu kabusa";"";"";""
"";"Kákulu";"pov. e freg. de N. S. da Conceição, conc. de Ambaca, prov. de Luanda.";"kákulu ka henda";"";"";""
"";"Kákulu";"V. humbi.";"kákulu ka humbi";"";"";""
"";"Kákulu";"um dos maiores afluentes da margem direita do rio Cunene, na prov. e distr. da Huíla.";"kákulu bale";"";"";""
"";"Kakuria";"Pequena quantidade de comida. | Pequena refeição; lambisco.";"tu andala kama kakuria ni tu kalakale";"";"";""
"";"Kakutukutu";"Ave notívaga de rapina. | Coruja. (É tb. conhecida por, em razão do seu canto)";"kakutukutu baku";"";"";""
"";"Kakuxi";"interrog. Quantas vezes. | Qual (das vezes). | Há quanto tempo.";"lelu kakuxi ?";"";"";""
"";"Kakuxi";"interrog. Quantas vezes. | Qual (das vezes). | Há quanto tempo.";"lelu kakuxi";"";"";""
"";"Kala";"Qualquer (entre dois ou mais). | Cada. Cada um, cada qual.";"kala mutu ni kie";"";"";""
"";"Kala";"Qualquer (entre dois ou mais). | Cada. Cada um, cada qual.";"kala sanji ni baia rie";"";"";""
"";"Kala";"Do mesmo modo que. | Como.";"kala ki ambatele tat'etu";"";"";""
"";"Kala";"Quando; conforme; desta maneira; assim. | Uma vez que; neste momento. | Atualmente; na presente ocasião";"kala kiki";"";"";""
"";"Kala";"Quando; conforme; desta maneira; assim. | Uma vez que; neste momento. | Atualmente; na presente ocasião";"kala lelu";"";"";""
"";"Kala";"Abrev. de rikala. | Carvão, braza, carvão em pedra.";"kala ria túbia";"";"";""
"";"Kala";"Abrev. de rikala. | Carvão, braza, carvão em pedra.";"kala ria njilu";"";"";""
"";"Kâla";"não te importes; não te incomodes. | Deixa-te ficar";"kâla maiê";"";"";""
"";"Kaláji";"Madrugada. | Dilúculo. | Manhã cedo.";"mûngu u iza kaláji";"";"";""
"";"Kalakale";"Feito, executado, trabalhado. | Laborado.";"kima ki a u kalakale";"";"";""
"";"Kalanga";"Abrev. de rikalanga.";"mbeji lega kalanga io u iza";"";"";""
"";"Kalekela";"Elevação; topo. | O ponto mais elevado de um objeto. | Cimo.";"bu kalekela";"";"";""
"";"Kalekeleke";"Píncaro. | A parte mais alta. | Topo. | Zimbório.";"o njila i abela bu kalekeleke ka mulemba";"";"";""
"";"Kalekelu";"Despedimento. | Despedida. | Bota-fora.";"a mu bangela kalekelu";"";"";""
"";"Kaleketa";"Picante. | Ardente. | Que excita ou irrita o paladar. | De sabor picante ou ardente.";"ndungu ia kaleketa";"";"";""
"";"Kálembe";"planta aquática (nymphæa stellata), utilizada como sal pelos indígenas (depois de incinerada)";"kálembe lembe";"";"";""
"";"Káloko";"Inteiriço. | Diz-se do coco ou semelhante, que sai inteiro da casca.";"rikoko riakáloko";"";"";""
"";"Kálongolo";"Ave palradora dos desertos.";"kálongolo ngúndu";"";"";""
"";"Káloto";"Saliente; notável. | Que sobressai, que dá nas vistas.";"rivúmu ria káloto";"";"";""
"";"Kalubungu";"Varinha de condão. | A varinha dos feiticeiros e das fadas. | fig. Cornucópia.";"kúbunda boxi";"";"";""
"";"Kálumbi";"Planta rosácea medicinal (Rubus pinnatus) de madeira incombustível. Silveira. O seu fruto";"huinhi ma kálumbi i aribanga mukaiina, u elela k'azub'ê";"";"";""
"";"Kalumbuâmbua";"Inseto lepidóptero na sua última metamorfose.";"henda k'aiê ndende, kalumbuâmbua nhoka i a mu seiala";"";"";""
"";"Kalúnga";"Massa líquida que circunda os continentes. Oceano. O mar.";"mênha na kalúnga";"";"";""
"";"Kalúnga";"Infortúnio; desgraça; peste. Calamidade. Morticínio. A Morte.";"henda i akua kalúnga, ndele ni nzumbi";"";"";""
"";"Kalúnga";"Deus., Deus da Morte. A própria Morte. O Além, a Eternidade. Uma das três deusas que fiavam e cortavam o fio da vida.";"muenhu uâmi kalúnga u au bangele";"";"";""
"";"Kalúnga";"Deus., Deus da Morte. A própria Morte. O Além, a Eternidade. Uma das três deusas que fiavam e cortavam o fio da vida.";"kalúnga'a-ngombe";"";"";""
"";"Kalúnga";"Deus da família, da vida. O maior dos Deuses.";"kalúnga'a Samba";"";"";""
"";"Kalúnga";"Rio, afluente da margem esquerda do rio Capororo, no distr. e prov. de Benguela., pov. e posto de Cameia, circ. civ. do Dilolo, distr. do Moxico, prov. do Bié, com 8.512 hab.";"kalúnga kha Menha";"";"";""
"";"Kâma";"Bocado.";"kâma ka kuria";"";"";""
"";"Kâma";"Pequena porção; pedaço; naquinho.";"kâma ka ufele";"";"";""
"";"Kâma";"Algo.";"mu bane kâma";"";"";""
"";"Kâma";"Designa quantidade indeterminada em pequena escala.";"u ala ni kâma ke";"";"";""
"";"Kâma";"Algum tanto.";"kâma sâi";"";"";""
"";"Kamakóza";"Coberto de andrajos. | Esfarrapado. | Farrapilha; maltrapilho. | Roto; mal vestido. | Andrajoso.";"kamakóza k'ameneken'ê u azuata";"";"";""
"";"Kamama";"Da mãe. | Materno. | Do lado da mãe. | Maternal.";"kijila ku kamama ketu";"";"";""
"";"Kamama";"Da mãe. | Materno. | Do lado da mãe. | Maternal.";"pange ia kamama";"";"";""
"";"Kambámba";"Todo o dia.";"mu kumbi ria kambámba";"";"";""
"";"Kambámba";"Durante; decorrente.";"mu kambámba ka kizuua";"";"";""
"";"Kámbandu";"Pedaço; lasca.";"kámbandu ka rilonga";"";"";""
"";"Kámbende";"Dinheirinho. | Pecúnia. | Pouco ou algum dinheiro";"uala ni kámbende ke";"";"";""
"";"Kambinda";"Cabacinha. | Coloquintida.";"o kambinda kâmi ? sualala u âria, mbangula u abanda";"";"";""
"";"Kambínga";"Cornicho. | Pequena haste dos animais armados.";"kambínga ka sexi";"";"";""
"";"Kambóndo";"pov. e pequenas ilhas na margem direita do rio Quanza, conc. de Muxima, distr. e prov. de Luanda.";"kambóndo ka Sexi";"";"";""
"";"Kâmbu";"Desmaio; síncope.";"u ai kukâmbu";"";"";""
"";"Kâmbu";"Desmaiar, destalecer.";"Kubana kâmbu";"";"";""
"";"Kambuémbue";"(X) Borbulhante. | Murmurador. | Que produz sussurro.";"maka makambuémbue";"";"";""
"";"Kámbui";"Pequena bola de comida que se mete na boca de uma só vez.";"kámbui ka funfi";"";"";""
"";"Kambûngu";"Carneiro | Cripta.";"mbila ia kambûngu";"";"";""
"";"Kambwa";"Calelo; cachorro. | Cãozinho.";"kâmbua kana kanete";"";"";""
"";"Kámene";"O romper do sol. | Manhã. | O amanhecer.";"mu kámene";"";"";""
"";"Kamenga";"Sertã. | Tacho pequeno de barro. | Pequeno torrador (de cereais)";"kamenga k'akangele ximba, ximba i dbu rizumba ri axala";"";"";""
"";"Kamenga";"Cadeia: calabouço.";"a nu te mu kamenga";"";"";""
"";"Kamenya";"Bretanha. | Cambráia.";"malesu ma kamenha";"";"";""
"";"Kâmi";"Meu; minha. | Pertencente à minha pessoa.";"o kahombokâmil'abele";"";"";""
"";"Kamona";"Criança de tenra idade. | Pequerrucho, filhinho. | Nené.";"kamona kandenge";"";"";""
"";"Kamoxi";"Que precede a todos (na série da ordem). | Primeiro. | Principal. | Um; único.";"kamulele kamoxi";"";"";""
"";"Kamuhála";"Mangusto; furão.";"ki urimina mulenge, kamuhála mu be kizuua";"";"";""
"";"Kamukua";"Diferente.";"kamakamukua";"";"";""
"";"Kamukuluvunda";"Pouco mais. | Por mais algum tempo. | Além do necessário.";"ndoko tu kalakale ringi kamukuluvunda";"";"";""
"";"Kamundânda";"Expressão equivalente à loc. lat. et caetera. | O que se não repete por desnecessário. | Etc; etc; etc.";"kapuete, kabolokoso, kamundânda";"";"";""
"";"Kana";"Prep. que indica carência, privação ou ausência. | Sem.";"kitarikana";"";"";""
"";"Kana";"Prep. que indica carência, privação ou ausência. | Sem.";"kúriakana";"";"";""
"";"Kana";"Prep. que indica carência, privação ou ausência. | Sem.";"kitari kana";"";"";""
"";"Kana";"Prep. que indica carência, privação ou ausência. | Sem.";"kúria kana";"";"";""
"";"Kana";"Adj. e pron. demonstr. que designa (a coisinha) que está afastada daquele com [quem se fala. | Aquela; aquêle.].";"kahombokanakanete";"";"";""
"";"Kaná";"absolutamente. (Mais correto, porém menos us.)";"kaná kiene";"";"";""
"";"Kaná";"não há; não tem.";"kanáku";"";"";""
"";"Kanâke";"(IX) Oitavo. Que está em oitavo lugar.";"kanâkeka kizuua";"";"";""
"";"Kánanyi";"e pron. (IX) Tal; não bem definido. (sr. fulano de tal)";"ngana nanhi riakánanhi";"";"";""
"";"Kandâmbia";"Erva miúda. | Relva.";"iângu iakandâmbia";"";"";""
"";"Kándandu";"Abraçar. | Cingir com os braços.";"Kubanakándandu";"";"";""
"";"Kandenge";"(X) O mais novo dos irmãos.";"kamona kandenge";"";"";""
"";"Kándumba";"(IX) Ordinário; soez.";"fuba ia kándumba";"";"";""
"";"Kándumba";"Nome mitológico por que, nos contos ou fábulas, é designado o leão.";"kándumba ka kiria-makongo";"";"";""
"";"Kandungala";"Dança regional das margens do Quanza. | Sapateado.";"kukina kandungala";"";"";""
"";"Kane";"Designado. | Destinado. | Reservado. | Dirigido.";"kima ki angi kane";"";"";""
"";"Kanga";"(IV) Que forma a superfície. | Exterior. | Que está por fora; superficial; aparente.";"ku kanga";"";"";""
"";"Kanga";"O exterior; o que está à vista. | O que está afastado, separado, longe. | Campo; arena. | Lugar de audiência, de luta. | Liça.";"kála kanga, undandu ni utue";"";"";""
"";"Kanga";"O exterior; o que está à vista. | O que está afastado, separado, longe. | Campo; arena. | Lugar de audiência, de luta. | Liça.";"kanga ri atexi";"";"";""
"";"Kanga";"O exterior; o que está à vista. | O que está afastado, separado, longe. | Campo; arena. | Lugar de audiência, de luta. | Liça.";"u arite mu kanga";"";"";""
"";"Kanga";"À distância; exteriormente; fora";"bu kanga";"";"";""
"";"Kangamba";"Animal mamífero almiscarado. Almiscareiro.";"kangamba ki aíba, ni iba ie.";"";"";""
"";"Kangánga";"Pequeno mamífero, de pele apreciada.";"kangánga u abuta o mutala, kiba kie ki lala o ngóma.";"";"";""
"";"Kangánga";"Animal cujos ossos se atribuem propriedades de resistência, coragem e valentia.";"u anuine ifuba ia kangánga.";"";"";""
"";"Kangánga";"Animal cujos ossos se atribuem propriedades de resistência, coragem e valentia.";"u anuine ifuba ia kangánga";"";"";""
"";"Kánganza";"Cálice; taça (de pau ou cabaça) para líquidos.";"kánganza ka uálua.";"";"";""
"";"Kánganza";"Cálice; taça (de pau ou cabaça) para líquidos.";"kánganza ka uálua";"";"";""
"";"Kange";"Atado; amarrado. Preso.";"soba nga i kutu' nga ikange";"";"";""
"";"Kángengo";"Camafeu. fig. Cara feia.";"kángengo ka múxi";"";"";""
"";"Kangîji";"Pequeno curso de água.";"kangîji bu u tenda, buéne bu úfua.";"";"";""
"";"Kangonga";"Cócoras (us. na loc. )";"kutakangonga";"";"";""
"";"Kangúnga";"Úvula.";"kangúnga ka xingu";"";"";""
"";"Kangutu";"Colherinha.";"kangutu ka múxi";"";"";""
"";"Kanjénje";"Pessoa mesquinha. | Unhas de fome. | Miséria. | Fornice.";"uénji ua kanjénje";"";"";""
"";"Kanjolonjolo";"Míndo; pequeno; diminuto. | De pequeno tamanho. | Ínfimo.";"sanji ia kanjolonjolo";"";"";""
"";"Kanjombota";"Mamífero insetívoro, de rabo hirto e curto.";"kanjombota, u aximba o mukila, k'u zole lukela, mukaj'a mukuenu";"";"";""
"";"Kanjongo-jongo";"Parte muito diminuta. | Partícula. | Coisa ínfima.";"kâma ka kanjongo-jongo";"";"";""
"";"Kánu";"de rikanu. Boca.";"kánu K'abolo, usúri ua ngana ie.";"";"";""
"";"Kanuma";"Zanga; grima. | Inimizade disfarçada; ódio. | Má disposição de espírito contra alguém.";"u angi kuatela kanuma";"";"";""
"";"Kanvîle";"Diz-se do filho de pai desconhecido, ou que não pode ser perfilhado. | Espúrio. | De proveniência incerta.";"mon'a kanvîle";"";"";""
"";"Kanyemu";"Ressentimento; reserva.";"u angi kuatelakanhemu";"";"";""
"";"Kanyengete";"Sofrimento ou dor interior. | Mágoa; pesar; desgosto. O que experimenta facilmente impressões morais.";"muxima ua kanhengete";"";"";""
"";"Kânyi";"interrog. Que coisa (entre várias) | Qual (entre muitos)?";"kâma kânhi?";"";"";""
"";"Kânyi";"interrog. Que coisa (entre várias) | Qual (entre muitos)?";"kâma kânhi";"";"";""
"";"Kânyi";"interrog. servindo para determinar a qualidade de um objeto entre outros.";"kamuxi kânhi u atolota?";"";"";""
"";"Kânyi";"interrog. servindo para determinar a qualidade de um objeto entre outros.";"kamuxi kânhi u atolota";"";"";""
"";"Kanzanza";"Trato habitual; repetição amiudada.";"Kubakela kanzanza ku bata ria ngene.";"";"";""
"";"Kanzanza";"Trato habitual; repetição amiudada.";"Kubakela kanzanza ku bata ria ngene";"";"";""
"";"Kanzuá";"Planta medicinal.";"Maluvu'akanzuá";"";"";""
"";"Kapâka";"Rasa (medida de capacidade). | Alqueire. | Antigo bairro da vila de Caculo, circ. civ. do Quanza-Norte. | No antigo concelho de Caculo Cabaça, prov. de Malange";"kapâka ka fuba";"";"";""
"";"Kapakala";"Rasa (medida de capacidade). Alqueire.";"kapakala ka fubu";"";"";""
"";"Kapambu";"Pequeno atalho que se separa do caminho principal. Desvio.";"kapambu ka njila";"";"";""
"";"Kapanga";"apertando-o por forma a subjugá-lo. | Espécie de laço formado pela ilharga e o braço do lutador | Prisão de cabeça.";"kula mútue mu kapanga";"";"";""
"";"Kapólo";"Carinha. | Faceta.";"kapólo ka mon'a ndenge";"";"";""
"";"Kapuefe";"Fulano. | O tal.";"ngana kapuefe ka Mulónga";"";"";""
"";"Kári";"Planta medicinal; mbamba —.";"mbamba kári (mbamba-kári)";"";"";""
"";"Kária";"adj. Fingido; falso. | Hipócrita.";"Mukua kária";"";"";""
"";"Kária";"adj. Fingido; falso. | Hipócrita.";"kária pemba";"";"";""
"";"Kária";"sub. Tolice.";"káriaúôua";"";"";""
"";"Kariánda";"Espécie; laia, classe; igualha; jaez.";"mu kariánda ka";"";"";""
"";"Kariekerieke";"Minúsculo. | Pequenino. | Insignificante.";"kâma ka kariekerieke";"";"";""
"";"Kariembe";"Rolinha. | Diz-se da prisão dos braços pelos cotovelos atrás das costas.";"a mu kutu kariembe";"";"";""
"";"Karienge";"Eventual; casual; extraordinário.";"kubanga karienge";"";"";""
"";"Karikezu";"Talhada ou parte de uma cola. | Desjejua. | fig. Presente; mimo.";"ngi tumise karikezu";"";"";""
"";"Karima";"Morcego";"karima ndondo";"";"";""
"";"Kariri";"Pequeno lugar. | Berço; cama de criança. | Nicho.";"karirika kuzeka";"";"";""
"";"Kása";"Cassa.";"mi lele ia kása";"";"";""
"";"Kása";"Palavra que exprime quantidade, enormidade de coisas ou seres | Grande número.";"bu kitanda bu akexile okásai'atu!?";"";"";""
"";"Kása";"Palavra que exprime quantidade, enormidade de coisas ou seres | Grande número.";"bu kitanda bu akexile okásai'atu!";"";"";""
"";"Kásaju";"Eriçado. | Que tem o cabelo ou as penas em desalinho. | Desgrenhado; despenteado.";"sanji iakásaju";"";"";""
"";"Kasakata";"Morro ao S. da foz do Dande, (visível da cidade de Luanda)";"mulundu ua kasakata";"";"";""
"";"Kásala";"de kisala. Pequena pluma (de ave)";"kásala ka mukuku";"";"";""
"";"Kasamanu";"Sexto; que está em sexto lugar.";"mbeji ia kasamanu";"";"";""
"";"Kasamanu";"Sexta-feira.";"mu kizuua kia kasamanu";"";"";""
"";"Kasambuari";"O sétimo (da série). | A sétima parte ou o sétimo dia (da semana). | Sábado.";"kizuua kia kasambuari";"";"";""
"";"Kásanga";"boa bravas, (amaranthus spinosus) | Amaranto.";"ki kata kásanga, mboua u buingita maie.";"";"";""
"";"Kasánji";"pov. na região do Quembo, na margem esquerda do rio Quango, distr. da Lunda, prov. de Malange.";"kasánji ka-kombolo";"";"";""
"";"Kasasa";"de kakisasa. | Sarça. | Raminho; silva.";"mukua mdkutu a mu zulka kasasa";"";"";""
"";"Kasasa";"de kakisasa. | Sarça. | Raminho; silva.";"mukua makutu a mu zulka kasasa";"";"";""
"";"Kase";"Atado; laçado; preso | Amarrado.";"a mu kase o maku ni inama.";"";"";""
"";"Kase";"Atado; laçado; preso | Amarrado.";"a mu kase o maku ni inama";"";"";""
"";"Kasekelu";"e intr. Chacotear; escarnir.";"Kubangakasekelu";"";"";""
"";"Kasénge";"Divorciado; desquitado.";"o handu u laha ni ngimbu, muhitu uakaséngeu baxa ni mbângi";"";"";""
"";"Kásenu";"Causa má que prejudica outra boa";"kásenu, mu tukule; u a ku zemba, mu sanduke";"";"";""
"";"Kasokeléla";"(IX) Acelerado; apressado. Célere.";"huenda kasokeléla";"";"";""
"";"Kasokeléla";"Seguidamente; constantemente, sem parar. À par; por igual.";"kuzuela kasokeléla";"";"";""
"";"Kasóla";"Medida de líquidos, equivalente a 0,3 dl. (um quartilho)";"kasóla ka máji";"";"";""
"";"Kasóla";"Medida de líquidos, equivalente a 0,3 dcl. (um quartilho): — ka mâji.";"kasólaka mâji";"";"";""
"";"Kasonge";"Francelho; milhafre.";"nvunda takasongeni pidpia, kilombelombe u bitajinga ngo mu jimbandu";"";"";""
"";"Kásosa";"De vagar; lentamente. Aos poucos. Em prestações. Vagarosamente.";"kufuta rikongo mukásosakásosa";"";"";""
"";"Kásoso";"Argueiro. Centelha. Fagulha.";"kásosoka tûbia";"";"";""
"";"Kasuásua";"Estugamento; pressa.";"kuenda kasuásua";"";"";""
"";"Kásule";"Filho último, derradeiro.";"morami ua kásule";"";"";""
"";"Kásutu";"Porção de barba na parte inferior do queixo.";"muézu ua kásutu";"";"";""
"";"Katala";"pov. na margem esquerda do rio Quango, distr. da Lunda, prov. de Malange.";"katala ka jinga";"";"";""
"";"Katanu";"Quinto.";"mona uakatanu";"";"";""
"";"Katanu";"A pessoa ou coisa que numa série de cinco ocupa o último lugar.";"mâxi uakatanu";"";"";""
"";"Katari";"Planta apocinaceae fam. das hipogíneas (diplorhynchos psilopus), que destila um suco leitoso. | Planta trepadeira com látex borrachífero";"katarimbulu";"";"";""
"";"Katari";"hist. Coluna de pedra junto à qual se expunham e castigavam os criminosos. | Pelourinho, lugar de suplício. | Antigo bairro, hoje Largo do Pelourinho, da cidade de Luanda.";"katarika balanga";"";"";""
"";"Katari";"Palmatória; instrumento com que se bate nas mãos.";"katarika jinguia";"";"";""
"";"Katata";"Paterno. | Paternal.";"ku mulji uakatata";"";"";""
"";"Katata";"Paterno. | Paternal.";"ku mulji ua katata";"";"";""
"";"Katâtu";"Terceiro: kalari u afu.";"kalari u afu,katâtuu alengue";"";"";""
"";"Katâtu";"Terceiro: kalari u afu.";"katâtu u alengue";"";"";""
"";"Katâtu";"O terceiro. | A terça parte, ou o terceiro dia da semana.";"mu kizuua kiakatâtu";"";"";""
"";"Katâtu";"O terceiro. | A terça parte, ou o terceiro dia da semana.";"mu kizuua kia katâtu";"";"";""
"";"Katâtu";"Terceira vez. | Em terceiro lugar.";"u êzakatâtu";"";"";""
"";"Katâtu";"Terceira vez. | Em terceiro lugar.";"u êza katâtu";"";"";""
"";"Katekelu";"e sub. Regadio. | Diz-se da terra que tem água com que pode ser regada.";"ixi iakatekelu";"";"";""
"";"Katekelu";"e sub. Regadio. | Diz-se da terra que tem água com que pode ser regada.";"ixi ia katekelu";"";"";""
"";"Kateketeke";"Mindinho. | Meiminho.";"mulembu uakateketeke";"";"";""
"";"Kateketeke";"Mindinho. | Meiminho.";"mulembu ua kateketeke";"";"";""
"";"Katénde";"À maneira de lagartixa. | É tb. adj.";"kubuimakaténde";"";"";""
"";"Katénde";"À maneira de lagartixa. | É tb. adj.";"kubuima katénde";"";"";""
"";"Katêndu";"adj. Ousado; atrevido. | Desrespeitoso. | Desobediente.";"Mukuakatêndu";"";"";""
"";"Katêndu";"adj. Ousado; atrevido. | Desrespeitoso. | Desobediente.";"Mukua katêndu";"";"";""
"";"Katéta";"Tenro; novo. | Nanco. | De raça pequena. | Pequeno; miúdo.";"sanji la katéta";"";"";""
"";"Katéta";"Tenro; novo. | Nanco. | De raça pequena. | Pequeno; miúdo.";"mbutu ia katéta";"";"";""
"";"Katéte";"Passarinho conirostro.";"kunonga, u anongo o Nzamba; katéte fundanga tu azange";"";"";""
"";"Katongona";"Pesquisador; depilador.";"katongona jinvi";"";"";""
"";"Kátota";"Diz-se da pessoa que tem um olho cego.. | Zarolho.";"Zànaga: kátota risu";"";"";""
"";"Katubia";"Fogo de pouca intensidade | Brasa.";"ngi behelekatubia";"";"";""
"";"Kátuka";"Ora, deixa-me.";"kátukaze";"";"";""
"";"Kátuka";"Larga-me, então.";"kátukape";"";"";""
"";"Kátuka";"Mas afasta-te.";"kátukabo";"";"";""
"";"Kátuka";"Sai d'aí, desse lugar.";"kátukabu";"";"";""
"";"Katule";"Exceto. | Salvo. | Afora. | Não incluindo.";"enu nuia, katulelo";"";"";""
"";"Katule";"Exceto. | Salvo. | Afora. | Não incluindo.";"ene alenge, katulendeg'iami";"";"";""
"";"Katule";"Aparte. | Além de.";"katule io, oso ene êi";"";"";""
"";"Katungu";"Exceção; exclusão.";"ki bu al'êkatunguk'atu";"";"";""
"";"Kauenda";"Pau de fileira.";"mûxi uakauenda";"";"";""
"";"Kauéue";"Planta forrageira fam. das gramíneas (Panicum madagascariensis) com que, depois de seca, se enchem os colchões.";"iangu ia kauéue";"";"";""
"";"Kávalu";"Amigo de inverno.";"kávalu ka mutunge tanga; tanga i kabu, uamba uabatuka";"";"";""
"";"Kávanza";"Falta de método, de ordem. | Confusão. | Trapalhada. | O que não se entende.";"kubanga kávanza";"";"";""
"";"Kavava";"Cambaio. | De pernas curtas. | Pessoa baixa, gorda e de pernas arqueadas. fig. Batoque.";"sanji ia kavava";"";"";""
"";"Kavula-ndunge";"Dextro. | Astucioso. | Que tem muitos recursos intelectuais. fig. Manhoso.";"kavula-ndunge ákola";"";"";""
"";"Kávutu";"Retrocedente. | Que perdeu o que já tinha.";"mbaku ia kávutu";"";"";""
"";"Kawana";"A quarta vez.";"nganga u a uane";"";"";""
"";"Kawana";"O quarto dia de semana.";"mu kizuua kia kauâna";"";"";""
"";"Kaxakatu";"Esfregação. | Roce. | Diz-se da fricção de um pequeno pau sobre uma tabuinha como meio de adivinhar o futuro.";"muzambu ua kaxakatu";"";"";""
"";"Kaxâxi";"Metade. | Ponto equidistante das extremidades. | Ponto central. | Parte de um todo, Porção.; quinhão.";"ngi bane kaxâxi ka mulele";"";"";""
"";"Kaxâxi";"Metade. | Ponto equidistante das extremidades. | Ponto central. | Parte de um todo, Porção.; quinhão.";"bu kaxâxi";"";"";""
"";"Kaxâxi";"Meio. | Meado; médio.";"kaxâxi ka kizuua";"";"";""
"";"Kaxâxi";"que indica situação ou espaço em meio ou dentro de. Entre: bu'axâxi ka njila jiiari. | No meio de.";"o rimi u atunga bu kaxâxi ka maju";"";"";""
"";"Kaxexetela";"Pouco audível. | Que se faz sem ruído. | Secreto; oculto.";"u banga kaxexetela";"";"";""
"";"Kaxexetela";"Pouco audível. | Que se faz sem ruído. | Secreto; oculto.";"uêza kaxexetela";"";"";""
"";"Kaxexetela";"Surrepticiamente; mansamente. | Insensivelmente. | À calada; em silêncio.";"huenda kaxexetela";"";"";""
"";"Kaxi";"Então. | Acaso; porventura? Talvez.";"ndê kaxi";"";"";""
"";"Kaxi";"Então. | Acaso; porventura? Talvez.";"eie u afika kaxi kiebi";"";"";""
"";"Kaxi";"de impaciência ou ironia.";"eie kaxi u a ki bangela ngánji";"";"";""
"";"Kaxi";"Meio; metade | Que está no meio ou entre dois. | Médio. | Que exprime o meio termo.";"mu kaxi";"";"";""
"";"Kaxi";"Entre; no meio ou dentro de";"mu kaxi ka'nzo";"";"";""
"";"Kâxi";"Terriola. | Lugarejo. | Terrinha.";"kâxi ka ufele";"";"";""
"";"Káximba";"Engodo. | Pergunta ilusória para sabermos o que desejamos.";"Kiúria káximba";"";"";""
"";"Kaxinde";"planta medicinal da família das verbenáceas (valerianoides jamaicandis), tb. conhecida por «chá de Mossamedes»";"kaxinde ka menha";"";"";""
"";"Kaxinde";"Arbusto labiado de folhas odorosas (myrathamnus flabellifolia), de propriedades tónicas em casos de reumatismo.";"kaxinde ka ndanji";"";"";""
"";"Káxinji";"adj. Regateador | Que discute o preço do que compra ou adquire. | Regatão.";"Mukua káxinji";"";"";""
"";"Káxinji";"Rato de palmeira; esquilo.";"iakáxinji'a-ngele ia kuria ngo; ia kabuja-nganga i ta o itari";"";"";""
"";"Káxinji";"Rato de palmeira; esquilo.";"káxinji 'a ngele";"";"";""
"";"Kaxinyi";"Pedacinho; pequena parte. | Coto. | Troço.";"kaxinhi ka nvela";"";"";""
"";"Káxitu";"Carninha. | Animalzinho.";"káxitu ka buta o mutala kiba kie ki lala o ngóma";"";"";""
"";"Káxu";"Desprezo; escárnio; zombaria. | Objeto de desprezo. | Mofa.";"ala ku mu luisakáxu";"";"";""
"";"Kazáka";"Mimo; aca-pipe.";"kazáka ka ria holome";"";"";""
"";"Kazeia";"Uma das muitas variedades de mandioca de pequenas proporções. | Farinha feita desta mandioca.";"kiringu kiakazeia";"";"";""
"";"Kázola";"Estimado; preferido; amado.";"kázolakâmi";"";"";""
"";"Kázola";"V. Sándu.";"Sandu iakázola";"";"";""
"";"Kazukuzuku";"Pequena poupa. | Plumagem na cabeça das aves.";"sanji iakazukuzuku";"";"";""
"";"Kázunu";"Provocação; desafio; repto. | Ato de provocar.";"kusungakázunu";"";"";""
"";"Ke";"Da sua pessoa.";"ngi bane o kakoxake";"";"";""
"";"Ke";"Pertencente à pessoa dele.";"o kanjilakek'alenge";"";"";""
"";"Ke";"O dela; o dele.";"okek'afú lêlu";"";"";""
"";"Ké";"Da tua ou pertencente à tua pessoa.";"o kangulu – k'avuala";"";"";""
"";"Ké";"sub. O teu; o da tua pessoa.";"oké'kaburika";"";"";""
"";"Ké";"interrog. Qual.";"o k'abandu ké,ké?";"";"";""
"";"Ké";"interrog. Qual.";"o k'abandu ké";"";"";""
"";"Kebe";"Barriga.";"keberia ngulu";"";"";""
"";"Kêbi";"e pron. interrog. (X) Qual (entre vários)";"o kapoko kékêbi?";"";"";""
"";"Kêbi";"e pron. interrog. (X) Qual (entre vários)";"o kapoko kékêbi";"";"";""
"";"Kéka";"Diz-se da pessoa ou coisa que aparece ou assoma de repente.";"u êri–!";"";"";""
"";"Kéle";"Úbere.";"–kia hombo";"";"";""
"";"Kelema";"Quermes.";"máji makelema";"";"";""
"";"Kende";"Bola.";"kenderia makanha";"";"";""
"";"Kene";"que indica falta, exclusão, condição. | Sem, sem pena, sem nome, etc.";"kenehenda";"";"";""
"";"Kene";"que indica falta, exclusão, condição. | Sem, sem pena, sem nome, etc.";"kenerijina";"";"";""
"";"Kêne";"de afirmação. Sim; o mesmo.";"o kamburi kandkênek'alenge";"";"";""
"";"Kenene";"demonstr. do que está exposto, à mostra. | A.";"majukenene";"";"";""
"";"Kêngi";"Não semelhante. | Distinto: outro. | Diverso. | Não igual; não este. | Diferente.";"kahombo kêngi";"";"";""
"";"Kêngi";"Não semelhante. | Distinto: outro. | Diverso. | Não igual; não este. | Diferente.";"kamuxi kêngi";"";"";""
"";"Kenu";"Vosso; vossa. | Das vossas pessoas.";"kambia kenu k'aburika";"";"";""
"";"Kenu";"adv. e pron. poss. pl. Propriamente vosso.";"kenu enu";"";"";""
"";"Ketu";"Nossa; nosso. | Das nossas pessoas.";"kambua ketu k'auaba";"";"";""
"";"Ketu";"etu, adv. e pron. poss. pl. Verdadeiramente nosso. Pertencente às nossas pessoas.";"kanzo ketu 'etu";"";"";""
"";"Kéza";"Diz-se da criança que nasce com dentes. | Benvindo.";"ngana --, uêza ni maju me";"";"";""
"";"Kí";"No momento em que. | Quando. | Logo que; como; assim que.";"u ngi sánga kí u vutuka";"";"";""
"";"Kí";"Durante o tempo. | E; quanto. | Entretanto.";"eie tunde kí u axikama";"";"";""
"";"Kí";"de neg. Não.";"muene-luua eza";"";"";""
"";"Kí";"de neg. Não.";"o io-mon'ê ua mbote";"";"";""
"";"Kí";"Cousa nenhuma. | Nada. | O que não existe.";"kí kima";"";"";""
"";"Kí";"Cousa nenhuma. | Nada. | O que não existe.";"kí buene";"";"";""
"";"Kí";"de tempo. Quando.";"kí úia, u ng'ambela";"";"";""
"";"Kí";"(servindo de sujeito). Que.";"zuela kioso-u amono";"";"";""
"";"Kí";"concord. dos sub., adj., pron. e adv. da III cl., etc.";"kimuna kí etu";"";"";""
"";"Kí";"concord. dos sub., adj., pron. e adv. da III cl., etc.";"kima kí êngi kí ng'a sumbu";"";"";""
"";"Kí";"demonstr. Aquele; aquela; aquilo.";"ng'amono kí ng'andatele";"";"";""
"";"Kí";"demonstr. Aquele; aquela; aquilo.";"ng'abange kí ua ng'ambela";"";"";""
"";"Kí";"Esse; essa; o; a.";"ngi kí muena ku kilu";"";"";""
"";"Kí";"Esse; essa; o; a.";"ng'u kí âmbe";"";"";""
"";"Kia";"Empregado na 3.ª pessoa. Seus, suas.";"kilende kia";"";"";""
"";"Kia";"Empregado na 3.ª pessoa. Seus, suas.";"kilendekia";"";"";""
"";"Kia";"De si; próprio.";"êza ni kitari kia";"";"";""
"";"Kia";"Preposição que une ao nome o seu complemento. De.";"kinu kia múxi";"";"";""
"";"Kia";"Preposição que une ao nome o seu complemento. De.";"kibuka kia jingenji";"";"";""
"";"Kiá";"Neste momento, agora, já.";"u ai kiá";"";"";""
"";"Kiá";"Interrogativo.";"dri kiá?";"";"";""
"";"Kiá";"Interrogativo.";"dri kiá";"";"";""
"";"Kiáie";"Teu; tua.";"kima kiáie";"";"";""
"";"Kiakale";"Conjunção disjuntiva. Ou...quer.";"kiakale ki eme ng'a ku sasele";"";"";""
"";"Kiakamukuá";"Não este. Outro. Diferente. Não igual. Mais um; seguinte. Precedente; restante.";"kibuna kiakamukuá";"";"";""
"";"Kiakamukuá";"Não este. Outro. Diferente. Não igual. Mais um; seguinte. Precedente; restante.";"ngi bekele kiakamukuá";"";"";""
"";"Kiáku";"Lenço. Tecido próprio para a gente se assoar.";"kiáku kia mutue";"";"";""
"";"Kiamuise";"Mamífero.";"mukua kiamuise";"";"";""
"";"Kiándu";"Poltrona. | Assento de cerimónia dos monarcas, dos magistrados, etc.. | Cátedra. | Trono. | fig. Cargo. | Função. | Emprego.";"kiándu kia soba";"";"";""
"";"Kiándu";"Poltrona. | Assento de cerimónia dos monarcas, dos magistrados, etc.. | Cátedra. | Trono. | fig. Cargo. | Função. | Emprego.";"u axikama ku kiándu";"";"";""
"";"Kiánga";"Ilusão produzida por artes sobrenaturais. | Fascinação. | Magia. | Encanto. | Produção de atos extraordinários. | Prestigiação; feitiçaria.";"katambula kiánga";"";"";""
"";"Kianji";"Fábrica; engenho. | Máquina.";"kianji kia miênge";"";"";""
"";"Kiánzu";"Guarida de passarinhos. | Ninho. | Abrigo; refúgio.";"kiánzu kia njila";"";"";""
"";"Kiári";"Demonstração cativante de benevolência, afeição ou amor. | Carinho. | Prova de simpatia, de bondade. | Fineza; graça; prazer.";"mon'u mutu a mu sasa ni henda ni kiári";"";"";""
"";"Kiári";"Demonstração cativante de benevolência, afeição ou amor. | Carinho. | Prova de simpatia, de bondade. | Fineza; graça; prazer.";"ngi bane o kiári kia muxima";"";"";""
"";"Kiáu";"Cabaça onde as abelhas fabricam a cera e o mel. Cortiço.";"kiáu kia uiki";"";"";""
"";"Kiáu";"Vaso ou saco de peles para guardar sal. | Depósito; bolsa.";"kiáu kia mungua";"";"";""
"";"Kiba-mucnu";"adj. e sub. (III) Protetor. | Salvador. Redentor. Presidente. | Advogado; Libertador. p. ext. O que dá vida.";"kiba-mucnu kietu";"";"";""
"";"Kiba-muenyu";"Protetor. | Salvador. | Redentor dos homens. | Amparador. | Libertador. p. ext. O que dá vida.";"kiba-muenhu kietu";"";"";""
"";"Kibàbu";"Bofetão; sopapo.";"a mu bana kibàbu";"";"";""
"";"Kibála";"V. ndênde.";"kibála ndênde";"";"";""
"";"Kibála";"V. tendu.";"kibála tendu";"";"";""
"";"Kibála";"Imposta. Diz-se dos encontros dos tetos quando descansam sobre os paus da cumeeira. Rins.";"kibála nganga";"";"";""
"";"Kíbalala";"Filamento. | Fibra. | O que pode ser dividido em fios próprios para serem tecidos.";"kíbalalakia mbondo";"";"";""
"";"Kibama";"Diz-se dos primeiros sinais de gravidez dos animais. | A primeira gestação.";"kibama kia ngulu";"";"";""
"";"Kibándu";"Artefato de mateba para limpar ou secar cereais. Joeira. | Cesto de palha em forma de disco. | Balaio.";"kibándukia kusesela pone";"";"";""
"";"Kibánga";"Curral; redil; pocilga; aprisco. | Malhada.";"kibángakia jingombe";"";"";""
"";"Kibanu";"Dádiva; presente. Direito de dar.";"kibanu kiâmi";"";"";""
"";"Kibanu";"Dádiva; presente. Direito de dar.";"kibanu kiami";"";"";""
"";"Kibánya";"adj. Magnificente. Que faz aparato, pompa. Ostentador.";"Mukua kibánha";"";"";""
"";"Kibása";"Esteira ou saco de mateba velho. Espécie de padiola feita de palha ou vime para transportar cadáveres. Esquife.";"kibása kia rixisa";"";"";""
"";"Kibateku";"Tampa de barro com que se cobre panela ou cântaro. Têsto; cobertura. Batoque.";"kibateku kia muringe";"";"";""
"";"Kibatu";"Paragem; espera. Cada uma das temporadas em que se divide o ano. Época; período; quadra. Lugar onde esperam os salteadores. Sítio encoberto para esperar caça ou a quem se quer atacar de surpresa";"kibatu kia muvu";"";"";""
"";"Kibatu";"Paragem; espera. Cada uma das temporadas em que se divide o ano. Época; período; quadra. Lugar onde esperam os salteadores. Sítio encoberto para esperar caça ou a quem se quer atacar de surpresa";"kibatu kia kixibu";"";"";""
"";"Kibátu";"Cápsula; casca. Invólucro de certas sementes. Película. fig. Mentira, peta.";"kibátu kia rikezu";"";"";""
"";"Kibatubátu";"Involtório dos troncos. Corcho. Revestimento de plantas. Cavaca., mica.";"kibatubátu kia mulemba";"";"";""
"";"Kibatubátu";"Involtório dos troncos. Corcho. Revestimento de plantas. Cavaca., mica.";"kibatubátu kia nzanji";"";"";""
"";"Kibatulu";"Divisória. Qualquer objeto que serve para separar espaços confinantes. muro, etc. | Separação. | Divisão (de um trabalho, de um assunto). | Capítulo; artigo. | Corte.";"ritari riakibatulu";"";"";""
"";"Kibebe";"Sofreguidão; ânsias.";"kibebekia nzala";"";"";""
"";"Kibebe";"Impetuosidade.";"kibebe kia mulenge";"";"";""
"";"Kibekele";"Volúvel; que se oferece. | Maleável; inconstante.";"kibekelekia malu";"";"";""
"";"Kibendu";"Tortuosidade. Estado do que não é vertical. Inclinação; desvio.";"muxi u ala kibendu";"";"";""
"";"Kibêndua";"ir aos zig-zags. Ir aos SS.";"kibêndua kibêndua";"";"";""
"";"Kibétu";"Armadilha. Alçapão; Ratoeira. Laçada. Esparrela. fig. Emboscada; espera.";"kibétu kia njila";"";"";""
"";"Kibétu";"Armadilha. Alçapão; Ratoeira. Laçada. Esparrela. fig. Emboscada; espera.";"kibétu kia jipuku";"";"";""
"";"Kibexi";"Antiga pov. e sobado deste nome próximo do conc. de Calumbo, margem direita do rio Quanza.";"sanzala ia soba. kibexi";"";"";""
"";"Kibéze";"Digno de ser adorado. Que deleita ou encanta. Adorável. Que se tem amor, que se presta culto.";"kibéze kiami kia muxima";"";"";""
"";"Kibhaku";"Assento de pau; mocho.";"mutue ki u zuel'ê a u bilula kibaku";"";"";""
"";"Kibhangelu";"Peça que serve para armar outra, comunicando-lhe o seu feitio. Molde; forma.";"kibangelu kia ikoto";"";"";""
"";"Kibhasu";"Fragmento; pedaço; lasca. Lascado. Caco.";"kibasu kia ritari";"";"";""
"";"Kibhuka";"Caravana; cáfila; grupo. | Magote; rancho. | Turma.";"kibuka ki' atu";"";"";""
"";"Kibhuka";"Caravana; cáfila; grupo. | Magote; rancho. | Turma.";"kibuka kia Jingenji";"";"";""
"";"Kibhukala";"Cada uma das partes ou camadas que constituem o tronco da bananeira. | Também se chama kiába.";"kíbukala kia imuhónjo";"";"";""
"";"Kibiaxi";"adj. Que tem caspa. | Felpudo.";"Mukua kibiaxi";"";"";""
"";"Kibiia";"Maneio. | Ato de menear. Dança que consiste em menear o corpo.";"kukina kibiia";"";"";""
"";"Kibilu";"Mudança de forma ou de qualidade. | Conversão. | Transformação.";"kibilu kia kitari";"";"";""
"";"Kibindu";"Pedido de assistência. | Convite; solicitação; obséquio. | Prática habitual. | Tradição. Costume. | Modo de proceder. | Memória; recordação; símbolo; uso.";"kibindu kia 'xi";"";"";""
"";"Kibinji";"Situação difícil ou perigosa:";"ngala bu kibiri ni kibinji";"";"";""
"";"Kibiri";"Martírio:";"ngala bu kibiri ni kibinji";"";"";""
"";"Kibise";"Madurador:";"luânha kibise";"";"";""
"";"Kibisu";"Sazão:";"mu kibisu kia jindende";"";"";""
"";"Kibitise";"Passador:";"kibitise kia máji";"";"";""
"";"Kibitise";"Utensílio com fundo ralo para limpar cal ou areia das impurezas que traz:";"kibitise kia mavu";"";"";""
"";"Kiboiongo";"Estarim.";"u ala mu kiboiongo";"";"";""
"";"Kiboiongo";"Estarim.";"uala mu kiboiongo";"";"";""
"";"Kibolêle";"Tocado, meio estragado.";"kibolêle kia rihonjo! Podre";"";"";""
"";"Kibongolóle";"Ajuntamento; grupo.";"kibongolóle ki' atu";"";"";""
"";"Kibósa";"planta têxtil.";"kibósa kia iala";"";"";""
"";"Kibósa";"planta malvácea.";"kibósa kia muxitu";"";"";""
"";"Kibóta";"Podridão.";"kibóta kia kalunga";"";"";""
"";"Kibozo";"Voz habitual do cão.";"kibozo kia ' mbua";"";"";""
"";"Kibu";"Placenta.";"kibu ni jingoji";"";"";""
"";"Kibubise";"Que faz vazar ou correr como líquido. | Que provoca hemorragia.";"kibubise kia manhingu";"";"";""
"";"Kibubulu";"Desatinado. | Destituído de inteligência. | Vão; frívolo. | Vazio; oco. | Leve. | Despejado; sem consistência.";"kibubulu kia mbinda";"";"";""
"";"Kibuise";"Terminal. | Que faz acabar, extinguir, pôr fim. Que faz chegar ao fim.";"kibuise kia maka";"";"";""
"";"Kibululu";"Espaço que fica vazio ou desocupado entre dois ou mais objetos.";"mukibululukia ribitu";"";"";""
"";"Kibuna";"Tribuna.";"kibuna kia milonga";"";"";""
"";"Kibundu";"Mortalha.";"kibundu kia kalunga";"";"";""
"";"Kibúndu";"Proveito; interesse; lucro.";"kibúndu kia uênji";"";"";""
"";"Kibúnga";"ornato tecido de palha fina e metais preciosos que cobria a cabeça dos soberanos.";"kibúnga kia ngaji";"";"";""
"";"Kibuse";"Assoprador.";"a kibuse à risu pala kuiva ki na kanu";"";"";""
"";"Kibuse";"Soprador.";"kibuse a tubia";"";"";""
"";"Kíbuta";"Tropeção. Ato ou efeito de ir com a ponta do pé de encontro a alguma coisa.";"ng' aribe kíbuta";"";"";""
"";"Kibutu";"Tosquia.";"kibutu kia jimburi";"";"";""
"";"Kibutu";"Época em que se costuma tosquiar.";"mu kibutu kia mâvu uná";"";"";""
"";"Kibútu";"Saco de grandes dimensões próprio para cereais.";"kibútu kia fuba; kibútu kia masa";"";"";""
"";"Kibúzu";"Mau cheiro (da boca)";"mu kanu mu ala kunúa kibúzu";"";"";""
"";"Kibúzu";"Canda velha, sem utilidade.";"ulungu ua kibúzu";"";"";""
"";"Kie";"Pertencente à sua pessoa.";"o ki-kunzu – kiafu";"";"";""
"";"Kie";"Dele mesmo.";"kiemuene";"";"";""
"";"Kie";"Que não é de outro.";"o kim'eklkie";"";"";""
"";"Kié";"Teu, tua.";"kihàmba – kiki";"";"";""
"";"Kié";"Da tua pessoa.";"o kibukirllu – ki alanduka";"";"";""
"";"Kiéki";"Já; neste momento.";"–muene";"";"";""
"";"Kiémba";"trabalhar, caminhar ou fazer algo de tarde.";"Kuta kiémba";"";"";""
"";"Kiengéle";"Influência que uma coisa exterior exerce no organismo.";"u ala ni–kla mbámbi";"";"";""
"";"Kiése";"adj. Cicioso.";"Mukua kiése";"";"";""
"";"Kifánda";"Soldado; ascenso.";"kifánda kia soba";"";"";""
"";"Kifele";"pequenino.";"kifele fele";"";"";""
"";"Kifika";"Comparação. Qualquer facto aduzido como demonstração. Modo indireto de representar uma ideia ou coisa sob a aparência de outra. Narração alegórica que envolve algum princípio de moral. | Alegoria. | Parábola.";"kuta kifika";"";"";""
"";"Kifikirilu";"Anteparo. | Biombo; resguardo; abrigo. | fig. Defesa.";"kifikirilu kla túbia";"";"";""
"";"Kifófo";"Cego. | fig. Ignorante.";"kifófo kia mesu";"";"";""
"";"Kífuba";"Osso. | fig. Peso.";"kífuba k'a ki tex'á ni xitu";"";"";""
"";"Kîfue";"Suscetível de morrer. | Mortal. | Semelhante a cadáver. fig. Inerte.";"o mutu kîfue";"";"";""
"";"Kifuke";"Fumo que pela ação do calor se desprende dos corpos húmidos: kia kixibu. Vapor; tumo. Força expansiva da água vaporizada. Exalação; miasma.";"kifuke kia utalale";"";"";""
"";"Kifuke";"Fumo que pela ação do calor se desprende dos corpos húmidos: kia kixibu. Vapor; tumo. Força expansiva da água vaporizada. Exalação; miasma.";"kifuke kia mênha";"";"";""
"";"Kifukunukinu";"Reaparição. Ressurgimento. Ressurreição.";"mu kifukunukinu kia Kristu";"";"";""
"";"Kifulu";"Miope. Catacego. fig. Raiva; cólera; irritação.";"kifulu ni kifofo";"";"";""
"";"Kifulu";"escuma; bolha. O que se forma à superfície das substâncias fermentadas. Reação produzida por um fermento.";"kifulu julu";"";"";""
"";"Kifúsa";"Depravado; corrupto; indecente. Torpe; porco; ingrato. Desprezível; indigno.";"kifúsa Kia muxima";"";"";""
"";"Kifute";"Suador.";"kubana kifute";"";"";""
"";"Kifutu";"Parte por onde se dobrou uma coisa e o vinco ou prega que resulta.";"kifutu kia mulele";"";"";""
"";"Kifutu";"Bebida ou remédio que se toma para suar.";"kutambula kifutu";"";"";""
"";"Kifuxi";"Multidão.";"kifuxi hia'tu";"";"";""
"";"Kifwa";"Forma ou disposição exterior dos corpos. | Configuração.";"kifua kia mukútu";"";"";""
"";"Kifwa";"Figura que apresenta um grupo de coisas dispostas de certa maneira. | Similhança.";"kifua kirifangana";"";"";""
"";"Kifwa";"Hábito, qualidade; costume. | Carácter que reveste alguém. | Estilo; porte; forma; modo";"kifua kie kia";"";"";""
"";"Kifwa";"Particularidade que faz com que as pessoas ou as coisas se distingam das outras da sua espécie.";"o maluvu'oma ma kifua kiêngi";"";"";""
"";"Kihabu-habu";"adj. Sófrego; Sequioso; muito desejoso.";"Muhua kihabu-habu";"";"";""
"";"Kihándu";"Peça móvel que imprime a direção do navio.";"kihándu kia kibula";"";"";""
"";"Kihenene";"Rancor.";"u angi kuatela kihenene";"";"";""
"";"Kiholongonyo";"Caveira. | Cabeça descarnada.";"kiholongonho kia mutue ua mutu";"";"";""
"";"Kihombo";"Sinantéria; suas raízes utilizadas para fins tinturiais.";"kihombo muxi";"";"";""
"";"Kihúhu";"Lepra; Coisa nociva e contagiosa.";"uhaxi ua kihúhu";"";"";""
"";"Kihumbu";"Privado (por corte) de qualquer membro do corpo. | Mutilado. | Mutilo.";"kihumbu kia kinanta";"";"";""
"";"Kihungululu";"Desenfreamento. | Furor. | Arrebatamento; destempero.";"kihungululu kia uhabu";"";"";""
"";"Kihúnji";"Parte da espingarda onde fica a vareta e resguarda o cano.";"kihúnji kia uta";"";"";""
"";"Kiickoioko";"Esfalfamento; fadiga.";"uhaxi ua kiickoioko";"";"";""
"";"Kiiéie";"Êdo.";"ixia kiiéie";"";"";""
"";"Kiiengu";"Dança de cabindas.";"kukina kiiengu";"";"";""
"";"Kiinbuua";"adj. Que se impressiona ou espanta facilmente. | Assustadiço.";"Mukuakiinbuua";"";"";""
"";"Kiiúku";"Prática ou exercício do que é direito.";"kubanga kiiúku";"";"";""
"";"Kijengetela";"Sinal; mancha.";"kijengetela kia manhinga";"";"";""
"";"Kijibha";"Homicídio; assassínio; morte violenta.";"mu' xi mu abiti kijiba";"";"";""
"";"Kijibha";"Matança.";"kijiba kia jingulu";"";"";""
"";"Kijibha";"homicida; assassino; facínora. Grande criminoso.";"kijiba nganga";"";"";""
"";"Kijikame";"Causa proibida.";"maluvu am' ate kijikame";"";"";""
"";"Kijíla";"Abstenção; privação de prática de certos atos. Abstinência.";"a ngi buna kijíla kia kuenda usuku";"";"";""
"";"Kijimbe";"adj. Que se esquece facilmente.";"Mukua kijimbe";"";"";""
"";"Kijimbuluilu";"O que uma coisa quer dizer. Significação. Explicação. Significado.";"o Kizuelu ki kamb' ê kijimbuluilu";"";"";""
"";"Kijimíse";"Que faz extinguir, apagar, desaparecer. Extintor. Apagador.";"kijimíse kia tubia";"";"";""
"";"Kijinganu";"Culto secreto. | Mistério. Dogma religioso. | Tudo que tem uma causa oculta ou nos parece inexplicável. | Segredo.";"kijinganu kia nzambi";"";"";""
"";"Kijirila";"Afeição; inclinação; amizade. | Tendência natural para uma pessoa ou coisa. | Simpatia.";"eie u akamba o kijirila";"";"";""
"";"Kijirisa";"Conhecimento. | Conjunto de noções relativas a um assunto. | Relações pessoais. | O que faz saber ou conhecer.";"kijirisa kia mutu ki atunda mu kuxa nga";"";"";""
"";"Kíka";"Semelhança com os antepassados. | Atavismo. | Propriedade dos seres reprodutores de comunicarem aos descendentes qualidades ou defeitos que lhes eram particulares.";"kíka kia muífi ua";"";"";""
"";"Kíka";"Pecado capital; crime de origem. | Dogma ou preceito religioso que se transmite aos vindouros. | fig. Proscrição.";"kíka ki atuxila kuku' etu";"";"";""
"";"Kíka";"adj. Pecador. | Atávico.";"Mukua kíka";"";"";""
"";"Kikála";"Salvo se; só se. | A não ser que.";"kikála ngi fuá";"";"";""
"";"Kikalakari";"Obra: — kia ngana Ato; feito. | Produto de um agente. | Labor.";"kikalakari kia ngana Acto";"";"";""
"";"Kikále";"Ainda que; não obstante. | Ou. | (Entra na composição de várias locuções, éne amoxi)";"kikále iú";"";"";""
"";"Kikále";"Ainda que; não obstante. | Ou. | (Entra na composição de várias locuções, éne amoxi)";"kikále uuá";"";"";""
"";"Kikanga";"— 'a-njila, bot. Árvore da família das rubiáceas (cantium medusula), de utilidade medicinal.";"Kikanga 'a-njila";"";"";""
"";"Kikange";"Mukua —, adj. Mascarino.";"Mukua Kikange";"";"";""
"";"Kikau";"Exercício de: corrida para disputa de algo. | Campeonato.";"kuta kikau";"";"";""
"";"Kikaukau";"Ânsia de beber. | Misto de sede e de cansaço. | Diz-se do estado sequioso de quem percorreu grandes distâncias.";"ng'eza ni kikaukau";"";"";""
"";"Kikaxi";"O que fica da cana de açúcar ou do dendém depois de extraído o suco. | Bagaço.";"kikaxi kia muênge";"";"";""
"";"Kikele";"O que acode ao anzol ou à nassa. | O que se pode pescar. | Frango do mar; taneca. | Peixe (cacuço)";"ioso i afu mu muzuua kikele";"";"";""
"";"Kikelengu";"Esófago. | Canal estomacal. (Diz-se dos animais)";"kikelengu kia ngombe";"";"";""
"";"Kikengele";"Soslaio. | Esguelha. | Diagonal.";"u ala kikengele";"";"";""
"";"Kíki";"demonstr. (III) Isto. | Esta (coisa); este (objeto)";"kima kíki ki auaba";"";"";""
"";"Kíki";"Assim. | Desta maneira. | Do mesmo modo.";"eie u banga kíki";"";"";""
"";"Kíki";"interrog. E então? E agora.";"o kíki";"";"";""
"";"Kikola";"(III) Funesto; grave; perigoso. | Defeso; não pode ser.";"k' u ki bange, kikola";"";"";""
"";"Kikólo";"Desfiladeiro; vale. | O cavado das águas.";"mu kikólo kia Kalunga";"";"";""
"";"Kikolokolo";"Cachaço.";"kikolokolo kia xingu";"";"";""
"";"Kikonda";"Guarnição; cercadura; orla. | Cerco. | Sítio.";"o'xiaite kikonda";"";"";""
"";"Kikónda";"Tegumento; pele. | Epiderme.";"kikónda kia mututu";"";"";""
"";"Kikongo";"Língua do Congo.";"kuzuela kikongo";"";"";""
"";"Kikongo";"Coronha.";"kikongo ki ûta";"";"";""
"";"Kikonzo";"Valado; sebe. | Terreno cercado ou defendido com sebes.";"kuta kikonzo";"";"";""
"";"Kíkota";"A parte mais grossa de qualquer instrumento, planta, etc. | Pé; tronco. | Pedúnculo; sopé; base.";"kíkota kia muênge; o mûxi a u kuatela ku kíkota";"";"";""
"";"Kíkota";"O polegar. | Cabo.";"mulembu ua kíkota";"";"";""
"";"Kíkoto";"Invólucro que orna a pata dos equídeos, bovídeos e similhantes. | O casco dos ruminantes.";"kíkoto kia ngombe";"";"";""
"";"Kíkóto";"Angústia. | Sentimento motivado por uma desgraça ou perda de pessoa querida e pela qual se torna taciturno e pouco falador. | Desgosto; pesar; mágoa.";"kíkóto kia muxima";"";"";""
"";"Kikotongo";"Base; raiz. | A parte inferior do vegetal ou a mais grossa de uma coroa. | A parte da haste que adere ao tronco, ou de um apêndice ao corpo.";"kikotongo kia muxi";"";"";""
"";"Kíkoua";"Pele espessa dos grandes quadrúpedes. | Couro. | Pele grossa surrada. | Cabedal (para calçado)";"kíkoua kia pakasa";"";"";""
"";"Kikôwe";"Aclamação. | Clamor de aplausos. | Ato solene com que se eleva ao trono o soberano ou seu herdeiro. | Proclamação.";"kukóla kíkoue";"";"";""
"";"Kikôwe";"Aclamação. | Clamor de aplausos. | Ato solene com que se eleva ao trono o soberano ou seu herdeiro. | Proclamação.";"muimbu ua kíkoue";"";"";""
"";"Kikuanyi";"interrog. (I) Que; qual; quem.";"tu amba kikuanhi";"";"";""
"";"Kikuanyi";"interrog. (I) Que; qual; quem.";"tu xa kikuanhi?";"";"";""
"";"Kikuanyi";"interrog. (I) Que; qual; quem.";"tu xa kikuanhi";"";"";""
"";"Kikuanzumba";"Nome fabuloso pelo qual é conhecida a águia. A ave em que Júpiter se transformou para arrebatar Ganimedes.";"kikuanzumba, njila i akuatele ndenge, rikamba ri akuata kutonoka";"";"";""
"";"Kikuatelu";"Pega; cabo; asa. | A parte por onde se pega.";"kikuatelu kia risúue";"";"";""
"";"Kikúba";"Serapilheira; grossaria. Aniegem.";"hulu iakikúba";"";"";""
"";"Kikukise";"adj. Avelhantador. | Que torna velho (o que usa) antes do tempo.";"Mukua kikukise";"";"";""
"";"Kikulakaji";"Mulher de avançada idade. | Velha. | Ancã.";"mele ma kikulakaji jingofi";"";"";""
"";"Kikulu";"O pretérito; o passado; o que já lá vai.";"lembalala o kikulu";"";"";""
"";"Kikulu";"Antiguidade; o que está muito afastado da atualidade.";"ngiria kikulu, ki ngi jimb'ami kikulu";"";"";""
"";"Kikuma";"Delito; pecado. | Agravo; culpa; falta. | Transgressão de preceito religioso. | Maldade.";"u angi bange kikuma";"";"";""
"";"Kikuma";"Asco; nojo. | Aborrecimento; inimizade.";"u angi kuatela kikuma";"";"";""
"";"Kikuma";"adj. Que tem pecado. | Transgressor. | Culpado; vicioso., Que comete pecado.";"Mukua kikuma";"";"";""
"";"Kikuma";"adj. Que tem pecado. | Transgressor. | Culpado; vicioso., Que comete pecado.";"Mubange a kikuma";"";"";""
"";"Kikumbi";"Anequim; primeiros sintomas da puberdade.";"kuta kikumbi";"";"";""
"";"Kikúmbu";"Dignidade. | Gravidade. | Seriedade.";"kikúmbu kia mutu na mujitu";"";"";""
"";"Kikúnzu";"Porca velha de muitos filhos. | fig.";"ngúlu ia kikúnzu";"";"";""
"";"Kikuta";"Pacote; embrulho, atado.";"kikuta kia makezu";"";"";""
"";"Kíkutu";"Maquinação; conspiração; trama. | Conselho ou reunião secreta em que se tomam resoluções tenebrosas ou de fazer mal a uma pessoa. | Tratado secreto.";"a mu tela kíkutu kia ku mu jiba";"";"";""
"";"Kíkutu";"Emboscada desleal; surpresa vil.";"kíkutu ki asueua nguma, nzambi u a ki tukuluta";"";"";""
"";"Kila";"Paralisia. | Privação completa ou diminuição considerável da sensibilidade ou do movimento voluntário.";"uhaxi ua kila";"";"";""
"";"Kila";"adj. Paralítico; que tem ou padece de paralisia.";"Mukua kila";"";"";""
"";"Kilála";"Planta musácea. | Bananeira do mato.";"kilála ngoma";"";"";""
"";"Kilalu";"Pródigo.";"kifika kia mana ua kilalu";"";"";""
"";"Kilámba";"Patriarca; monitor; chefe.";"kilámba kia xi ni mavu";"";"";""
"";"Kilânga";"Papada. | A maçã do peito das rezes. | Barbela; papeira. | Broncócele; bócio.";"kilânga kia ngulu";"";"";""
"";"Kilânga";"Papo. | Inflamação ou tumor na papada.";"kilânga kia sánji";"";"";""
"";"Kilangulangu";"Perturbação; arrebatamento; falta de serenidade. Inquietação; falta de sossego.";"nzumbi ia kilangulangu";"";"";""
"";"Kiláu";"adj. Incestuoso; impudico; torpe. M. us. no pl. iláu.";"Mukua kiláu";"";"";""
"";"Kilêle";"Pendão.";"kilêle kia risa";"";"";""
"";"Kilemba";"Malefício tendente a fazer tardar ou esquecer.";"a mu te kilemba";"";"";""
"";"Kilembeketa";"Espaço que o sol não alcança.";"kilembeketa kia pambu ia njila";"";"";""
"";"Kilému";"Que lança chamas.";"kilému kia túbia";"";"";""
"";"Kilende";"Cacho.";"kilende kia jindende";"";"";""
"";"Kilénge";"Hortícola; hortense. | Das hortas.";"mukua kilénge";"";"";""
"";"Kilengu";"Urgência. Apressamento; velocidade. Celeridade; presteza.";"kuenda kilengu";"";"";""
"";"Kiléri";"Aia; ama.";"mona u kuma kiléri, k' akum' ê tat' à ni mam' â";"";"";""
"";"Kilêua";"Sáfaro; agreste; rude. | Que não deixa medrar. | Bravio; inculto; seco.";"íxi ia kilêua";"";"";""
"";"Kilólo";"Brigadeiro; comandante; cabo de guerra. | Guerreador.";"kilólo kia ita";"";"";""
"";"Kilongoji";"Populacho; turba; bando.";"kilongoji ki' atu";"";"";""
"";"Kilongololo";"Crítica; censura. | Maledicência contra alguém. | fig. Segredo.";"kilongololo ki akinga ngana ie";"";"";""
"";"Kiloua";"Lamaçal. | Lenteiro. | Volutabro.";"kiloua kia jingulu";"";"";""
"";"Kiluanji";"e sub. Lutador; conquistador. | Dominador por direito de conquista. | Chefe de tribo guerreira.";"Ngola, kiluanji kia Samba";"";"";""
"";"Kiluanya";"Excessivo calor do sol comunicado diretamente. | Insolação. | Sol intenso.";"u áfu ni kiluanha";"";"";""
"";"Kilúka";"Indicação determinada. | Nome. | Denominação. | Designação.";"ixi, ixi; kilúka, kilúka";"";"";""
"";"Kilukuluku";"Calor. | Estado sensível do ar quente. | Grau de calor dum corpo ou lugar. | Caloria.";"kilukuluku kia túbia";"";"";""
"";"Kilukutu";"Refogado. | O que é feito ao calor do fogo.";"kilukutu kia matoki";"";"";""
"";"Kilúlu";"Agitação violenta.";"kilúlukia ita";"";"";""
"";"Kílulu";"Espetro. | Visão. | Ilusão de espírito. | Alma do outro mundo. | Espírito errante, que vagueia pelo mundo sem destino. | fig. Remoinho.";"ng' afika mulu, manhi kílulu";"";"";""
"";"Kilúmbu";"Sacrifício do ferro em brasa. | Operação que consiste na aposição do ferro candente no corpo do paciente ou suspeito de delito. | Juramento pelo fogo. | Ordálio.";"kilúmbu u azemba u angala";"";"";""
"";"Kilûmbua";"Insígnia. | Distintivo de graduação em ordens, hierarquias, etc. | Adorno emblemático. | Galão; divisa; medalha, etc.";"kilûmbua kia ungana";"";"";""
"";"Kilundu";"Espírito. Ser do mundo invisível. Magnetismo.";"kuxingila kilundu";"";"";""
"";"Kilúnga";"Direção; lado; barda.";"u endela ku kilúnga kia mulundu";"";"";""
"";"Kilúnga";"Bastão. Báculo; vara. Insígnia do cargo ou função de certas autoridades.";"kilúnga kia Muezé";"";"";""
"";"Kilúnga";"Vara, conjunto de porcos caminhando em dada direção.";"kilúnga kia jingulu";"";"";""
"";"Kilúngu";"Espera para atacar de improviso quem passa. Emboscada. Cilada; traição.";"a mu tela kilúngu";"";"";""
"";"Kilungulungu";"Vão; falto de inteligência. Frívolo; ridículo; oco. Sem juízo.";"mûtue ua kilungulungu";"";"";""
"";"Kilúnji";"Juízo. Discernimento; tino; bom senso. Entendimento; raciocínio; memória.";"tat' enu a ku xile kilúnji, k' a ku xile mbongo";"";"";""
"";"Kilúnji";"Pensamento. Reflexão; ideia.";"mu kilúnji mu a ngi biti ima i avulu";"";"";""
"";"Kilute";"Abortado, estragado; podre.";"riiaki ria kilute";"";"";""
"";"Kilwezu";"Perigo; risco. | Probabilidade de perigo. | Situação perigosa.";"u ala mu kiluézu kia kufua";"";"";""
"";"Kim'okio";"Essa coisa; isso.";"kim'okio ki anhungu";"";"";""
"";"Kima";"Ser; sujeito; indivíduo. Exemplar.";"kima kimoxi";"";"";""
"";"Kimajï";"Icterícia. Derramamento da bílis.";"uhaxi ua kimajï";"";"";""
"";"Kimalauézu";"Personagem mitológica que figura como soberano insigne ou grão-potentado nos contos, fábulas ou histórias. Astral.";"kimalauézu kia Tumba-Ndala, u atunda o'xi ni riûlu";"";"";""
"";"Kimbamba";"A cruz de Cristo. A carga sagrada.";"kimbamba kia Ngana";"";"";""
"";"Kimbámba";"Piolho. Animáculo.";"kimbámba kia mukutu";"";"";""
"";"Kimbambule";"Fruta meia verde.";"rihonjo ria kimbambule";"";"";""
"";"Kimbambule";"Que não está sazonado.";"ki abi ki akabituia kimbambule";"";"";""
"";"Kimbande";"Firmeza. Finca-pé.";"u âte kimbande";"";"";""
"";"Kimbangala";"Esqueleto (de uma casa)";"inzo ia kimbangala";"";"";""
"";"Kimbánji";"De lado; de banda; de flanco.!";"kuenda kimbánji";"";"";""
"";"Kimbánji";"De lado; de banda; de flanco.!";"kuenda kimbánji!";"";"";""
"";"Kimbi";"Costado.";"kimbi kia rîma";"";"";""
"";"Kimbiâmbia";"mariposa.";"kimbiâmbia mbiji";"";"";""
"";"Kimbondo";"Diz-se do cajú verde, em princípio de maturação.";"kimbondo kia kajú";"";"";""
"";"Kimbondo";"Diz-se do cajú verde, em princípio de maturação.";"kimbondokia kajú";"";"";""
"";"Kimbondo";"Estercúlia.";"kimbondo kia mulende";"";"";""
"";"Kimbote";"Delícia; cousa boa. | fig. Felici[dade].";"ki u mona o kimbote, kubindama k'u mu jlmbe";"";"";""
"";"Kimbote";"Delícia; cousa boa. | fig. Felici[dade].";"kizuua k'i bua o kimbote, mu kubindama muêne mu uala";"";"";""
"";"Kimbote";"Boamente | Às boas. | A bem.";"mu kimbote";"";"";""
"";"Kimbumbulukufu";"Estadulho. | Pau ou coisa tosca, grosseira, desconforme. | Corpo esférico mal feito.";"múxi ua kimbumbulukufu";"";"";""
"";"Kimbúndu";"Língua dos naturais de Angola.";"o putu i longa, kimbúndu ki longolola";"";"";""
"";"Kimbundungulu";"Torso. | Parte perpendicular e móvel dos seres vivos. | Qualquer membro separado da parte principal. | Cepo; toro. | Pedaço de tronco.";"kimbundungulu kia múlue ua mutu";"";"";""
"";"Kimbundungulu";"Torso. | Parte perpendicular e móvel dos seres vivos. | Qualquer membro separado da parte principal. | Cepo; toro. | Pedaço de tronco.";"kimbundungulu kia tukuaku";"";"";""
"";"Kimbûngu";"Lobo. | fig. Homem pobre e desarranjado. | Miserável.";"ngarlama kimbûngu";"";"";""
"";"Kimdúmbu";"Cobertor. | Capa que desce até aos pés. | Manta. | Cobrejão; abafo.";"u azuata kimdúmbu";"";"";""
"";"Kimenemene";"De manhã cedo.";"mukimenemene";"";"";""
"";"Kimenga";"nela que serve de frigideira. | Panela ou prato rachado ou partido. | Caco.";"kimenga kia kukangela mbiji";"";"";""
"";"Kimenga";"nela que serve de frigideira. | Panela ou prato rachado ou partido. | Caco.";"kimenga kia' mbla";"";"";""
"";"Kimi";"Palavra que se pospõe ao substantivo, significativa de respeito, consideração ou estima, etc. Caro; estimado; querido; amado, etc.";"muari'akimi";"";"";""
"";"Kimi";"Palavra que se pospõe ao substantivo, significativa de respeito, consideração ou estima, etc. Caro; estimado; querido; amado, etc.";"ukou'akimi";"";"";""
"";"Kimi";"Palavra que se pospõe ao substantivo, significativa de respeito, consideração ou estima, etc. Caro; estimado; querido; amado, etc.";"riiala riakimi";"";"";""
"";"Kimi";"Palavra que se pospõe ao substantivo, significativa de respeito, consideração ou estima, etc. Caro; estimado; querido; amado, etc.";"mon'akimi";"";"";""
"";"Kimiku";"Dança das espáduas.";"kukina kimiku";"";"";""
"";"Kiminu";"Economista.";"kiminu mu kuzuata";"";"";""
"";"Kiminya";"Que traga ou engole.";"kiminha nguluria";"";"";""
"";"Kiminya";"Planta utilizada como contra-peçonha.";"kiminha minha";"";"";""
"";"Kimiongoto";"Ilharga.";"lukuaku mukimiongoto";"";"";""
"";"Kimisa";"adj. Que faz vicejar, medrar, frutificar.";"Mukuakimisa";"";"";""
"";"Kimoxi";"Um. Que representa uma só coisa. Singular; individual. Certo; qualquer. Indiferente; igual: kiene--. | Semelhante; mesma coisa.";"kimakimoxi";"";"";""
"";"Kimoxi";"Um. Que representa uma só coisa. Singular; individual. Certo; qualquer. Indiferente; igual: kiene--. | Semelhante; mesma coisa.";"boba bu alenge kimbungu kimoxi";"";"";""
"";"Kimoxi";"Um. Que representa uma só coisa. Singular; individual. Certo; qualquer. Indiferente; igual: kiene--. | Semelhante; mesma coisa.";"boba bu alenge kimbungukimoxi";"";"";""
"";"Kimoxi";"Um de cada vez.";"kimoxi kimoxi";"";"";""
"";"Kimuanga";"Separatista; separador | Que é motivo de separação, causador de discórdias.";"kimuanga mabata";"";"";""
"";"Kimuenge";"aumentativo de muênge.";"kimuenge, ng'a ki fila o kuiúka, soxi ia ki zanga";"";"";""
"";"Kiná";"e pron. de const. Aquele; aquela. | Aquel' outro.";"kinama kiná kia ngombe";"";"";""
"";"Kiná";"Então; nesse ou naquele tempo ou ocasião.";"tunde kiná";"";"";""
"";"Kiná";"De longe; além.";"ngi mu talela kiná";"";"";""
"";"Kinaka";"Humus. | Terra lodosa em que se desenvolve a vegetação no tempo das chuvas.";"mavu ma kinaka";"";"";""
"";"Kinaka";"Humus. | Terra lodosa em que se desenvolve a vegetação no tempo das chuvas.";"îxi ia kinaka";"";"";""
"";"Kinâna";"De graça. | À granel. | Sem conta.";"kúria kua kinâna";"";"";""
"";"Kinâna";"De graça. | À granel. | Sem conta.";"ia kinâna";"";"";""
"";"Kinda";"Artefacto de mateba em forma de bacia. | Teiga; cesta. | Cesto para condução de materiais de construção.";"kinda kia mbonge";"";"";""
"";"Kinda";"Cestinha de palha enfeitada a cores (na ilha de Luanda). | Balaio.";"kinda kia kazanga";"";"";""
"";"Kindala";"Já; sem demora. | Neste instante. | Imediatamente.";"ndê kindala";"";"";""
"";"Kindala";"Já; sem demora. | Neste instante. | Imediatamente.";"kindala ki atundu boba";"";"";""
"";"Kindala";"Agora mesmo.";"kindala ' eki";"";"";""
"";"Kíndanda";"Temerário; arrojado.";"kíndanda mon'a ngola, ngoma j' aburika ni luânha";"";"";""
"";"Kindandalakata";"Corpulência. | Robustez. | Musculatura.";"kindandalakata kia mukutu";"";"";""
"";"Kindandalakata";"adj. Robusto; forte. | Alentado. | Corpulento.";"Mukua kindandalakata";"";"";""
"";"Kindangala";"Investida; intimativa. | Ultimato.";"kuta kindangala";"";"";""
"";"Kindele";"A cor branca; alvura. | fig. Límpido.";"fuba ta kindele";"";"";""
"";"Kindemba";"adj. Peludo; cabeludo. | Que tem penugem.";"Mukua kindemba";"";"";""
"";"Kindongo";"De rápido desenvolvimento. | Que cresce muito e facilmente.";"mbutu ia kindongo";"";"";""
"";"Kinema";"Aleijado. | Anómalo. | Manco. | Pessoa defeituosa.";"u dxala kinema kia lukuaku";"";"";""
"";"Kinema";"Aleijado. | Anómalo. | Manco. | Pessoa defeituosa.";"kinema kia kinama";"";"";""
"";"Kinene";"Demasiado grande. | Numeroso; excessivo; avultado. | Abundante; considerável. | Muito.";"o'nzo iakulu kinene";"";"";""
"";"Kinene";"Demasiado grande. | Numeroso; excessivo; avultado. | Abundante; considerável. | Muito.";"avilu kinene";"";"";""
"";"Kinene";"Demasiado grande. | Numeroso; excessivo; avultado. | Abundante; considerável. | Muito.";"u arimuka kinene";"";"";""
"";"Kinene";"Primorosamente. | Demais.";"u uuába kinene";"";"";""
"";"Kinene";"Primorosamente. | Demais.";"u asakata kinene";"";"";""
"";"Kinene";"Com tanto; basta que. | Tanto; de tal modo. | Tal; tão grande. | Em quantidade.";"kinene tu ábixila";"";"";""
"";"Kinene";"Com tanto; basta que. | Tanto; de tal modo. | Tal; tão grande. | Em quantidade.";"u azuela kinene";"";"";""
"";"Kingálu";"Balaio de luxo. Acafate enfeitado a missanga de várias cores, ngariama u ki tekujula ngo. | Coisa bonita, de valor estimativo.";"kingálu kia Pungu' a Ndongo ki sumba nvuama";"";"";""
"";"Kinganji";"e pron. Certo; tal. | Tanto. | Não bem definido.";"múxiua kinganji";"";"";""
"";"Kinganji";"e pron. Certo; tal. | Tanto. | Não bem definido.";"o mbiji nga i sumbu kinganji";"";"";""
"";"Kingenge";"Corrente; prisão; algema. | Cadeia. | Estado de quem se acha preso.";"a mu te bu kingenge";"";"";""
"";"Kingóngo";"Bexigas. | Varíola. | Os sinais que deixam na cutis.";"kingóngo kia riláji";"";"";""
"";"Kingóngo";"adj. Bexigoso.";"Mukua kingóngo";"";"";""
"";"Kingulungumba";"Bandido.";"kingulungumba muíi";"";"";""
"";"Kingungu";"Grande ave fam. das penelopídas, assim chamado em razão da sua voz semelhante a um gemido rouco, lúgubre e prolongado.";"kingungu 'a-njila";"";"";""
"";"Kingungu";"Ave de rapina vulturida.";"kingungu 'a-xitu";"";"";""
"";"Kinguri";"Ponto de que principiam as raízes de uma planta.";"o kinguri vuâla o kiringu";"";"";""
"";"Kínjila";"A maior das aves pernaltas. Avestruz:";"kínjila kia unene ki tandula o uânda...";"";"";""
"";"Kinjondo";"(III) Coto. Resto de um membro amputado:";"mulembu ua mu xala kinjondo.";"";"";""
"";"Kinjoto";"Estorcegar. Ferir levemente (com as unhas)";"Kuta kinjoto";"";"";""
"";"Kinôno";"adj. Careposo. Que tem caspa.";"Mukua kinôno";"";"";""
"";"Kinu";"Gral; almofariz. | Vaso para triturar com pilão., almofariz onde se trituram ervas e prepara o juramento do mbulungu.";"kinu kia mulóko";"";"";""
"";"Kinvengete";"Ajuntamento. | Aglomerado; multidão compacta que segue uma direção. | Vaga: onda; nuvem. | Aglomeração de pessoas em movimento. | fig. Ataque de fúria; agitação de ânimo.";"kinvengete kiatu";"";"";""
"";"Kinyami";"Amizade; amor.";"kinhami kia mona ni mam'á";"";"";""
"";"Kinyenge";"Mágua; dó. | Impulso pelo qual desistimos de ser severos.";"kinhenge kia muxima";"";"";""
"";"Kinyenge";"adj. Sensível; compassivo.";"Mukua kinhenge";"";"";""
"";"Kinyengete";"Paixão.";"o mak' ama m' abekela kinhengete ku muxima";"";"";""
"";"Kînyi";"O que é (isto)? | Que?";"kînhi 'eki";"";"";""
"";"Kînyi";"O que é (isto)? | Que?";"kînhi kiene";"";"";""
"";"Kinyinga";"Quantidade, poça, abundância de sangue derramado. | Cruor.";"o soba ia iba a i kaia, k' a i tambul'á kinhinga";"";"";""
"";"Kinyoka";"Cobra grande. | Casa de dois compartimentos de frente e um de fundo. | Esquadra. | fig. Larica; fome.";"ínzo iu kinhoka";"";"";""
"";"Kinyoka";"Cobra grande. | Casa de dois compartimentos de frente e um de fundo. | Esquadra. | fig. Larica; fome.";"kubanga kinhoka";"";"";""
"";"Kinyongoto";"Cólica. | Dor de barriga.";"kinhongoto bú ngômbo";"";"";""
"";"Kinyúnga";"Ligamento do prepúcio. | Freio., adj. Que tem freio (no prepúcio)";"Muhua kinhúnga";"";"";""
"";"Kinzangala";"Rapaziada. | Casa onde dormem ou brincam rapazes. | Ato ou dito próprio de rapaz.";"inzo ia kinzangala";"";"";""
"";"Kinzona";"Sentimento; mágoa.";"kinzona kia muxima";"";"";""
"";"Kinzongolo";"Género de aves de tarsos compridos.";"sanji ia kinzongolo";"";"";""
"";"Kinzongolo";"Ave fam. das pernaltas. Pl. inzongolo.";"njlla ia kinzongolo";"";"";""
"";"Kiôho";"Sabor; paladares.";"kiôho kia makunde";"";"";""
"";"Kiôho";"O mais alto grau de perfeição.";"ndê u tale o kiôho";"";"";""
"";"Kiohóla";"Fuligem que o fumo do tabaco deixa na boquilha.";"kiohóla kia makanha";"";"";""
"";"Kiókio";"Esse outro.";"kiókio kima kia ngene";"";"";""
"";"Kiondo";"Palavra com que se forma o futuro dos verbos. Há-de (ou kufua)";"ó kiama kiondo 'fua";"";"";""
"";"Kiondo";"No momento em que. | Quando. | Assim que.";"ó kiama kiondo 'fua (ou kufua)";"";"";""
"";"Kiondo";"No momento em que. | Quando. | Assim que.";"muene kiondo tunda, eie u bokola";"";"";""
"";"Kiónga";"Reunião de pessoas (para fim útil). Ajuntamento; conferência; conselho. | Assembleia dos maiores da terra. | Conjunto de pessoas que regem um Estado, uma Nação. | Instituto; ordem. | Senado.";"âte kiónga";"";"";""
"";"Kiónga";"Reunião de pessoas (para fim útil). Ajuntamento; conferência; conselho. | Assembleia dos maiores da terra. | Conjunto de pessoas que regem um Estado, uma Nação. | Instituto; ordem. | Senado.";"kiónga kia makota";"";"";""
"";"Kióngua";"Nitro; salitre. adj. Salitroso.";"íxi ia kióngua";"";"";""
"";"Kióua";"Néscio; parvo; tolo. | Idiota.";"kurimuka kua kióua ku atunda ku njimu";"";"";""
"";"Kipa";"adj. Escamoteador; prestidigitador. | Prestimano.";"Mukua kipa";"";"";""
"";"Kipakála";"Saco com 30 quilos de peso.";"kta masa";"";"";""
"";"Kipalame";"Adulteroso.";"rilala ria kipalame";"";"";""
"";"Kipalánga";"Cercado.";"lumbu lua kipalánga";"";"";""
"";"Kipangala";"Armação; esqueleto.";"kipangala kia mutu";"";"";""
"";"Kipangala";"Armação; esqueleto.";"kipangala xia hoji";"";"";""
"";"Kípapa";"Parede.";"kípapa kia' nzo";"";"";""
"";"Kipena";"Pináculo: cúpula; zimbório. | Cume. | O ponto mais elevado de uma casa, monte, etc.";"kipena kia mulundu";"";"";""
"";"Kipénza";"Prado. | Campo relvoso.";"kipénza kla iângu";"";"";""
"";"Kipuita";"Instrumento músico";"kukina kipuita";"";"";""
"";"Kipula";"Encontrão. | Embate.";"u a mu bana kipula";"";"";""
"";"Kipumba";"O próprio tabaco colhido verde.";"makanha ma kipumba";"";"";""
"";"Kipumuna";"Joelho.";"kipumuna kia kinana";"";"";""
"";"Kipuna";"Cotovelo.";"kipuna kia lukuaku";"";"";""
"";"Kipupa";"Caterva.";"kipupa kia mikanda";"";"";""
"";"Kipúpu";"Sabugo.";"ng' ota kipúpu bu ukambu ua huinhi";"";"";""
"";"Kîria-kîria";"Será verdade!? Poderá ser? É tb. interj.";"kîria-kîria, Maria ngana iami Nzambi!";"";"";""
"";"Kiriandu";"Órgão.";"kiriandu kia mukútu";"";"";""
"";"Kiriatelu";"Estribo.";"kiriatelu kia ingonga";"";"";""
"";"Kiriátu";"exorcismo feito por meio de borrifos à criança que chora. | fig. Susto.";"kiriátu kia njila";"";"";""
"";"Kirielelu";"Esperança. | Expectativa; confiança; coisa que se espera. | Uma das três virtudes teologais.";"ng' a xala mu kirielelu kia Kubuluka";"";"";""
"";"Kirifua";"Aparência; espécie. | Qualidade; classe; índole. | Aspeto. | Feitio; configuração; forma. | Modo; disposição; jeito. | Catadura; exterioridade.";"kirifua kia mukongu";"";"";""
"";"Kiriie";"Mukua —, adj. Descuidado; negligente; esquecido.";"mukua kiriie k'atung'ê";"";"";""
"";"Kiriju";"Dentola. | Dentuça. | Pessoa que tem um dente grande.";"ngna nanhi ria. kiriju";"";"";""
"";"Kirikánu";"Bocaça; bocarra. | Boqueirão.";"kirikánu kia ngându";"";"";""
"";"Kirikóma";"Acrócomo.";"katendu k'u ka bungujule, kizuua k'abiluxa kirikóma";"";"";""
"";"Kirila";"Saco; bolsa (para comida). Alforge; o seu conteúdo.";"kuta hula mu kirila";"";"";""
"";"Kirilu";"Mangedoura. | Lugar onde comem os animais de carga. | Comedouro.";"bu kirilu kia jingombe";"";"";""
"";"Kirima";"recuamento.";"kirima rima";"";"";""
"";"Kiríma";"Plantação. | Lavra e seus produtos. | Herdade; granja; horta";"kiríma kia jinguba";"";"";""
"";"Kirimi";"adj. e sub. Bleso.";"Mukua kirimi";"";"";""
"";"Kiríngu";"Nome genérico das plantas euforbiáceas que têm por tipo a mandioca: (manihot utilissima).";"kiríngu kia farinha";"";"";""
"";"Kiríngu";"Nome genérico das plantas euforbiáceas que têm por tipo a mandioca: (manihot utilissima).";"kiríngu kia mbonzo";"";"";""
"";"Kiríngu";"Nome genérico das plantas euforbiáceas que têm por tipo a mandioca: (manihot utilissima).";"kiríngu kia kasalale";"";"";""
"";"Kiríngu";"Nome genérico das plantas euforbiáceas que têm por tipo a mandioca: (manihot utilissima).";"kiríngu kia kasoba";"";"";""
"";"Kiríngu";"Nome genérico das plantas euforbiáceas que têm por tipo a mandioca: (manihot utilissima).";"kiríngu kia kazeia";"";"";""
"";"Kiriri";"Lugar. | Localidade; domicílio; residência. | Ponto onde habitualmente se está. | Emprego; situação; pousada. | Posto. | Espaço ocupado ou que pode ser ocupado. | Recinto.";"kiriri kia kukala";"";"";""
"";"Kiriri";"Lugar. | Localidade; domicílio; residência. | Ponto onde habitualmente se está. | Emprego; situação; pousada. | Posto. | Espaço ocupado ou que pode ser ocupado. | Recinto.";"u ala bu kiriri kie";"";"";""
"";"Kiriri";"Colchão";"kiriri kia kuzeka";"";"";""
"";"Kiriri";"Vez; turno.";"u ai bu kiriri kia mukua";"";"";""
"";"Kiriri";"e intr. Situar; abrigar. | Dar aposento.";"Kubaka kiriri";"";"";""
"";"Kirise";"Coloração de traços ou imagens tatuados.";"mbumba kirise";"";"";""
"";"Kirise";"Que tem coloração. | Que faz colorir.";"Mukua kirise";"";"";""
"";"Kirisu";"diz-se daquele que louva o que é novo, ou o que se lhe apresenta de novo.";"Mukua kirisu";"";"";""
"";"Kisa";"Disposição em cruz. | Ato de dar essa disposição.";"kubanga kisa";"";"";""
"";"Kisába";"Conjunto de ramos e folhas de uma árvore. | Ramagem.";"kisába kia mungênge";"";"";""
"";"Kisaka";"Pámpano; galho; corimbo. | Ramo em que há vários frutos.";"kisaka kia jingênge";"";"";""
"";"Kisaka";"Mamífero de corpo coberto de setas, também conhecido por «porco espinhos». Equidna. | A seta ou cânula do mesmo animal.";"kisaka kia mbuiji";"";"";""
"";"Kisaka";"Mamífero de corpo coberto de setas, também conhecido por «porco espinhos». Equidna. | A seta ou cânula do mesmo animal.";"musongo ua kisaka";"";"";""
"";"Kisakaxi";"Cacho de bagas, de flores, de frutos. | Rácimo.";"kisakaxi kia matámba";"";"";""
"";"Kisakirilu";"Expressão ou ato que revela gratidão. | Reconhecimento. | Agradecimento. | Prémio de serviços prestados.";"o ngulá K' eni'ê kisakirilu";"";"";""
"";"Kisala";"Pluma; pena. | Tubo barbado que cobre o corpo das aves. | fig. Caligrafia. | Caneta.";"kisala kia hanga";"";"";""
"";"Kisalu";"Maluqueira. | Maluquice.";"u ala ni kisalu ki a mu salula";"";"";""
"";"Kisama";"adj. Natural ou da região da Quissama.";"Mukua kisama";"";"";""
"";"Kisamanu";"Seis. | Grupo de seis.";"atu kisamanu";"";"";""
"";"Kisambu";"O que se responde. | Oposição. | Refutação; contrariedade.";"kisambu kia maka";"";"";""
"";"Kisanda";"Esteira muito usada, velha. | Mulher de saias mal trajada. | Saloia; camponesa.";"kisanda kia ngándu";"";"";""
"";"Kisanda";"Esteira muito usada, velha. | Mulher de saias mal trajada. | Saloia; camponesa.";"kisanda kia ngându";"";"";""
"";"Kisangela";"Contribuição; cotização; coleta. | Reunião de todas as cotas. | Coempção. | Parçaria. | Comunhão; posse em comum.";"kubanga kisangela";"";"";""
"";"Kisangela";"Contribuição; cotização; coleta. | Reunião de todas as cotas. | Coempção. | Parçaria. | Comunhão; posse em comum.";"uênji ua kisangela";"";"";""
"";"Kisangela";"Contribuição; cotização; coleta. | Reunião de todas as cotas. | Coempção. | Parçaria. | Comunhão; posse em comum.";"hombo ia kisangela i afila bu mukolo";"";"";""
"";"Kisangela";"Contribuição; cotização; coleta. | Reunião de todas as cotas. | Coempção. | Parçaria. | Comunhão; posse em comum.";"kietu, ki kuyu' ê kisangela xi uenj' ê";"";"";""
"";"Kisangela";"contribuinte; parceiro.";"Muxua kisangela";"";"";""
"";"Kisangusangu";"adj. Alegre; prasenteiro. | De maneiras agradáveis.";"Mugua kisangusangu";"";"";""
"";"Kisangusangu";"adj. Alegre; prasenteiro. | De maneiras agradáveis.";"Mukua kisangusangu";"";"";""
"";"Kisarimba";"Dança regional (no Bengo)";"kukina kisarimba";"";"";""
"";"Kisasa";"Ramo (de árvore)";"kisasa kia muxixi";"";"";""
"";"Kisasa";"Espinheiro.";"mukua makutu a' mu zuika kisasa";"";"";""
"";"Kisása-uisu";"Diz-se dos alimentos meio ou mal cozidos que se dão a doentes ou debilitados.";"matete ma kisása-uisu";"";"";""
"";"Kisasu";"Carne morta; cadáver: buoso bu ala o —, buene bu ribongolokela o jiholokoko.";"buoso bu ala o kisasu, buene bu rtbongolokela o jiholokoko";"";"";""
"";"Kisasu";"jovial; alegre.";"Mukua kisasu";"";"";""
"";"Kisáta";"Beirado.";"kisáta kia' nzo";"";"";""
"";"Kise";"V. kisue.";"kise Kia Kombe";"";"";""
"";"Kisekele";"Antigo lugar entre a lagoa Panguila e o encontro dos caminhos da Barra e Alto Dande.";"kisekele kia nda Ngalaxi";"";"";""
"";"Kiséla";"Favo.";"kiséla kia uîki";"";"";""
"";"Kisembetete";"Espaço; pequena distância.";"udi kisembetete kia kutunda boba ndu baná";"";"";""
"";"Kisende";"Coucear | Dar patada.";"Kubanu kisende";"";"";""
"";"Kisese";"Facto, caso extraordinário | Acontecimento invulgar; sucesso (no sentido do inesperado)";"kisese ki abiti mu ngóngo";"";"";""
"";"Kisóko";"Tratado; aliança entre pessoas ou entidades:";"kisóko kia ukâmba";"";"";""
"";"Kisóko";"adj. Aliado | Da mesma laia, grei ou família, condição ou categoria.";"Mukua kisóko";"";"";""
"";"Kisóko";"Disputar; competir.";"Kuta kisóko";"";"";""
"";"Kisóko";"Aliar; fazer regata. | Disputar.";"Kubanga kisóko";"";"";""
"";"Kisokosoko";"Fontanela:";"kisokosoko kia mûtue";"";"";""
"";"Kisokosoko";"Cimo; cume:";"kisokosoko kia mulundu";"";"";""
"";"Kisolongo";"(III) Linguagem dos mussorongos: Kuzuela. —";"Kuzuela kisolongo";"";"";""
"";"Kisoménu";"Vareta:";"kisoménu kia uta";"";"";""
"";"Kisónde";"gão. de que há várias espécies, de mordedura dolorosa. | Formiga brava. | fig. Destruidor.";"ngi tunga ni nzeu, kisónde u muánga o ribata";"";"";""
"";"Kisue";"adj. Que trata com desigualdade. | Áspero; inconstante.";"Mukua kisue";"";"";""
"";"Kisue";"Mamífero digitígrado, carnívoro, tipo dos felinos. | Gato de algália — kia Kombe. Almíscar. | Gato de pivete.";"Gato de algalia kisue kia Kombe";"";"";""
"";"Kisuelele";"Fragmento de madeira que se enterra na carne | Espinho | Lasca de madeira.";"ngi 'ria udende i arisoko-kela, ia kunhongonona i beka kisuelele";"";"";""
"";"Kisuka";"Impulso | Empurrão";"a mu bana kisuka";"";"";""
"";"Kisuka";"Perda ou falta de esperança. | Impaciência; frenesi; pressa | Aborrecimento; desespero";"kubanga kima ni kisuka";"";"";""
"";"Kisuka";"adj. Possuído de frenesi. | Impaciente; intolerante.";"Mukua kisuka";"";"";""
"";"Kisúkila";"Coisas que Deus faz ver aos seus escolhidos | Visão; sonho.";"Nzambi u a mu ixanena mu kisúkila";"";"";""
"";"Kisukininu";"Termo: finalidade; remate | Conclusão";"kisukininu kia maxa";"";"";""
"";"Kisukininu";"Precedente; anterior. | Atrasado";"o ki akuata' nhi ?";"";"";""
"";"Kisuku";"Consoada | Ceia";"sanji ia kisuku";"";"";""
"";"Kisuku";"e intr. Consuar.";"Kúria kisuku";"";"";""
"";"Kisukuilu";"Lavandaria. | Lavadouro.";"mu kisukuilu";"";"";""
"";"Kisukula";"passageiro. | Que veio para pouco tempo.";"kisukula pambu";"";"";""
"";"Kita";"Atado; feixe. Lic; molho. Paveia.";"kita kia huinhi";"";"";""
"";"Kita";"Atado; feixe. Lic; molho. Paveia.";"kita kia iangu";"";"";""
"";"Kíta-tulu";"Parte do peito onde existem as mamas.";"mu kíta-tulu";"";"";""
"";"Kitabhu";"Cântaro; vasilha para água.";"kitabu kia menha";"";"";""
"";"Kitalalese";"Que refresca; resfriador.";"kitalalese kia menha";"";"";""
"";"Kitálu";"Invólucro duro de certos frutos. Diz-se da casca do fruto do imbondeiro, da noz, da castanha, etc.";"kitálu kia rikóko";"";"";""
"";"Kitanda";"Paludina.";"kitanda hole";"";"";""
"";"Kitánda";"Mercado; feira; praça.";"kitánda la mbiji";"";"";""
"";"Kitánda";"Loja de negócios.";"kitánda kla uênji";"";"";""
"";"Kitandu";"A parte exterior do bordão.";"kitandu, a mu kuatela ukambu ua poko";"";"";""
"";"Kitatu";"Três.";"atu kitatu";"";"";""
"";"Kiteke";"Ídolo; imagem; feitiço.";"kiteke kia Muene-Kongo";"";"";""
"";"Kitelêle";"Haste; caule. | Diz-se do tronco onde espiga o milho. | Caniço. | É m. us. no pl. itelêle.";"kitelêle kia risa";"";"";""
"";"Kitélu";"Comparação; forma de dizer; exemplo. | Facto aduzido como demonstração ou explicação.";"kitélu kia máka";"";"";""
"";"Kitenda";"Resto de uma peça de tecido. | Retalho. | Pedaço de pano separado da peça.";"kitenda kia mulele";"";"";""
"";"Kitetu";"Fragmento de vidro ou louça partida. | Caco.";"kitetu kia rilonga";"";"";""
"";"Kithala";"Altitude; altura. Estatura.";"a mu zóngo mu kitala";"";"";""
"";"Kithala";"adj. que tem altura; elevado; alto., e intr. desenvolver-se (em altura); crescer. Remoquear; apodar; notar defeito.";"Mukua kitala";"";"";""
"";"Kithala";"adj. que tem altura; elevado; alto., e intr. desenvolver-se (em altura); crescer. Remoquear; apodar; notar defeito.";"Kuta kitala";"";"";""
"";"Kithômbe";"Escuridão: trevas. | Ausência completa de claridade ou de luz.";"kuma ku ala kitombe";"";"";""
"";"Kithundu";"Grinalda; coroa. | Sinal de distinção, de glória. | O que dá honra ou lustre. | Turbante.";"kitúndu kia ungana";"";"";""
"";"Kitóka";"Indiscreto; curioso.";"kitóka milonga";"";"";""
"";"Kitondalu";"Omissão; erro. | Inobservância dos preceitos morais ou legais. | Falsidade.";"kitondalu ki abangele kuku' etu";"";"";""
"";"Kitonga";"Fogueira. | Braseiro. | Pira (no suplício do fogo). fig. Inferno.";"a mu takula mu kitonga kia tubia";"";"";""
"";"Kitongo";"adj. Analista; observador.";"Mukua kitongo";"";"";""
"";"Kitori";"Ulonci; escróbato.";"uhaxi úua kitori";"";"";""
"";"Kitote";"Queimadura. | Gilvás. | Carimbo; marca; nódoa. | Pecado; labéu; falta.";"u axala ni kitote";"";"";""
"";"Kitoue";"Nome genérico do que é feito com açúcar ou mel. | Sabor doce.";"kitoue kia utki";"";"";""
"";"Kitoue";"Tempero; sal.";"kitoue kia mungua";"";"";""
"";"Kitoue";"Cousa que deleita os sentidos. | Voluptuosidade; gozo.";"kitoue toue";"";"";""
"";"Kítu";"Vaso bojudo de barro com gargalo curto e estreito para líquidos. | Bilha; cântaro; talha: ele ta mu mbinda, eme ngl ta mu —. | Ânfora.";"kítu kla mênha";"";"";""
"";"Kítu";"Medida para líquidos.";"kla mênha";"";"";""
"";"Kituamenenu";"Que vai adiante. | Guia: ngombe i binga —. | Cavalo ou parelha que vai à frente das outras.";"ngombe I binga kituamenenu";"";"";""
"";"Kitubia";"adj. Fogoso. | fig. Impaciente; arrebatado.";"Mukua kitubia";"";"";""
"";"Kitue";"Que pode ser afiado ou aguçado. | Que está ou pode estar nas condições de cortar.";"kitue kia poko";"";"";""
"";"Kitúmba";"Palhote. | Capa de palha (usada pelos cabindas nas suas diversões). | Boneco de trapos para queimar. | Monte de palha.";"kuximika kitúmba";"";"";""
"";"Kitumu";"Norma; obrigação; lei.";"kitumu kia Nzambi";"";"";""
"";"Kitúta";"tuji, zool. Pássaro estercorário. | Esterqueiro.";"kitúta tuji ki kiou'ê, kitanda ki atele kuku'â";"";"";""
"";"Kitutu";"Som cavo de instrumentos ou utensílios rachados. | Parte do objeto em que os sons resoam. | Arca; caixa; baú velho. | Panela, cabaça ou outro vaso rachado.";"ngoma i ala kitutu";"";"";""
"";"Kitutu";"Som cavo de instrumentos ou utensílios rachados. | Parte do objeto em que os sons resoam. | Arca; caixa; baú velho. | Panela, cabaça ou outro vaso rachado.";"kitutu kia mbinda";"";"";""
"";"Kitutu";"Som cavo de instrumentos ou utensílios rachados. | Parte do objeto em que os sons resoam. | Arca; caixa; baú velho. | Panela, cabaça ou outro vaso rachado.";"kitutu kia'mbia";"";"";""
"";"Kitutulu";"Lugar em que dormem certas aves. | Ninho; guarida; abrigo. | Diz-se dos ninhos que não são de pássaros.";"kitutulu kia nguari";"";"";""
"";"Kitúua";"adv. Confiadamente; ao acaso.";"kitúua kitúua";"";"";""
"";"Kituxi";"adj. Acusado; culpado.";"Mukua kituxi";"";"";""
"";"Kiua";"Bem.";"ua bange kiua";"";"";""
"";"Kiua";"loc. adv. Haja paz, saúde, alegria. | A paz seja convosco.";"híuu-kiua kia kuria ni kânua, kia milonga nguétu";"";"";""
"";"Kiua";"loc. adv. Haja paz, saúde, alegria. | A paz seja convosco.";"kiua kiua";"";"";""
"";"Kiuisu";"Ázimo; coisa insulsa. | O que não levedou. | Estado de verde, de cru.";"mboto ia kiuisu";"";"";""
"";"Kivimba";"Que está intacto. | De uma só peça; inteiriço.";"kitari kia kivimba";"";"";""
"";"Kivisa";"adj. Obediente. | Que tem o sentido da audição.";"Mukua kivisa";"";"";""
"";"Kivule";"Quantioso; abundante; numeroso. Tanto; tão (nem tanto nem tão pouco)";"ki kivule ki kitole";"";"";""
"";"Kivunda";"Estatura; feição; talhe. Corpulência; tamanho; posição: vulto.";"kivunda kia mukutu";"";"";""
"";"Kivunga";"Membrana que envolve exteriormente o feto. Córion. O que envolve ou encobre alguma coisa.";"mona u ejila mu kivunga";"";"";""
"";"Kivunga";"Armadura que cobre o peito e parte das costas. Couraça, blindagem.";"kivunga tulu";"";"";""
"";"Kivunzu";"Toldação; turvamento. Obscuridade; turbilhão; agitação de espírito que nos não deixa ver claro.";"ku polo ku angite kivunzu";"";"";""
"";"Kivurise";"Variado; composto de coisas diferentes. Alternado. Em que há simultaneamente várias coisas.";"kivurise kia naka";"";"";""
"";"Kiwana";"Quatro.";"atu kiuâna";"";"";""
"";"Kixamenenu";"Apoio; encosto; amparo. Coisa a que se encosta. Estelo.";"o mutu k'aknmb'ê kixamenenu";"";"";""
"";"Kixánga";"Tropo. | Metáfora.";"kuzuelela mu kixánga";"";"";""
"";"Kixaxi";"Haste de gramínea seca. | Cascabulho; palha.";"kixaxi kia risa";"";"";""
"";"Kixaxi";"Dobrado; duplicado.";"u ngi vutuila kixaxi";"";"";""
"";"Kíxi";"Penhor; hipoteca. | Sinal certo; prova. | Segurança; garantia de uma dívida ou contrato.";"ng' a mu bana kíxi kiu rikongo";"";"";""
"";"Kixibhu";"Zimbro; orvalho. | Cacimbo. | A estação fria do ano; inverno. | Relento. | Mangra; cieiro.";"kixíbu u a ibila ulalale";"";"";""
"";"Kixíia";"Colmeia. | Cortiço.";"kixíia kiu uixi";"";"";""
"";"Kixikanu";"Crença. | Confiança. | Convicção. | Fé. | Adesão absoluta do espírito àquilo que se considera verdadeiro. | Esperança firme. | Fidelidade.";"eme ngené'mu kixikanu Kia Nzambi";"";"";""
"";"Kixila";"Tradição. | Símbolo; memória; recordação; hábito. | O que se deixa ou transmite a outros. | Via pela qual os factos ou dogmas, usos ou costumes são transmitidos de geração em geração. | Transferência perene de bens ou direitos. | Deixação; legado. | Testamento.";"kixila kia xi ietu";"";"";""
"";"Kixila";"Tradição. | Símbolo; memória; recordação; hábito. | O que se deixa ou transmite a outros. | Via pela qual os factos ou dogmas, usos ou costumes são transmitidos de geração em geração. | Transferência perene de bens ou direitos. | Deixação; legado. | Testamento.";"kixila kia muiji";"";"";""
"";"Kíximbi";"Prócer:";"kíximbi kia' xi ni mâvu.";"";"";""
"";"Kixína";"— ulu, Semeador; homem que trabalha na terra:";"kixína ulu Kombo ria kurima, nvula i mu sanga mu ríbia.";"";"";""
"";"Kíxina";"Apertão (ao gasganete):";"u a mu te kíxina bu xingu.";"";"";""
"";"Kixinda";"Catarreira; bronquite.";"uhaxi ua kixinda";"";"";""
"";"Kíxinde";"Traçado:";"kíxinde Kia ikoka.";"";"";""
"";"Kixindu";"Vocação; tendência:";"kixindu ki a mu xinda Nzambi.";"";"";""
"";"Kixinji";"Toro:";"kixinji kia muxi.";"";"";""
"";"Kixinji";"Tição:";"kixinji kia tâbia.";"";"";""
"";"Kixinyi";"Posta; parte; metade:";"kixinhi kia mbuji.";"";"";""
"";"Kixinyi";"Cada um dos troços de uma divisão:";"kixinhi kia muênge.";"";"";""
"";"Kiyadi";"Dois.";"atu kiiari";"";"";""
"";"Kiyadi";"Os dois.";"di kiiari kia";"";"";""
"";"Kiyala";"Homem bruto, rude, selvagem. fig. Indivíduo; sujeito.";"kiiala kia mukua Tunda";"";"";""
"";"Kizálu";"Alagamento; invasão das águas; grande cheia.";"kizálu Kia mênha";"";"";""
"";"Kizangu";"Tentação.";"a mu te kizangu";"";"";""
"";"Kizangu";"Desastre.";"kizangu ki a mu ambata";"";"";""
"";"Kizangu";"Tornar vítima de desastre a. Estropear. Embruxar; enfeitiçar.";"Kuta kizangu";"";"";""
"";"Kizela";"De cor branca.";"kizela mesu";"";"";""
"";"Kizenji";"Reminiscência.";"mona u angi biti mu kizenji";"";"";""
"";"Kizénzu";"Balde; -kia kutekela menha.";"kizénzukia kutekela menha";"";"";""
"";"Kizókela";"Banquete.";"kizókela kia mîvu";"";"";""
"";"Kizole";"O meu muito amado.";"kizole Kiâmi";"";"";""
"";"Kizómba";"Folguedo; dança.";"kizómba ki' an' a ndenge";"";"";""
"";"Kizonga";"Junta que tem por fim deliberar.";"âte kizonga";"";"";""
"";"Kizongelu";"Antiga medida de capacidade para sólidos.";"kizongelu Kia makunde";"";"";""
"";"Kizongo";"Lacustre.";"ínzo la kizongo";"";"";""
"";"Kizúka";"Furado; esburacado.";"masa ma kizúka";"";"";""
"";"Kizúka";"Diz-se dos alimentos cozidos pela ação do calor; dos frutos maduros com aparência de verdes.";"Kúbia kizúka";"";"";""
"";"Kizulúlu";"Atração; simpatia | Companhia.";"u ai mu kizulúlu ki' akua.";"";"";""
"";"Kizunu";"adj. Fanhoso.";"Mukua kizunu";"";"";""
"";"Kóka";"e pron. demonstr., designativo de cousa que está presente ou mais próxima de quem fala.";"kangulu kóka kanete";"";"";""
"";"Kóko";"Aí; nesse lugar. | Lá: para lá. Desse lado.";"ndê kóko";"";"";""
"";"Kóko";"Aí; nesse lugar. | Lá: para lá. Desse lado.";"kumba-ndu kóko";"";"";""
"";"Kokolo";"Abrev. de rikokolo.";"kokolo riamii";"";"";""
"";"Kolombolo";"Galo.";"kolombolo ria sanji";"";"";""
"";"Kómbe";"Planta medicinal.";"kafula kómbe";"";"";""
"";"Kondé";"Apenas; somente; não mas.";"suke, kondé";"";"";""
"";"Kongo";"Abrev. de rikongo, dívida.";"mukua kongo riâmi";"";"";""
"";"Koso";"(X) Toda; todo. | Tudo. | Inteiro; completo.";"Kama koso ka u konge";"";"";""
"";"Koso";"A soma; a totalidade; o conjunto. | O aspeto geral.";"kamburi koso k'abenba";"";"";""
"";"Koso";"adj. indef. Um (de entre muitos sem escolher). Qualquer.";"ngi tambeke koso koso";"";"";""
"";"Kota";"de rikota. adj. Maior; superior. | Mais.";"kota ria ngana";"";"";""
"";"Kota";"de rikota. adj. Maior; superior. | Mais.";"kota o io mu kurimuxa";"";"";""
"";"Kota";"Antes; de preferência";"ng'abingi, kunhana malebu";"";"";""
"";"Kotelele";"Muito mais; muito acima. Muito superior. | Sem igual.";"muene kota eme, kotelele";"";"";""
"";"Kotondo";"adj. Parcial.";"Mukuakotondo";"";"";""
"";"Kóxi";"Na parte, situação inferior. | Debaixo. | Sob, por baixo de. | Em baixo.";"kóxi 'amenha";"";"";""
"";"Kóxi";"Na parte, situação inferior. | Debaixo. | Sob, por baixo de. | Em baixo.";"kóxi' a mavu";"";"";""
"";"Ku";"para infinitivar a radical dos verbos: zuela (fala) (falar); tala, (olha), (olhar), etc.";"ku zuela";"";"";""
"";"Ku";"para infinitivar a radical dos verbos: zuela (fala) (falar); tala, (olha), (olhar), etc.";"ku tala";"";"";""
"";"Ku";"de, a, em, para, etc.";"ng'atundu ku bata";"";"";""
"";"Ku";"de, a, em, para, etc.";"ng'endele ku ribia";"";"";""
"";"Ku";"de, a, em, para, etc.";"muene uala ku tandu";"";"";""
"";"Ku";"de, a, em, para, etc.";"ku eme ngiia ku Putu";"";"";""
"";"Ku";"part. adv. indicativa de ação, de lugar, etc.";"tunda ku";"";"";""
"";"Ku";"part. adv. indicativa de ação, de lugar, etc.";"jika ku";"";"";""
"";"Kuakamukuá";"e pron. indef. Outro; outra. | Diferente. | Seguinte. | Mais um.";"kúria kuakamukuá kuatatala";"";"";""
"";"Kuakata";"Acariciar. | Demonstrar afeto. | Afagar.";"kuakata mo na";"";"";""
"";"Kuâku";"Abreviatura de lukuaku. | Mão.";"kuâku ni kuâku lusukula mukua";"";"";""
"";"Kualála";"muito vivo, ou comichão ardente. | Arder. | Queimar; doer.";"o huxi i nga mu be i a mu álala";"";"";""
"";"Kuambatesa";"Kuríambatesa, e r. Ir ou fazer-se acompanhar de. | Levar consigo (sem propósito). | Constituir-se em corpo.";"kuambatesa poko";"";"";""
"";"Kuambesa";"Fazer dizer. | Fazer censurar, dizer mal.";"o iô u ambesa ima i kôla";"";"";""
"";"Kuambuka";"Desmaiar; desfalecer. | Estar sem sentidos.";"o kufua k'aku fikis'á ai kuambuka";"";"";""
"";"Kuánda";"Sonhar. | Imaginar; fantasiar.";"kuánda nzóji";"";"";""
"";"Kuánda";"Sonhar. | Imaginar; fantasiar.";"u ala kuánda málanza";"";"";""
"";"Kuandeka";"Anelar; almejar; desejar. | Aparecer ao longe de modo indeciso (coisa que nos é agradável)";"ng'a mu andeka ululo";"";"";""
"";"Kuandesa";"Fazer ter sonhos.";"a ng'andesa jinzoji";"";"";""
"";"Kuanduluka";"Ruborizar-se; estar corado. | Corar (expondo-se ao sol)";"u anduluka ni luanha";"";"";""
"";"Kuangalala";"Estar transtornado, irado. | Estar irritado, difícil de suportar.";"muxima ua mu angalala";"";"";""
"";"Kuangalesa";"Irar; enraivecer.";"kuangalesa muxima";"";"";""
"";"Kuanguluka";"Cambiar; mudar de cor.";"mahonjo m'anguluka";"";"";""
"";"Kuanjiua";"Visionar.";"kuanjiua nzoji";"";"";""
"";"Kuânyi";"De quê.";"kukata kuânhi";"";"";""
"";"Kuasa";"Arpoar; copejar.";"kuasa ingange";"";"";""
"";"Kuasa";"Fisgar.";"kuasa jinguingi mu nzenza";"";"";""
"";"Kuasesa";"Mandar arpoar, fisgar. | Fazer disparar flechas.";"kuasesa jimbiji";"";"";""
"";"Kuaúka";"Ficar chamuscado; estar queimado ou assado à superfície.";"o xitu i aúka ngó,' ki abi'ê,";"";"";""
"";"Kuaúla";"Chamuscar; passar pela chama.";"kuaúla jindemba";"";"";""
"";"Kûba";"Deixar, dar de vez.";"ng'a mu be huxi";"";"";""
"";"Kubabajala";"Exprimir-se com hesitação, com dificuldade.";"uzuéla kubabajala";"";"";""
"";"Kubabala";"Esvoaçar. Dançar de braços abertos (formando asas)";"kukina kubabala";"";"";""
"";"Kubabala";"Bater as asas.";"o njila i ala kubabala";"";"";""
"";"Kubabula";"Assar, queimar em casca.";"kubabula masa";"";"";""
"";"Kubabulúla";"Diz-se do bater das asas e canto do galo pela madrugada velha | Tornar a bater (as asas)";"makolombob' m' ala kubabulúla";"";"";""
"";"Kubabulúla";"Diz-se do bater das asas e canto do galo pela madrugada velha | Tornar a bater (as asas)";"Kubába ni kubabulúla";"";"";""
"";"Kubaiala";"Menear afetadamente (ao andar). Gingar. Bambolear; janotar.";"huenda kubaiala";"";"";""
"";"Kubaka";"Guardar; arrecadar; conservar. Reservar.";"kubaka kitari mu ngonga";"";"";""
"";"Kubakata";"Prestar juramento de fidelidade.";"ngi mukua nduálu, ng'abakata";"";"";""
"";"Kubakuila";"Dar pensão a.";"mukua 'xi";"";"";""
"";"Kúbala";"Ficar; quedar; permanecer; cair. | Tomar assento; estar por terra.";"u abale bu nganda";"";"";""
"";"Kubalata";"Arranhar (sem ferir). | Agatanhar. | Arrepelar; unhar.";"kubalata ni iála";"";"";""
"";"Kubalúla";"Catucar.";"ng'a mu balula ni mulembu";"";"";""
"";"Kubalumuna";"Fazer levantar, erguer.";"u azeka a mu balumuna";"";"";""
"";"Kubambúka";"Inflamar, incendiar-se, explodir.";"fundanga i abambuka";"";"";""
"";"Kubamuka";"Derruir; cair.";"muzi u abamuka";"";"";""
"";"Kubamuna";"Hastilhaçar; derrubar; rachar.";"kubamuna mifuma ni mingela";"";"";""
"";"Kubána";"Ficar pasmado, de boca aberta.";"kubána mu konu";"";"";""
"";"Kubanda";"Ascender; subir. Galgar; elevar-se.";"kubanda mulundu";"";"";""
"";"Kubánda";"Encomiar; exaltar; gabar.";"ngiri u bánda ngiri ie";"";"";""
"";"Kubánda";"Cortar, lanhar a golpes de machado, faca, catana, etc.";"ngi bánda muxi, nyi tánda lukula";"";"";""
"";"Kubánda";"Buscar; tratar de achar, de descobrir.";"kubánda jinjimbu mu isúba";"";"";""
"";"Kubánda";"Kuribánda, v. r. Elogiar-se; ufanar-se, gabar-se.";"u akunu k'aribánd'ê. kilembeketa ki muriá o mbutu";"";"";""
"";"Kubandeka";"Ajuntar-se.";"u aribandeka ku akua";"";"";""
"";"Kubandúka";"Fazer perder o justo ressentimento de.";"ng'abanduka mu milonga ia soba";"";"";""
"";"Kubandúla";"Aguçar; separar; desagregar.";"kubandúla maju";"";"";""
"";"Kubandúla";"Desagravar; atenuar; reparar. | Desafrontar; dar satisfação do agravo.";"kubandúla mixanu";"";"";""
"";"Kubánga";"Pelejar; brigar; combater; lutar. Batalhar; esforçar-se.";"kubánga ni mulenge";"";"";""
"";"Kubánga";"Peleja; briga. Contenda; combate.";"ku atundu o maka ku liza kubánga";"";"";""
"";"Kubánga";"Pelejar, combater a cada passo.";"kubánga banga";"";"";""
"";"Kúbanga";"Fazer; construir. Praticar, formar, obrar, fabricar: ikoto.";"kúbanga ikoka";"";"";""
"";"Kúbanga";"Escamar, preparar, postejar, compor.";"kúbanga kitúndu";"";"";""
"";"Kúbanga";"Criar, representar, imaginar.";"kúbanga ndúnge";"";"";""
"";"Kúbanga";"Trabalhar, movimentar, operar.";"kúbanga ufunu";"";"";""
"";"Kúbanga";"Lucrar, ganhar.";"kúbanga kitari";"";"";""
"";"Kúbanga";"Barbear.";"kúbanga muézu";"";"";""
"";"Kúbanga";"Gerar; procriar; conceber.";"nzambi u ala kúbanga";"";"";""
"";"Kúbanga";"Servir (de)";"kúbanga ngi mubika";"";"";""
"";"Kubanguluia";"Renovar; refazer; reconstruir | Reformar; repetir.";"kubanga ni. kubanguluia";"";"";""
"";"Kubanúna";"Escachar; descerrar; abrir. | Alargar; dilatar.";"kubanúna mu kanu";"";"";""
"";"Kubanzela";"Kuribanzela Meditar, pensar por si. | Considerar, tomar para si uma resolução | Imaginar sem concurso estranho.";"eie u ribanzela mu Kilunji Kiê";"";"";""
"";"Kubarikila";"Vender a retalho em; retalhar por.";"eme ng'àkabarikila mu Ndondo";"";"";""
"";"Kubarikinya";"Atafulhar, fechar, tapar à pressa; atabafar; impedir.";"kubarikinha mesu";"";"";""
"";"Kubása";"Rachar; fender; abrir de meio a meio.";"kubása jihunhi";"";"";""
"";"Kubasakasa";"Estar achatado, largo para os lados; estar ou ficar em forma de tábua.";"mutue u a mu basakasa";"";"";""
"";"Kubasujuka";"Despedaçar-se aos poucos; quebrar-se pouco a pouco; partir-se em muitos bocados; ficar em pedaços.";"imbia i ala kubasujuka";"";"";""
"";"Kubasuka";"Quebrar-se (por si); ficar ou estar lascado, quebrado (numa pequena parte); sair um pedaço (de uma peça de louça ou barro).";"rilonga ri abasuka";"";"";""
"";"Kubasuka";"Quebrar-se (por si); ficar ou estar lascado, quebrado (numa pequena parte); sair um pedaço (de uma peça de louça ou barro).";"muringe u abasuka";"";"";""
"";"Kubatajala";"Dissimular; fingir; ocultar-se; caminhar por lugares escusos; alapar-se; disfarçar-se.";"huenda kubatajala";"";"";""
"";"Kubateka";"Entestar; tapar.";"kubateka mbinda";"";"";""
"";"Kubateka";"Entestar; tapar.";"kubateka mesu";"";"";""
"";"Kubateka";"Entestar; tapar.";"kubateka mukuri";"";"";""
"";"Kubatesa";"Secundar; seguir (alguém ou alguma cousa).";"kubatesa manhanhu";"";"";""
"";"Kubatuíla";"Atalhar; impedir.";"kubatuíla jingenji";"";"";""
"";"Kubatuisa";"Mandar cortar, amputar ou separar por meio de instrumento cortante.";"kubatuisa mulembu";"";"";""
"";"Kubatujula";"Cortar mais vezes o que já está cortado.";"kubatujula mu ixinhi tzinhi";"";"";""
"";"Kubatuka";"Quebrar, romper, partir.";"mukolo u abatuka";"";"";""
"";"Kubatuka";"Expirar.";"kubatuka imuenhu";"";"";""
"";"Kubatuka";"Cessar de correr.";"manhinga m' abatuka";"";"";""
"";"Kubatukila";"Estar ou residir em lugar estranho";"kubatukila mu muxitu";"";"";""
"";"Kubatukila";"Partir ou quebrar em determinada altura ou lugar";"o muxinga u abatukila boba";"";"";""
"";"Kubatuluka";"Cruzar; truncar; ficar atravessado, recortado.";"njila i abatuluka mu ixinhi";"";"";""
"";"Kubatulula";"Recortar. Esquartar; dividir.";"kubatulula ji ndemba";"";"";""
"";"Kubatulula";"Cortar uma figura pelos contornos para a separar do fundo. Passar através de.";"kubatulula ikoka";"";"";""
"";"Kúbaza";"Estoirar; rebentar; explodir. Estalar; rachar; fender.";"kitu ki abaze";"";"";""
"";"Kubéba";"Emboçar.";"kubéba kipapa kia'nzo";"";"";""
"";"Kubebeka";"Barrar; rebocar.";"kubebeka inzo";"";"";""
"";"Kúbebela";"Colar (com goma, visco, etc)";"kúbebela wîsu";"";"";""
"";"Kubebuka";"Desgarrar; apartar-se do caminho; fugir.";"o mburi i abebuka mûza";"";"";""
"";"Kubebula";"Desgarrar; desviar (o barco) do rumo.";"kubebula ulungu";"";"";""
"";"Kubekéla";"Oscilar; bulir.";"muxi u ala kubekéla ni mulenge";"";"";""
"";"Kúbekela";"Trazer (para outrem)";"ng'a ku bekela mukanda";"";"";""
"";"Kubekukila";"Tomar por caminho outro que enquadra no principal.";"u abekukila banã";"";"";""
"";"Kubéla";"Pousar (de ou por cima)";"mbemba i abela ku mulemba";"";"";""
"";"Kúbela";"Emagrecimento | Debilidade; fraqueza.";"kúbela kua' mbua nguzu muifuba";"";"";""
"";"Kubeleketa";"Estar mole.";"u abeleketa kala mukila ua ngómbe";"";"";""
"";"Kubeleketa";"Amolecimento | Falta de resistência.";"kubeleketa kua mbamba";"";"";""
"";"Kubelela";"Pousar (de frente ou de lado)";"kubelela risêmba";"";"";""
"";"Kubelela";"Kuribelela, v. r. Umbigadar-se.";"kubelela masemba";"";"";""
"";"Kubembula";"Kuribembula, v. r. Desculpar-se; evitar questões.";"ngema u aribembula u dia ni maluvu me";"";"";""
"";"Kubénda";"Escarnar; Escodear; fatiar; tirar muito à superfície.";"kubénda xitu";"";"";""
"";"Kúbenda";"Estar desaprumado.";"muxi u ábende";"";"";""
"";"Kúbenga";"Noivar. | Cortejar a mulher com que se vai casar.";"kúbenga ribanga";"";"";""
"";"Kubengala'a";"Estar torto | Estar desviado (da reta)";"musuiku u abengalala";"";"";""
"";"Kubengama";"Ter resguardo. | Estar abrigado, protegido.";"kukala bu kiriri ki' abengama";"";"";""
"";"Kubengeka";"Encostar; cerrar | Não fechar de todo (a porta ou janela)";"kubengeka ribitu";"";"";""
"";"Kubengeleka";"Acompanhar, à despedida, quem conosco não volta. | Despedir-se de uma visita à certa distância da casa.";"kubengeleka mujitu";"";"";""
"";"Kubengumuna";"Entreabrir. | Descerrar; fazer aclarar.";"kubengumuna ribitu";"";"";""
"";"Kubénya";"Brilhar; resplandecer, luzir | Refletir.";"kubénha kua riêji";"";"";""
"";"Kúbenya";"Doer; sentir dor em | Ter dor de.";"kúbenha kua mútue";"";"";""
"";"Kubesa";"Mandar ou fazer dar | Proporcionar a dação, a cedência, a entrega de.";"kubesa malebu";"";"";""
"";"Kubesa";"Kuribesa, v. r. Tornar-se credor de benesses. | Fazer que lhe deem (pelo porte ou serviços prestados)";"udenge uribesa k' abing'è";"";"";""
"";"Kubéta";"Estar mole.";"funji i abéle";"";"";""
"";"Kubéta";"Estar molhado; empapado.";"mulele u abéte";"";"";""
"";"Kúbeta";"Exceder em qualidade, extensão ou altura.";"o iô u abeta o kuuaba";"";"";""
"";"Kubetama";"Abaixar; curvar-se; pender (para o chão)";"j'abetama, kanza-ju; ki jibetuka j'akuenu";"";"";""
"";"Kubeteka";"Inclinar; fazer pender, descair. Desviar da verticalidade.";"kubeteka mukuri ua mâji";"";"";""
"";"Kubeteka";"Inclinar; fazer pender, descair. Desviar da verticalidade.";"kubeteka mbinda ia mênha";"";"";""
"";"Kubeteka";"Titubear; exprimir-se com dificuldade.";"kuzuela kubeteka";"";"";""
"";"Kubeteketa";"Estar flácido.";"muxi u abeteketa";"";"";""
"";"Kubetela";"Castigar, bater, (por outrem)";"ng'abetela bu kiriri kia pang'ami";"";"";""
"";"Kubetela";"Sovar, punir em determinado lugar.";"a mu betela bu tabu";"";"";""
"";"Kubetumuka";"Ruir pela base, tombar.";"lumbu lu abetumuka";"";"";""
"";"Kubetumuka";"Descair.";"mizumbu ia mu betumuka";"";"";""
"";"Kubhakela";"Ter-se na devida conta. Portar-se à altura das circunstâncias.";"kubakela bu";"";"";""
"";"Kubhakula";"Pagar tributo, contribuição, dízimo, imposto. | Produzir, dar fruto.";"irima ibakula mu Kixibu";"";"";""
"";"Kubhalumuka";"Levantar-se; erguer-se; pôr-se de pé.";"kubalumuka ku kialu";"";"";""
"";"Kubhanduluka";"Estar remediado, socorrido, salvo.";"ng'abanduka bu kibiri bu ng'exile";"";"";""
"";"Kubhandulula";"Apaziguar; separar contendores; demover.";"kubandulúla nvunda";"";"";""
"";"Kubhangela";"Fabricar, obrar devido a.";"ng'a ki bangela ngànji";"";"";""
"";"Kubhangela";"Arranjar, fazer para.";"a ki bangela muetu ê";"";"";""
"";"Kubhangela";"Socorrer; ser defensor de.";"ngi bangela mukua ita; o mukua nzala";"";"";""
"";"Kubhangela";"Lutar, combater a favor de.";"ki azuba o kuria, ulenq' ê";"";"";""
"";"Kubhangesa";"Exercer pressão contra. | Empecer-resistir, opor, | Proporcionar; dar ocasião a; concorrer.";"eie u abangesa o miúxi Kubamuka";"";"";""
"";"Kubhangesa";"Mandar executar, fazer, construir.";"kubangesa jingutu";"";"";""
"";"Kubhata";"Calcar (com a mão); apertar, tornar compacto; fazer camadas.";"kubáta fuba";"";"";""
"";"Kubhatula";"Postejar; cortar.";"kubatula xitu";"";"";""
"";"Kubhatula";"Amputar.";"kubatula kinama";"";"";""
"";"Kubhatula";"Separar de todo (com o instrumento cortante). Desligar; desunir (cortando)";"kubatula mixi";"";"";""
"";"Kubhatula";"Talhar. Aparar; encurtar.";"kubatula rivunga";"";"";""
"";"Kubhatula";"Modificar, emendar (a linguagem); corrigir.";"u zuela kubatula";"";"";""
"";"Kubhatula";"Julgar; resolver; decidir.";"kubatula mulónga";"";"";""
"";"Kubhatula";"Atalhar; estancar; deter. Vedar; exaurir.";"kubatula manhinga";"";"";""
"";"Kubhatula";"Kuribatula, v. r. Cortar-se. Ferir-se.";"kubatula ila";"";"";""
"";"Kubheka";"Levar; ser portador de. | Transportar; trazer; conduzir. | Atrair. | Usar habitualmente. | Ser causa de | Proporcionar; dar ocasião a. | fig. Encaminhar.";"kúbeka mukanda";"";"";""
"";"Kubheka";"Levar; ser portador de. | Transportar; trazer; conduzir. | Atrair. | Usar habitualmente. | Ser causa de | Proporcionar; dar ocasião a. | fig. Encaminhar.";"kúbeka imbamba bu tabu";"";"";""
"";"Kubheka";"Levar; ser portador de. | Transportar; trazer; conduzir. | Atrair. | Usar habitualmente. | Ser causa de | Proporcionar; dar ocasião a. | fig. Encaminhar.";"kúbeka mâla bu muê lu";"";"";""
"";"Kubheka";"Levar; ser portador de. | Transportar; trazer; conduzir. | Atrair. | Usar habitualmente. | Ser causa de | Proporcionar; dar ocasião a. | fig. Encaminhar.";"kúbeka mulele ua mabelo";"";"";""
"";"Kubheka";"Levar; ser portador de. | Transportar; trazer; conduzir. | Atrair. | Usar habitualmente. | Ser causa de | Proporcionar; dar ocasião a. | fig. Encaminhar.";"kúbeka maka";"";"";""
"";"Kubheka";"Kuribeka, v. r. Apresentar-se; oferecer-se. | Vir sem ser chamado. | Entregar-se; exibir-se.";"imbamba bu tabu";"";"";""
"";"Kubheka";"Kuribeka, v. r. Apresentar-se; oferecer-se. | Vir sem ser chamado. | Entregar-se; exibir-se.";"mâla bu muê lu";"";"";""
"";"Kubheka";"Kuribeka, v. r. Apresentar-se; oferecer-se. | Vir sem ser chamado. | Entregar-se; exibir-se.";"mulele ua mabelo";"";"";""
"";"Kubheka";"Kuribeka, v. r. Apresentar-se; oferecer-se. | Vir sem ser chamado. | Entregar-se; exibir-se.";"maka";"";"";""
"";"Kubhekesa";"Propor a venda, o preço de.";"kubekésa uênji";"";"";""
"";"Kubhekesa";"Fazer oscilar, menear; tremer.";"kubekésa mútue";"";"";""
"";"Kubhengalesa";"Entortar; empenar. | Torcer. | Não dar boa direção a.";"kubengalesa ni la";"";"";""
"";"Kubhetuka";"Soerguer; levantar-se um tanto.";"o haxi lelu u abetuka";"";"";""
"";"Kubhetula";"Levantar (um pouco o que está deitado, abaixado, inclinado)";"kubetula mûxi";"";"";""
"";"Kubhetula";"Levantar (um pouco o que está deitado, abaixado, inclinado)";"kubetula mesu";"";"";""
"";"Kubheza";"Adorar; prestar culto a.";"kubéza jinzambi";"";"";""
"";"Kubheza";"Venerar; ter em grande consideração.";"kubéza mákulu";"";"";""
"";"Kubheza";"Temer.";"kubéza Ngana ietu";"";"";""
"";"Kubhikila";"Servir a.";"kubikila nzanbi";"";"";""
"";"Kubhikila";"Ser serviçal, consagrar-se ao serviço de.";"kana mutu u tena kubikila ngana jiiari";"";"";""
"";"Kubhiluka";"Mudar de intento, de opinião, de rumo.";"mutu u biluka bu fulu, k'abiluk'ê bu rimi";"";"";""
"";"Kubhiluka";"Rebelar-se. | Toldar-se (o tempo) | Estar mudado, transformado, convertido.";"kuma ku abiluka";"";"";""
"";"Kubhilula";"Voltar em sentido contrário; virar. | Volver de um lado para o outro | Mudar de posição | Pôr do avesso | Fazer mudar de direção, de rumo | Mudar, transformar, converter.";"kubilula mbiji bu kimenga";"";"";""
"";"Kubhilula";"Voltar em sentido contrário; virar. | Volver de um lado para o outro | Mudar de posição | Pôr do avesso | Fazer mudar de direção, de rumo | Mudar, transformar, converter.";"kubilula mona bu jihata";"";"";""
"";"Kubhilula";"Voltar em sentido contrário; virar. | Volver de um lado para o outro | Mudar de posição | Pôr do avesso | Fazer mudar de direção, de rumo | Mudar, transformar, converter.";"kubilula ulungu";"";"";""
"";"Kubhilula";"Voltar em sentido contrário; virar. | Volver de um lado para o outro | Mudar de posição | Pôr do avesso | Fazer mudar de direção, de rumo | Mudar, transformar, converter.";"kubilula muxima";"";"";""
"";"Kubhindama";"Precisar; necessitar; passar privações.";"ng'ula mu kubindama";"";"";""
"";"Kubhindamena";"Necessitar, carecer de.";"ng'abindamena kitari";"";"";""
"";"Kubhita";"Suceder, acontecer inesperadamente.";"kisese ki abiti mu ngongo";"";"";""
"";"Kubhita";"Passar e repassar; transitar muitas vezes.";"kúbitabita";"";"";""
"";"Kubhitila";"Passar, transitar, correr por.";"ng'abitila njila iêngi";"";"";""
"";"Kubhitisa";"Fazer ou deixar passar, atravessar, coar, filtrar.";"kubitisa mênha mu ritari";"";"";""
"";"Kubhitisa";"Desviar; ludibriar; fazer passar aos direitos.";"kubitisa uênji";"";"";""
"";"Kubhitisa";"Adiar; alternar; transferir para outra ocasião.";"kubitisa kizuua";"";"";""
"";"Kubhondalala";"Sucumbir.";"abondalala ni nduezu ia kimbamba'iki";"";"";""
"";"Kubhondalala";"Estar aniquilado, prostrado, vencido.";"ug'abondalala ni milongi ia Karia-Pemba";"";"";""
"";"Kubhongolokela";"Estar reunido em torno de. Juntar.";"kubongolokela mutu umoai";"";"";""
"";"Kubhongolola";"Ajuntar; arrecadar; recolher. Reunir coisas dispersas. Acumular; economizar, juntar. Congregar; dar guarida a.";"kubongolola irima";"";"";""
"";"Kubhongolola";"Ajuntar; arrecadar; recolher. Reunir coisas dispersas. Acumular; economizar, juntar. Congregar; dar guarida a.";"kubongolola kitari, uênji";"";"";""
"";"Kubhubhisa";"Fazer pingar; escorrer.";"kububisa uiki mu mbinda";"";"";""
"";"Kubhwima";"arquejar.";"kubuíma katende";"";"";""
"";"Kûbia";"Amadurecer.";"ngenge i âbi";"";"";""
"";"Kûbia";"Cozer; perder o viço.";"o iangu i âbi ni luanha";"";"";""
"";"Kûbia";"Diz-se da idade em que já se não deve estar sujeito ao pátrio poder.";"muhatu u âbi u asoko";"";"";""
"";"Kûbia";"Matureza.";"kûbia kua ndende";"";"";""
"";"Kubiáta";"Limpar (de impurezas)";"kubiáta masa";"";"";""
"";"Kubika";"Preparar; amassar.";"kubika junji";"";"";""
"";"Kubíla";"Entrelaçar; emaranhar; bifurcar | Enredar | fig. Pejar; lutar.";"kubíla jinjila";"";"";""
"";"Kubíla";"Entrelaçar; emaranhar; bifurcar | Enredar | fig. Pejar; lutar.";"kubíla maka";"";"";""
"";"Kubíla";"Kuribila, v. r. Emaranhar-se; enredar-se; confundir-se. | Dividir-se em dois ramais ou cursos.";"jinjila j'aribiri";"";"";""
"";"Kubíla";"Passar e repassar (entre pessoas)";"kubíla bila";"";"";""
"";"Kubilukila";"Virar-se para | Revoltar-se contra: u angi bilukila mukonda ia ioso i ng'âzuela | Inculpar. É tb. r.";"kubilukila ku rima";"";"";""
"";"Kubindamesa";"Sujeitar; constranger.";"u a ngi bindamesa ngi mu sumbila mulele";"";"";""
"";"Kubindamesa";"Importunar, incomodar, enfadar.";"eie'? k'u ngi bindamese!..";"";"";""
"";"Kubindumuna";"Beneficiar.";"kubindumuna jingariama";"";"";""
"";"Kubindumuna";"Cobrar.";"kubindumuna rikongo";"";"";""
"";"Kubínga";"Kuribinga, v. r. Desencontrar-se; seguir por caminho oposto.";"kubínga jiujila";"";"";""
"";"Kúbinga";"Pedir | Implorar, requerer.";"kúbinga muloloke";"";"";""
"";"Kúbinga";"Precisar. | Não poder passar sem, ou prescindir de.";"o' onzo i abingi ku i ririka";"";"";""
"";"Kúbinga";"Precisar. | Não poder passar sem, ou prescindir de.";"u abingi ku mu sakula";"";"";""
"";"Kubinguluka";"Depois: mais tarde | Seguidamente; logo.";"mu kubingulukau atambula o kitari kie";"";"";""
"";"Kubinuka";"Baquear, cair de costas. | Tombar (de cabeça para baixo.) | Cair de chofre.";"u abinuka mu kulaba";"";"";""
"";"Kubisa";"Fazer sazonar, amadurecer.";"kilululuku ki bisa o irima";"";"";""
"";"Kubitula";"Tirar ou receber coisa de perto vindo o indivíduo de mais longe.";"kubitula kilari";"";"";""
"";"Kubixika";"Dar; oferecer; fazer chegar.";"ki u tekela mu lemba mbondo mu bixike tumenha";"";"";""
"";"Kubluluka";"Tergiversar; desdizer-se.";"eie–muene u azueia u biluluka ringi?";"";"";""
"";"Kubóba";"Alagar; inundar; ficar coberto de água: irima io-so i aboba.";"irima ioso i aboba";"";"";""
"";"Kubóba";"Sossobrar; ir ao fundo.";"ulungu u aboba";"";"";""
"";"Kuboboka";"Não ter dentes (os da frente)";"kuboboka rikanu";"";"";""
"";"Kubobola";"Atirar para a boca grãos ou caroços.";"kubobola jitendu";"";"";""
"";"Kubofoka";"Ficar amolgado, amachucado.";"o foia i abofoka";"";"";""
"";"Kubofola";"Amarfanhar; amachucar.";"kubofola rizunu";"";"";""
"";"Kubokuena";"Dar entrada por.";"o muii u abokuena bóba";"";"";""
"";"Kubóla";"Vincar.";"-mukolo mu xingu";"";"";""
"";"Kubóla";"Estar corrompido, podre.";"xilu i abólo";"";"";""
"";"Kúbola";"Enganar.";"njlla k' arimi u âria la kúbola";"";"";""
"";"Kubolama";"Curvar-se, dobrar-se; ajoelhar inclinando o corpo submissamente.";"ng' afukama, ng'abolama";"";"";""
"";"Kuboleka";"Emborcar.";"kuboleka muringi";"";"";""
"";"Kubolesa";"Mandar ligar; vincar.";"kubolesa ngóji";"";"";""
"";"Kubolesa";"Fazer deteriorar; apodrecer.";"kubolesa mbiji";"";"";""
"";"Kuboloka";"Desalagar; estar recuado, diminuído.";"menha m'aboloka";"";"";""
"";"Kubolomoka";"Ficar desenfiadо.";"mulele u abolomoka";"";"";""
"";"Kubombela";"Acalentar; acalmar por meio de.";"mon' a ndenge a mu bombela mu jindunge";"";"";""
"";"Kubomóka";"Ficar queimado, pelado ou esfolado pelo fogo ou água quente. Ficar sem a derme por queimadura.";"kikonda ki a mu bomoka";"";"";""
"";"Kubomóna";"Escoriar; esfolar (por efeito de água quente)";"kubomóna kanqulu kubomóna";"";"";""
"";"Kubónda";"Diz-se do facto ou negócio de que se não logra bom resultado.";"uêngi u abóndo";"";"";""
"";"Kúbonda";"Empapar; amassar; fazer purée.";"kitande";"";"";""
"";"Kubondama";"Ter parte do corpo metido em água.";"kubondama mu mênha m' atalala";"";"";""
"";"Kubondeka";"Meter na água.";"kubondeka mulele mu mênha";"";"";""
"";"Kubondela";"Matar, abater em.";"ngombe a í bondela mu njila";"";"";""
"";"Kubondeleka";"Obstar; estorvar; impedir.";"kubondeleka njila";"";"";""
"";"Kubongoloka";"Fazer junta; reunir. Formar grupo.";"mizangala ioso i abongoloka";"";"";""
"";"Kubónza";"Hissopar, espargir. Purificar; benzer.";"kubónza makulu";"";"";""
"";"Kúbonza";"Transtornar; irritar; aborrecer. Ficar abalado, penalizado, triste.";"o maka ma ngi bonzo";"";"";""
"";"Kubóta";"e intr. Cair em desuso. | Sofrer dano, prejuízo. | Diminuir de valor, de merecimento, de conceito. | Perder, ser vencido (em jogo, aposta; etc.)";"uênji u abóto";"";"";""
"";"Kubóta";"Kuribóta, e r. Desvalorizar-se; estragar-se; ficar sem cotação. | Perder-se.";"o mbonzo à aribóto";"";"";""
"";"Kúbota";"Fiar; trançar; tecer. | Fazer fio, linha.";"kúbota múkolo";"";"";""
"";"Kubotesa";"Fazer borbotar. | Danificar; fazer desmerecer.";"kubotesa kitande";"";"";""
"";"Kubotokesa";"Fazer apertar, vincar. Fazer ligar, apertar por forma a deixar vestígios.";"kubotokesa ngoji mu mbunda";"";"";""
"";"Kubuabuata";"Exprimir-se dificilmente (como que tendo água na boca) | Tartamudear; não falar claro.";"kuzuela kubuabuata";"";"";""
"";"Kubúba";"Apupar; apedrejar; molestar.";"kubúba ni matari";"";"";""
"";"Kububila";"Derramar, vazar por.";"o maji m'alakububilaboba";"";"";""
"";"Kububila";"Ser molestado, batido, imprecado em.";"a mu bubila mu ritutu";"";"";""
"";"Kububila";"Jorrar; verter através de.";"mukuri u alakububilabu soxi";"";"";""
"";"Kububulula";"Tirar da lavra o resto dos mantimentos.";"kububulula masa mu ríbia";"";"";""
"";"Kubufula";"Fazer rombo em.";"kubufula ribitu";"";"";""
"";"Kubuingina";"Evaporar-se; sumir-se (o líquido)";"rizanga ri abuingina";"";"";""
"";"Kubuinginina";"Estar esgotado, sumido, (o líquido)";"menha ma buinginina";"";"";""
"";"Kubuíza";"Custar; ser difícil.";"kutunga, kulundula ki kubuiz'ê";"";"";""
"";"Kubúka";"Agitar o ar; sacudir.";"kubúka jinji";"";"";""
"";"Kubukujuka";"Ficar sem saber que fazer ou dizer.";"…hengele u itela njimu, kioua n'abukujuke ngo";"";"";""
"";"Kubukujula";"Quebrar, fraturar em muitos lugares.";"kubukujula muênge";"";"";""
"";"Kubukujula";"Tosar; contundir.";"a mu bukujula ni jimbangala";"";"";""
"";"Kubukuka";"Quebrar; mû-xi u abukuka.";"mûxi u abukuka";"";"";""
"";"Kubukula";"Fraturar; partir.";"kubukula kinama";"";"";""
"";"Kubukula";"Quebrar (pau ou ramo verde)";"kubukula tangu";"";"";""
"";"Kubukula";"Abreviar; encurtar; resumir.";"mutu mu kuzuela wu bukula";"";"";""
"";"Kubukula";"Vomitar (a criança)";"mona u abukula";"";"";""
"";"Kubukula";"Falar mal, com incorreção.";"kubukula putu";"";"";""
"";"Kubukumuna";"Fazer vento.";"kuma kuala kubukumuna";"";"";""
"";"Kubukumuna";"Exorcizar; curar.";"kubukumuna jindele";"";"";""
"";"Kúbula";"Quebrar; partir.";"kúbula malonga";"";"";""
"";"Kúbula";"Desmanchar; arrombar.";"kúbula ribitu";"";"";""
"";"Kubulakana";"Atender.";"bulakana nda ngi ku ambele";"";"";""
"";"Kubulúka";"Palpitar; pulsar.";"muxima moxi u a ngi bulúka";"";"";""
"";"Kubulúla";"Encher o vaso da água que se tira de uma vez.";"kubulúla mênha mu risánga";"";"";""
"";"Kúbulula";"Livrar; fazer escapar.";"kúbulula házi";"";"";""
"";"Kúbulula";"Salvar; socorrer.";"Agana, ngi bulule";"";"";""
"";"Kubulumuna";"Tornar a desmanchar.";"kubula ni kubulumuna";"";"";""
"";"Kubumina";"Ousar, atrever-se a.";"kubumina ima à kola";"";"";""
"";"Kubumuka";"Ter mossa, brecha.";"kipapa ki abumuka";"";"";""
"";"Kubumúna";"Fazer quebrada, mossa.";"kubumúna kipapa";"";"";""
"";"Kúbunda";"Dar pancadas em.";"kúbunda ribilu";"";"";""
"";"Kúbunda";"Fustigar; sacudir.";"kúbunda milele";"";"";""
"";"Kúbunda";"Trilhar; descascar.";"kúbunda makunde";"";"";""
"";"Kúbunda";"Kuribunda, e r. Atirar-se, arremessar-se.";"kúbunda boxi";"";"";""
"";"Kúbunda";"Kuribunda, e r. Atirar-se, arremessar-se.";"kúbunda ku mâxi";"";"";""
"";"Kübundumuka";"Ter prejuízo.";"uênji u abundumuka";"";"";""
"";"Kubungila";"Assentar; firmar-se; afazer-se.";"ku bata k'abungil'ê-ku";"";"";""
"";"Kubungujula";"Desamparar; dar ao desprezo.";"katendu ki u ka bungujule, kizuua k'abiluka kirikoma";"";"";""
"";"Kúbungula";"Enfeitiçar. Diz-se do feiticeiro quando vai dançar às portas dos vizinhos:";"muloji ubingula m' usuku";"";"";""
"";"Kubunguluka";"Inchar; entumecer:";"ritama ri a mu bunguluka";"";"";""
"";"Kubungulula";"Ribear; requebrar-se; saracotear-se.";"kubungulula mbunda";"";"";""
"";"Kubunjika";"Dobrar (roupa); vincar.";"kubunjika milele";"";"";""
"";"Kuburikinya";"Agadanhar; apanhar com as mãos.";"u texi o uta ni u burikinhe ni maku";"";"";""
"";"Kuburirika";"Enfestar; dobrar ao meio. Enrolar; envolver.";"kuburirika sanji mox' a mulele";"";"";""
"";"Kubuselela";"Dirigir sopro para. Bafejar, soprar branda e continuadamente: o ribengu u lumata ni abuselele. Inspirar; sugerir.";"kubuselela tubia";"";"";""
"";"Kúbuta";"Barbear; tosquiar; cortar cabelo a. Kuributa v. r. Barbear-se.";"kúbuta muezu";"";"";""
"";"Kubutalala";"Estar baixo, agachado, encolhido. Ter menor altura. Estar diminuído.";"muelu u abutalala";"";"";""
"";"Kubutamesa";"Fazer incubar. Fazer chocar (a ave)";"kubutamesa sanji";"";"";""
"";"Kubutisa";"Encurtar; tornar baixo. Abreviar; resumir. Mandar cortar o cabelo, a barba.";"kubutisa kitala";"";"";""
"";"Kubutisa";"Encurtar; tornar baixo. Abreviar; resumir. Mandar cortar o cabelo, a barba.";"kubutisa maka";"";"";""
"";"Kubutuluka";"Ficar cerceado, cortado em toda volta. Estar de novo sobrecarregado.";"kinama ki a mu butuluka mu ritakataka";"";"";""
"";"Kubutumuka";"Ficar desmoronado; aluir.";"lumbu lu abutumuka";"";"";""
"";"Kubuuika";"Tornar indeciso, perplexo.";"kubuuika muxima";"";"";""
"";"Kubúza";"Depenar; espenicar.";"kubúza sánji";"";"";""
"";"Kubúza";"Desfolhar; arrancar erva (com as mãos)";"kubúza tângu";"";"";""
"";"Kubuzumuka";"Esbarrocar; desabar; cair.";"kipapa ki abuzumuka";"";"";""
"";"Kubwa";"Acabar; chegar ao fim.";"kizuua ki âbu";"";"";""
"";"Kubwa";"Desabar; cair.";"o lumbu lu âbu boxi";"";"";""
"";"Kubwakula";"Fumar; baforar.";"kubuakula makanha";"";"";""
"";"Kubwika";"Acamar; pender para o chão.";"jimboua joso j'abuika ni luanha";"";"";""
"";"Kubwika";"Amaciar; suavizar; abrandar.";"kiteta ki abuika";"";"";""
"";"Kubwika";"Acabar; perecer; extinguir-se. | Deixar de existir.";"muji uoso u abuika";"";"";""
"";"Kubwikila";"Ir parar a.";"u abuikila bu mikolo";"";"";""
"";"Kubwikisa";"Fazer acamar.";"o luânha lu buikisa o irima";"";"";""
"";"Kubwikisa";"Fazer acabar, fenecer, extinguir.";"kubuikisa mulji";"";"";""
"";"Kubwila";"Caber.";"o mbingi i abuila mu' mbia";"";"";""
"";"Kubwingita";"Luxuriar; vicejar; medrar.";"irima i abuingita";"";"";""
"";"Kubwisa";"Fazer cessar, acabar, pôr termo.";"kubuisa maka";"";"";""
"";"Kue";"adj. e pron. poss. (contr. da prep. kua e do pron. pess. muêne). Seu; sua (dele, dela)";"ambula o kuria kue";"";"";""
"";"Kue";"adj. e pron. poss. (contr. da prep. kua e do pron. pess. muêne). Seu; sua (dele, dela)";"ambula o kuriakue";"";"";""
"";"Kue";"Consigo; da parte dele.";"ng'ejile o kue";"";"";""
"";"Kue";"Consigo; da parte dele.";"ng'ejile okue";"";"";""
"";"Kuê";"(contr. da prep. kua e do pron. pess. eie). Teu; tua: o kuri 'oko.—";"o kuri 'oko kuê";"";"";""
"";"Kuê";"De tua parte.";"contigo ng'êza okuê";"";"";""
"";"Kuê";"e pron. interrog. Onde? Em que lugar?";"u endele kuê?";"";"";""
"";"Kuê";"e pron. interrog. Onde? Em que lugar?";"u endelekuê";"";"";""
"";"Kuê";"A ou para onde.";"u ala kuiakuê?";"";"";""
"";"Kuê";"A ou para onde.";"u ala kuiakuê";"";"";""
"";"Kuela";"Erro. | Engano; culpa.";"o kuela k' u nâng'ê";"";"";""
"";"Kuelesa";"Induzir ou fazer estar em erro. | Enganar, fazer perder, ser réu.";"u a ng'elesa mu kuzuelà";"";"";""
"";"Kuenzela";"Deixar.";"ng'enzele";"";"";""
"";"Kufafa";"Espumar; cachoar; ferver.";"menha m'ala kufafa";"";"";""
"";"Kufafela";"e intr. Deitar espuma por.";"o'mbia i ala kufafela mu jimbandu";"";"";""
"";"Kufandujuka";"Estar desarranjado, amarrotado, em desordem.";"ima ioso i afundujuka";"";"";""
"";"Kufandujuka";"Ficar amarfanhado.";"polo i a mu fandujuka";"";"";""
"";"Kufandujula";"Ultrajar, ofender publicamente.";"pala 'nhi muari' ê ku mu fandujula kiná?";"";"";""
"";"Kufefenya";"Chuchar.";"kufefenha ifuba";"";"";""
"";"Kufenya";"Fungar; cheirar Absorver pelo nariz.";"kufenha makanha!";"";"";""
"";"Kufenyesa";"Fazer aspirar, sorver.";"kufenhesa funza";"";"";""
"";"Kufifimika";"Kurififimika, r. Meter-se de permeio onde não é chamado Entrar; introduzir-se.";"kufifimika bu kazazi k'atu!";"";"";""
"";"Kufika";"Ter maior quantidade do que a devida.";"jinguba ja mukuta, jafika";"";"";""
"";"Kufika";"Julgar possível; ser levado a pensar, a crer.";"ng' afika ku ma ng'uzuela kia mbote";"";"";""
"";"Kufika";"Kurifika, v. r. Pensar, supor-se; ter-se na conta de.";"u arifika ue kuma mutu";"";"";""
"";"Kufikirila";"Amparar; escorar; sustentar.";"kufikirila ribitu";"";"";""
"";"Kufikixila";"Poupar.";"a mu bana a mu fikixila";"";"";""
"";"Kúfila";"Dar preferência a | Estimar mais.";"kúfila mu kua kitari";"";"";""
"";"Kufimbika";"Meter. | Soterrar.";"kufimbika milele mu riloua";"";"";""
"";"Kufinya";"Comprimir-se.";"kufinha finha";"";"";""
"";"Kufirimika";"Pôr de borco.";"kufirimika kinda";"";"";""
"";"Kufisa";"Causar a morte de.";"kufisa mêsu";"";"";""
"";"Kufitujuka";"Engelhar.";"polo i a mu fitujuka";"";"";""
"";"Kufitula";"Arremelgar, revirar.";"kufitula mêsu";"";"";""
"";"Kufitumuka";"Estar revirado.";"kima ki afitumuka";"";"";""
"";"Kufomeka";"Embainhar.";"kufomeka poko mu kizu";"";"";""
"";"Kufomona";"Desfiar; fazer bainha aberta.";"kufomona musuiku";"";"";""
"";"Kufomona";"Desembainhar.";"kufomona mukuala";"";"";""
"";"Kufomona";"Desossar.";"kufomona sánji";"";"";""
"";"Kúfonga";"Falhar.";"uta u afongo";"";"";""
"";"Kufringala";"Fincar.";"kufringala kinama boxi";"";"";""
"";"Kufujuka";"Estar mascarrado, enfarruscado, coberto de pó.";"polo i a mu fufuka";"";"";""
"";"Kufujumuka";"Ser ou estar feculento.";"kiringu ki afufumuka";"";"";""
"";"Kufúka";"Afocinhar; foçar. Dar focinhadas.";"kurifunga nî utumbu jingulu ji ku fúka";"";"";""
"";"Kufukamena";"Prosternar-se; ajoelhar.";"kufukamena jinzambi";"";"";""
"";"Kufukamesa";"Fazer prosternar.";"kufukamesa jindumbe";"";"";""
"";"Kufukuka";"Ter as vestes levantadas por efeito de turbilhão.";"milele i a mu fukuka";"";"";""
"";"Kufukula";"Correr como o vento; fugir.";"u afukula kala mulenge";"";"";""
"";"Kufukumuna";"Diz-se do movimento das ancas (ao andar)";"kufukumuna mbunda";"";"";""
"";"Kufukunuka";"Ressuscitar; ressurgir; voltar à vida.";"mon'a Nzambi u afukunuka";"";"";""
"";"Kufukununa";"Exumar.";"kufukununa kimbi";"";"";""
"";"Kufukununa";"Trazer à luz o que estava esquecido.";"kufukununa maka";"";"";""
"";"Kúfula";"Ter gosto (a comida); saber bem ao paladar.";"kúria ku afulu";"";"";""
"";"Kúfula";"Insonar; perder noite.";"kúfula kilu";"";"";""
"";"Kúfula";"Kurifula e r. Acordar.";"kuriclela, kúfula";"";"";""
"";"Kufulamana";"Estar fusco, baço, sem brilho.";"kuma ku afulamana";"";"";""
"";"Kufulamana";"Estar empanado, sombrio.";"luânha lu afulamana";"";"";""
"";"Kufuluka";"Espumar; estar em ebulição.";"menha m' afuluka";"";"";""
"";"Kufulula";"Dar cordial; fazer vir a si.";"kufulula hâxi";"";"";""
"";"Kufumana";"Ter fama (boa ou má)";"kufumana, kúfuu";"";"";""
"";"Kufumana";"Ser tido e havido.";"u afumanua o kususa k'azek'ê bu atalala";"";"";""
"";"Kufumanena";"Afamar.";"o fuma i afumanena mbémba, mbemba k' azub' ê kilende";"";"";""
"";"Kufumanesa";"Divulgar; propalar; tornar do domínio público.";"kufumanesa maka";"";"";""
"";"Kufumbula";"Enfunar; tornar bojudo.";"kufumbula ngômbo";"";"";""
"";"Kufumbula";"Abreviar a morte de.";"kufumbula sánji";"";"";""
"";"Kúfuna";"Comerciar; traficar.";"kúfuna abika";"";"";""
"";"Kúfuna";"Comprar e vender.";"kúfuna mauenji";"";"";""
"";"Kufunata";"Deslocar; vergar; torcer.";"kinama ki afunata";"";"";""
"";"Kufúnda";"Inumar; sepultar; enterrar.";"kufúnda kimbi";"";"";""
"";"Kufundalala";"Naufrágio.";"ulungu u afu-ndalala";"";"";""
"";"Kufundama";"Criar bolor. | Estar deteriorado, estragado:";"o xitu i afundama";"";"";""
"";"Kufundamena";"Quarentenar; estar em observação. Estar isolado (em cumprimento de um preceito)";"kufundamena ngênji";"";"";""
"";"Kufundamesa";"Isolar. | Fazer estar de quarentena, de magro. É tb. r.";"kufundamesa muturi";"";"";""
"";"Kufundika";"Emostar; fazer amadurecer pela ação do calor.";"kufundika mahonjo";"";"";""
"";"Kufundila";"Informar a; formular queixa de; relatar. | Contar; dizer.";"ng'a mu fundila ioso i abange abik' ê";"";"";""
"";"Kufundila";"Dar sepultura a. | Enterrar por causa de.";"o mutu a mu fundila mu ikoka";"";"";""
"";"Kufundísa";"Julgar. | Fazer justiça; decidir.";"kufundísa mukanu";"";"";""
"";"Kufundumuka";"Levantar-se (da cama); erguer-se; pôr-se em altura.";"ng'a mu sange u afundumuka kiá";"";"";""
"";"Kufúnga";"Fusionar; misturar. | Juntar coisas diferentes num todo.";"kufúnga fundanga ni musambe";"";"";""
"";"Kufungisa";"Fazer mistura; combinar coisas diferentes. | Baralhar; confundir.";"kufungisa máji ni hula";"";"";""
"";"Kufungulula";"Mexer muitas vezes ou por muito tempo.";"kufungulula milongo";"";"";""
"";"Kufunguta";"Fumegar.";"kê teta, ki toloka; ki funguta ki uáma";"";"";""
"";"Kufurisa";"Malograr; embaraçar; empecer.";"kufurisa hanji";"";"";""
"";"Kufurisa";"Fazer insonar; não deixar dormir.";"kufurisa kilu";"";"";""
"";"Kufurisa";"Dar chiste; tornar picaresco.";"kufurisa maka";"";"";""
"";"Kufusana";"Ter o cabelo desgrenhado, em desalinho.";"jindemba j'a mu fusana";"";"";""
"";"Kufúta";"Indemnizar; embolsar; pagar.";"kufúta rikongo";"";"";""
"";"Kufúta";"Reparar; resarcir.";"kufúta kituxi";"";"";""
"";"Kúfuta";"Vendar; cobrir.";"kúfuta kiáku mu pólo";"";"";""
"";"Kufutika";"pregas em. Embainhar; dobrar. Enrolar, embrulhar em (papel, pano, etc.)";"kufutika musúiku";"";"";""
"";"Kufuuela";"Estar mortiço, quase apagado. Ter menos brilhantismo ou entusiasmo. Estar quase extinto (o lume). Perder o luzimento. Estar fusco, sem calor.";"kizomba ki afuuela";"";"";""
"";"Kufuuela";"Estar mortiço, quase apagado. Ter menos brilhantismo ou entusiasmo. Estar quase extinto (o lume). Perder o luzimento. Estar fusco, sem calor.";"bu jiku bu afuuela";"";"";""
"";"Kufuuetela";"Estar sombrio, opaco, basso. Estar fosco.";"lumuenu lu afuuetela";"";"";""
"";"Kufwa";"Morte.";"kúfua kua ngana, kufimbirila kua mubika";"";"";""
"";"Kuhalumuna";"Atacar com ímpeto (ao falar). | Arremeter. | Ser arrebatado.";"kuzuela kuhalumuna";"";"";""
"";"Kuhandeka";"Esboçar; principiar; dar a conhecer.";"kuhandeka maka";"";"";""
"";"Kuhandekela";"Mostrar (o princípio). | Revelar; dar a perceber.";"o hete a mu handekela, bu rizubilu muene u ejia-bu";"";"";""
"";"Kuhanduluka";"Estar exasperado, indignado, ameaçador.";"u êza nikuhanduluka";"";"";""
"";"Kuhaúla";"Apanhar; surpreender. Diz-se do gavião ao apanhar o pinto.";"mon' a sanji";"";"";""
"";"Kuhínda";"Estimar; gostar; querer.";"eme ni a ku hindi";"";"";""
"";"Kuhindila";"Desejar; sentir prazer por.";"ng'a ku hindila mbote";"";"";""
"";"Kuhínga";"Invocar; jurar.";"hinge ne? hinge Nzambi";"";"";""
"";"Kuhobojoka";"Estar esquelético, encovado. Dar mostras de muita fraqueza.";"polo i a mu hobojoka";"";"";""
"";"Kuhofola";"Socavar.";"kuhofola mbila";"";"";""
"";"Kuhoheka";"Regalar; tratar com resguardo. Chegar muito a si. Confortar.";"kuhoheka mona";"";"";""
"";"Kuhondojoka";"Ziguezaguear.";"kuenda mu njila kuhondojoka";"";"";""
"";"Kuhotoloka";"Discorrer; ser discreto.";"o mutu mu kuzuela u hoto ioka";"";"";""
"";"Kuhúha";"Roçagar.";"kuhúha lôso";"";"";""
"";"Kuhumbuka";"Ficar mutilado ou privado de um membro.";"lukuaku lu amu humbuka";"";"";""
"";"Kuhumbuluka";"Ficar muito cerceado.";"kinama ki a mu humbuluka mu ritakataka";"";"";""
"";"Kuhumbulula";"Começar a soltar sons guturais | Grunhir.";"kuhumbulula kala ngulu";"";"";""
"";"Kuhungulula";"Bater com ímpeto, com fúria.";"kalunga k' ahungulula o ritari";"";"";""
"";"Kuiáia";"Fervilhar; rechinar.";"o mújim' ala kuiáia";"";"";""
"";"Kúibila";"Desagradar; aborrecer.";"mutu k'a ibil' ê mukuá";"";"";""
"";"Kuibisa";"Agoniar; constranger; afligir.";"ki a ivua o mátui ki a ibisa o muxima";"";"";""
"";"Kuiéia";"Entoar; cantar em coro.";"kuiéia mâzui";"";"";""
"";"Kuijirila";"Estar acostumado, habituado.";"o kuijirila kutóba";"";"";""
"";"Kuimisa";"Fazer produzir.";"kuimisa irima mu ribia";"";"";""
"";"Kuingina";"Aflorar; rebentar, aparecer (à superfície).";"mu mesu mu a mu ingina masoxi";"";"";""
"";"Kuinginina";"Voltear; girar; agitar-se à roda de. | Tumultuar (rodopiando). | Zumbir.";"jinji j' ala kuinginina bu ribute";"";"";""
"";"Kuinginisa";"Enxamear; fazer pousar moscas sobre.";"kuinginisa jinji";"";"";""
"";"Kuinungula";"Exceturar.";"mu undundu a mu mungula-mu";"";"";""
"";"Kuioiesa";"Fazer cansar, moer (andado) | Fazer ter fadiga.";"o ujila ia Ndanji i iotesa";"";"";""
"";"Kuiója";"Estar estafado, cansado, moído. | Estar derreado, exausto.";"ng'aioia";"";"";""
"";"Kuiokola";"Obter vantagem sobre; triunfar; vencer | É também reflexivo.";"ny' a mu iokola mu kulenga";"";"";""
"";"Kuirikiza";"Apresentar; exibir. | Mostrar; pôr à vista.";"a mu irikiza o mukanda";"";"";""
"";"Kuiubisa";"Fazer concentrar, reunir.";"kuiubisa jingenji";"";"";""
"";"Kuivila";"Escutar; atender.";"ng' ivile";"";"";""
"";"Kujája";"Mitigar; suavizar (a sede) | Abrandar: atenuar (a vontade de beber)";"kujája tumenha bu xingu";"";"";""
"";"Kujeta";"Adejar; pairar. | Sombrear; estar iminente.";"o nvula i ala kujeta kunoka";"";"";""
"";"Kujibha";"Assassinar. | Matar, abater. | Pôr termo à vida de.";"kujiba mutu";"";"";""
"";"Kujibha";"Assassinar. | Matar, abater. | Pôr termo à vida de.";"kujiba kiàma";"";"";""
"";"Kujikinina";"Sumir-se; desaparecer lentamente.";"menha m' ajikinina n' ixi";"";"";""
"";"Kujikita";"Laçar; atar.";"kujikita ngôji";"";"";""
"";"Kujikita";"Ligar, começar (qualquer coisa) por um nó.";"kujikita rlandu";"";"";""
"";"Kujikita";"Ligar, começar (qualquer coisa) por um nó.";"kujikita riandu";"";"";""
"";"Kujikujula";"Abrir a cada passo.";"kujikujula mabitu";"";"";""
"";"Kujikula";"Desobstruir.";"kujikula njila";"";"";""
"";"Kujila";"Jurar, abster-se.";"ku ngonge ina a kubeta-ku, ni u jile-ku";"";"";""
"";"Kujima";"Apagar (o fogo ou luz)";"kujima túbia";"";"";""
"";"Kujima";"Fazer desaparecer, suprimir (vestígios)";"kujima makanda mu njila";"";"";""
"";"Kujimbirila";"Tresmalhar.";"hombo i ajimbirila";"";"";""
"";"Kujimbuila";"Relatar, dizer a.";"ndê, a mu jimbuíle ioso i ng'abange";"";"";""
"";"Kujimisa";"Mandar apagar. Fazer acabar, aniquilar. É tb. r.";"kujimisa túbia";"";"";""
"";"Kujimisa";"Mandar apagar. Fazer acabar, aniquilar. É tb. r.";"kujimisa mbutu";"";"";""
"";"Kujimuna";"Riscar; apagar; suprimir (alguém ou alguma coisa) dentre vários. Eliminar.";"kujimuna rijina";"";"";""
"";"Kujindamana";"Estar exasperado, irritado. Ter desespero.";"muxima u angi jindamana";"";"";""
"";"Kujinga";"Empossar; investir (na posse)";"kujinga kilámba";"";"";""
"";"Kujingika";"Apertar em cerco; rodear; envolver.";"a mu jingika mu jimbánji";"";"";""
"";"Kujinguluka";"Andar ou ir de roda.";"ng'ajingnluka ku rima riau zo";"";"";""
"";"Kujingumuna";"Revelar.";"kujingumuna o kîri";"";"";""
"";"Kujirisa";"Fazer desgastar, diminuir.";"kujirisa njángu";"";"";""
"";"Kujitika";"Poupar; respeitar.";"mujitu a mu jitika";"";"";""
"";"Kujituka";"Estar solto, desligado, libertado.";"ng'ajituka bu kingenge";"";"";""
"";"Kujituna";"Soltar; desprender.";"kujituna hombo bu mukolo";"";"";""
"";"Kujiulula";"Deslindar. Aclarar, esclarecer dúvidas. Fazer luz sobre. Dissipar maus juízos; desfazer razões. sub. Esclarecimento.";"kujiulula maka";"";"";""
"";"Kujóla";"Malaxar; friccionar.";"kifunate";"";"";""
"";"Kujuuala";"Fazer doidices; estar tonto.";"kilunji ki a mu juuala";"";"";""
"";"Kukabula";"Atirar (alimentos) para a boca.";"kukabulamênha";"";"";""
"";"Kúkaia";"Enxotar.";"kúkaiajihima";"";"";""
"";"Kúkaia";"Fazer sair; pôr fora de.";"kúkaiajisanji";"";"";""
"";"Kukáka";"Impulsionar; impelir.";"kukákamasuka";"";"";""
"";"Kukakajala";"Atarefar-se; esforçar-se, | Empregar esforços para aguentar ou deter coisa pesada.";"kukakajalani Kimbamba";"";"";""
"";"Kukakamana";"Embuchar; ficar engasgado, sufocado | Diz-se de ter a garganta obstruída por alguma coisa que se queria engolir.";"kifuba ki a mu kakamana bu xingu";"";"";""
"";"Kúkakela";"Vaticinar; predizer (o mal). | Imprecar.";"kúkakela isuma";"";"";""
"";"Kukakuka";"Estar apto. | Diz-se da criança que tomou o primeiro alimento.";"mona u akakuka";"";"";""
"";"Kukakula";"Dar (à criança) o primeiro alimento | Iniciar o filho nos segredos e destinos da família. | fig. Batizar.";"kukakulamona";"";"";""
"";"Kukála";"Escalar. | Dilacerar carne; cortar de alto a baixo.";"kukálamilamba ia pungu";"";"";""
"";"Kúkala";"Estar; permanecer; residir | Viver; existir. | Morar; conviver.";"kúkala ni u aiba, ngolela ji ku fila ku muxima";"";"";""
"";"Kúkala";"Ter; haver; possuir. | Dizer respeito a. | Ser relativo a; pertencer.";"u ala ni' mbua ie ngo ki i mu kuat'ê";"";"";""
"";"Kúkala";"Ter; haver; possuir. | Dizer respeito a. | Ser relativo a; pertencer.";"ki a ku kala k' u ki amb' ê";"";"";""
"";"Kukalakasa";"Estar enrugado, crespo. Produzir (no tato) uma impressão desagradável. | Ser escabroso, áspero.";"mukutu ua mu kalakasa";"";"";""
"";"Kúkalela";"Barulhar (cantando)";"kúkalela mona";"";"";""
"";"Kúkalela";"Clamar; protestar; exorar.";"kúkalela mu solongo ria muxitu";"";"";""
"";"Kukalésa";"Notar falta, andar à procura de.";"kukalésa kitari";"";"";""
"";"Kukalúla";"Rasgar, romper. Arranhar, fazer escoriações (na pele)";"ua mu kalula ni iala";"";"";""
"";"Kukamata";"Estrangular; sufocar (com as mãos); obstringir.";"a mu kamata bu xingu";"";"";""
"";"Kukambesa";"Fazer faltar. Concorrer para não haver (o que é preciso). Privar; fazer escassear.";"kukambesasonhi";"";"";""
"";"Kukambesa";"Kurikambesa, e r. Fazer-se faltar: —sonhi. Não ter consigo.";"kukambesaxitari";"";"";""
"";"Kukamburila";"Receber no ar o que outrem atira, ou apanhar o que vai caindo. Aparar.";"kukamburilangénge";"";"";""
"";"Kukaminína";"Ficar entupido. Engasgar.";"o xitu la mu kaminina bu xingu";"";"";""
"";"Kukamuka";"Ficar compresso, exprimido. Diz-se dos objetos a que se exprime todo o líquido; da pessoa depois do banho ficando com o corpo enxuto; da carne de porco limpa de gordura, etc.";"mukonji u akamuka";"";"";""
"";"Kúkana";"Levar destino.";"ng'akane ku bata";"";"";""
"";"Kukandama";"Aterrar; tapar (com terra)";"rikungu ri akandama";"";"";""
"";"Kukandamana";"Estar tapado, liso. Cicatrizar; ter crosta.";"ribute ri akandamana";"";"";""
"";"Kukandela";"Entocar; cavar para.";"kukandelapuku";"";"";""
"";"Kukandesa";"Mandar cavar.";"kukandesambila";"";"";""
"";"Kukandesa";"Fazer tirar da terra (cavando)";"kukandesairingu";"";"";""
"";"Kukanduka";"Estar a cavalo, ou em posição de montado. Estar sobranceiro; cavalgar; subir (ao trono)";"kukanduka ku ngoma";"";"";""
"";"Kukanduka";"Estar a cavalo, ou em posição de montado. Estar sobranceiro; cavalgar; subir (ao trono)";"kukanduka ku kidndu";"";"";""
"";"Kukandula";"Deslocar; tirar. Mover (do lugar)";"kukandulafunji mu'mbia";"";"";""
"";"Kukandumuka";"Estar deslocado, desapegado, solto. Ficar removido, fora do lugar.";"ritari ri akandumuka";"";"";""
"";"Kukánga";"Liar. | Manietar, prender fortemente: soba a ikutu, a ikánge. sub. Atadura.";"kukángakîta kia iangu";"";"";""
"";"Kúkanga";"Tostar, frigir; —mbijl. Torrar. Fazer torresmos.";"kúkangamasa";"";"";""
"";"Kukangala";"Travejar | Pôr de través.";"kukangala jimbalu";"";"";""
"";"Kukangala";"Kukangalala, Atravessar. | Cruzar; estar de través.";"iú u bita, unáu kangalala";"";"";""
"";"Kukangeleka";"Encruzar. Pôr atravessado.";"kukangeleka múxi bu muelu";"";"";""
"";"Kukangeleka";"Encruzar. Pôr atravessado.";"kukangeleka môna bu jihata";"";"";""
"";"Kukangesa";"Mandar fritar | Fazer torrar.";"kukangesa xitu";"";"";""
"";"Kukangesa";"Mandar fritar | Fazer torrar.";"kukangesa jinguba";"";"";""
"";"Kúkanza";"Desfolhar | Colher, tirar da haste. | Arrepanhar.";"kúkanza mdáfu";"";"";""
"";"Kúkanza";"Desfolhar | Colher, tirar da haste. | Arrepanhar.";"kúkanza jindungu";"";"";""
"";"Kúkanza";"Desfolhar | Colher, tirar da haste. | Arrepanhar.";"kúkanza imbondo";"";"";""
"";"Kukanzana";"Levar vida de parasita.";"kukanzana mu mikanzu ia jixi ja ngene";"";"";""
"";"Kukarika";"Acossar. | Perseguir, ser corrido.";"a mu karika ni marima";"";"";""
"";"Kúkasa";"Apernar. | Amarrar junto; prender. Contratar; engajar. Fazer tomar compromisso; tornar responsável. fig. Enganar; mentir.";"kúkasa jingulu";"";"";""
"";"Kúkasa";"Apernar. | Amarrar junto; prender. Contratar; engajar. Fazer tomar compromisso; tornar responsável. fig. Enganar; mentir.";"kúkasa tunguari";"";"";""
"";"Kúkasa";"Apernar. | Amarrar junto; prender. Contratar; engajar. Fazer tomar compromisso; tornar responsável. fig. Enganar; mentir.";"kúkasa jingamba";"";"";""
"";"Kukasumuna";"Despertar; desembaraçar.";"kukasumuna mu mesu";"";"";""
"";"Kukatesa";"Prestar assistência a. É tb. r.";"kukatesa háxi";"";"";""
"";"Kukatuisa";"Mandar tirar, extrair.";"ng'atumu kukatuisa maluvu ku rile";"";"";""
"";"Kukatula";"Participar.";"u akatula ku mulji ua";"";"";""
"";"Kukatula";"Kurikatula, v. r. Eliminar-se; excluir-se.";"mu kizomba kiá ng'arikatula-mi-mu";"";"";""
"";"Kukauirila";"Antecipar; interromper.";"kukauirila mutu mu kuzuela";"";"";""
"";"Kukáuka";"Ser agitado, colhido, sacudido.";"mulemba u akauka ni mulenge";"";"";""
"";"Kukáuka";"Agitação; alvoroço; levantamento em massa.";"ixi loso i akauka";"";"";""
"";"Kukaúla";"Atalhar; abreviar; encurtar.";"kukaúla njila";"";"";""
"";"Kukauluka";"Rarear; ir diminuindo, tornar-se menos frequente.";"uénji u akauluka";"";"";""
"";"Kukaxima";"Ter arrepios; sentir calafrios. | Ficar horrorizado.";"ki ngi mona o nhoka, mukutu u ngi kaxima";"";"";""
"";"Kukaximisa";"Horrípilar, causar horror a. | Fazer ter calafrios.";"o nhoka i kaximisa o mukutu";"";"";""
"";"Kukayela";"Imitar; seguir.";"lusolo lua mukuenu k'u lu kaiele";"";"";""
"";"Kukayela";"Ir no encalço.";"kukaielamanhanhu";"";"";""
"";"Kukayesa";"Afugentar, fazer espantar.";"kukaiesaiama";"";"";""
"";"Kukéka";"Chiar; trilar; produzir som agudo e prolongado.";"kukéka Kua rinzenze";"";"";""
"";"Kukeketa";"Ranger. | Produzir som como o da cadeira desconjuntada.";"kukeketa maju";"";"";""
"";"Kúkela";"Vindimar. | Purificar, limpar (o vinho) das fezes que contiver. | Coar.";"kúkela malúvu";"";"";""
"";"Kúkeleka";"Condensar. | Engrossar.";"kúkeleka uálua";"";"";""
"";"Kukelula";"Fazer ladear, costear, vir à margem. | Fazer vir à superfície.";"kukelula jinguingi mu nzenza";"";"";""
"";"Kukelula";"Espumar; limpar as impurezas que margnam os líquidos.";"kukelula ifulu";"";"";""
"";"Kukenana";"Estar sobressaltado, inquieto. | Amofinar. | Estar descarnado, enfezido.";"muxima u a ngi kenana";"";"";""
"";"Kukenana";"Estar sobressaltado, inquieto. | Amofinar. | Estar descarnado, enfezido.";"maju m'axenana";"";"";""
"";"Kukenanesa";"Inquietar; desassossegar. | Fazer recear. | É tb. r.";"o kingumba ki ke nanesa o muxima";"";"";""
"";"Kukendeleka";"Arrimar; inclinar.";"a mu kendeleka bu ngándu";"";"";""
"";"Kukénza";"Escovinhar, cortar rente.";"kukénza jindemba";"";"";""
"";"Kúkenza";"Escoar; verter; livrar de impurezas (o líquido)";"kúkenza maluvu";"";"";""
"";"Kukenzesa";"Mandar limpar de impurezas.";"kukenzesa máji";"";"";""
"";"Kukenzuka";"Ficar coado, filtrado, límpido.";"menha m' akenzuka";"";"";""
"";"Kukenzuluka";"Ficar desanuviado, limpo.";"kuma ku akenzuluka";"";"";""
"";"Kukéta";"Inquietar-se; atormentar-se.";"kukéta muxima";"";"";""
"";"Kukiela";"Levantar-se tarde (da cama)";"lelu kizuua kia ngi kiela";"";"";""
"";"Kukiela";"Tardar (por circunstâncias alheias à nossa vontade)";"ng'a-kielu; kumboio ku a ngi xisa";"";"";""
"";"Kukiesa";"Demorar; tardar (por circunstâncias próprias da nossa vontade)";"lelu ng'akiesa o kizuua";"";"";""
"";"Kukína";"Oscilar; mover-se.";"kukínakina";"";"";""
"";"Kukinisa";"Fazer folgar, dançar, divertir. fig. Fazer atrapalhar, arreliar. É também recíproco.";"kukinisa jingenji";"";"";""
"";"Kúkita";"Dar forma a. Fazer; produzir. Ser tido ou havido. Parir.";"mbinda ia ukulu i kita o ualua";"";"";""
"";"Kúkita";"Dar forma a. Fazer; produzir. Ser tido ou havido. Parir.";"muzueri ua kiri a mu kita poxi";"";"";""
"";"Kukituka";"Transformar-se; mudar de figura.";"kituka (u hoji), maxukululu me m' a ngi banga mi kima";"";"";""
"";"Kukitukila";"Rebelar-se; Excitar; fazer transformar, operar a metamorfose de. Amotinar, alvorotar. Perturbar. É também recíproco: se, revoltar-se contra.";"kukitukila jinzeu";"";"";""
"";"Kukitukila";"Rebelar-se; Excitar; fazer transformar, operar a metamorfose de. Amotinar, alvorotar. Perturbar. É também recíproco: se, revoltar-se contra.";"kiê, kiê. ki ku-kitukila";"";"";""
"";"Kukituluka";"Transfiguração.";"o kukituluka kua Kristu";"";"";""
"";"Kukoboka";"Estar encovado, metido para dentro.";"mesu m'a mu koboka";"";"";""
"";"Kukohonesa";"Provocar tosse!";"o jindungu jikohonesa";"";"";""
"";"Kukóka";"Podar.";"kukóka tangu";"";"";""
"";"Kukóka";"Machadar.";"kukóka huinhi";"";"";""
"";"Kukóka";"Decepar.";"kukóka mitue";"";"";""
"";"Kukokóla";"Tornar-se insuportável, agudo.";"o nzala mu Tunda i akokola";"";"";""
"";"Kukokoloka";"Atrasar; demorar. | Haver-se atrasado. | sub. Atraso.";"eie u akokoloka mu kuenda";"";"";""
"";"Kukokota";"Trincar, quebrar (com os dentes um objeto duro)";"kukokota tendu";"";"";""
"";"Kukokota";"Kurikoxota, v. r. Trincar-se; morder-se. fig. Arreliar-se; arrepender-se.";"nga'ariko kota o rimi";"";"";""
"";"Kukóla";"Durar; Conservar-se: Kurla.";"kukóla muenhu";"";"";""
"";"Kukóla";"Clamar, invocar o auxílio de.";"kukóla mábamba";"";"";""
"";"Kukóla";"Estar sólido, seguro, firme.";"múxiu axólo";"";"";""
"";"Kukóla";"Estar maduro, sazonado.";"kukóla ku ária honjo";"";"";""
"";"Kukóla";"Ser avarento, sovina.";"kukóla bu maxu";"";"";""
"";"Kukóla";"Ser inabalável, inflexível, duro (de coração)";"u akóia o muxima u akóla o mbita";"";"";""
"";"Kukóla";"Gritar, implorar muitas vezes.";"kukóla xóla";"";"";""
"";"Kukóla";"Gritar, falar sem motivo; Vociferar repetidas vezes.";"kukóla Kola";"";"";""
"";"Kúkola";"Piorar; agravar-se.";"uhaxiu a mu kolo";"";"";""
"";"Kukoléla";"Suportar; sofrer.";"kukoléla ku muxima";"";"";""
"";"Kúkolela";"Funestar; agravar.";"uhaxiua mu kolela";"";"";""
"";"Kukolésa";"Fazer endurecer, fortalecer.";"kukolésa jimbanji";"";"";""
"";"Kukolésa";"Segurar; fixar de modo que se não desprenda ou abate.";"kukolésa Kibapa";"";"";""
"";"Kukolésa";"Reforçar; tornar mais resistente; mais intenso; mais numeroso.";"kukolésa muxolo";"";"";""
"";"Kukolésa";"Reforçar; tornar mais resistente; mais intenso; mais numeroso.";"kukolésa muânga";"";"";""
"";"Kukolésa";"Reforçar; tornar mais resistente; mais intenso; mais numeroso.";"kukolésa kifuxi";"";"";""
"";"Kukolésa";"Fortificar; robustecer.";"kukolésa mukutu";"";"";""
"";"Kukolésa";"Fortificar; robustecer.";"kukolésa musuixu";"";"";""
"";"Kukolola";"Rapar.";"kukolola muezu";"";"";""
"";"Kukolola";"Raspar; alizar.";"kukolola bu rimi";"";"";""
"";"Kukolomona";"Solicitar; trazer consigo.";"kukolomona kimbanda";"";"";""
"";"Kukombela";"Varrer no lugar de.";"o iangu ng'a i kombela bu rixita";"";"";""
"";"Kukombola";"Escambar; fazer cambolação; permutar.";"kukombola uênji";"";"";""
"";"Kukombola";"Angariar.";"kukombola jingenji";"";"";""
"";"Kúkonda";"Suavizar; consolar, atenuar. | Agasalhar, tapar, cercar de cuidados.";"kúkonda uxiri";"";"";""
"";"Kúkonda";"Estar atribulado, cheio de amargura.";"ngongo i a mu kondo";"";"";""
"";"Kukondalesa";"Fazer curvar, dar a forma de arco (segurando pelas duas extremidades). | Fazer desviar da linha reta.";"kukondalesa mbamba";"";"";""
"";"Kukondama";"Estar resguardado, abrigado, recatado. | Estar seguro, oculto.";"u ala bu kiriri ki akondama";"";"";""
"";"Kukondeka";"Respeitar; louvar. | Abençoar; bendizer.";"kukondeka o rijina ria Nzambi";"";"";""
"";"Kukondeka";"Abafar; conchegar.";"kukondeka mona bu jihata";"";"";""
"";"Kukondojcka";"Serpear. | Dar voltas.";"kuenda mu njila kukondojcka";"";"";""
"";"Kukotama";"Estar alquebrado, corcovado. | Tornar-se curvo. | fig. Ser maleável, dócil.";"mutembu kotama u Konge o matete";"";"";""
"";"Kukoteka";"Arrebitar; virar o bico. | Dobrar. | Vergar. | fig. Sujeitar; demover; seduzir.";"kukoteka musongo";"";"";""
"";"Kukoteka";"Arrebitar; virar o bico. | Dobrar. | Vergar. | fig. Sujeitar; demover; seduzir.";"kukoteka mulembu";"";"";""
"";"Kukoteka";"Arrebitar; virar o bico. | Dobrar. | Vergar. | fig. Sujeitar; demover; seduzir.";"kukoteka tangu";"";"";""
"";"Kukotomona";"Tirar o que outro tiver na mão (das mãos) | Fazer cair o kotona (das mãos)";"a mu kotona";"";"";""
"";"Kukotomona";"Tirar à força o que outrem tiver na mão. | Arrancar (das mãos). | Fazer distender.";"a mu kotomona o xitari bu maku";"";"";""
"";"Kukouéla";"Aclamar, victoriar. | Aplaudir com entusiasmo. | Nomear por aclamação.";"kukouéla mikino";"";"";""
"";"Kukouéla";"Aclamar, victoriar. | Aplaudir com entusiasmo. | Nomear por aclamação.";"kukouéla mukini";"";"";""
"";"Kukuáka";"Aportar; arribar; encalhar.";"ndongo i akuaka";"";"";""
"";"Kukuakela";"Varar; encalhar; dar em seco.";"ulungu u akuakela mu senga";"";"";""
"";"Kukuameka";"Despeitar; dar com resentimento!";"ma, riã kiã, kuma kiene ki u andala";"";"";""
"";"Kukuata";"Ter; possuir.";"kukuata kitari";"";"";""
"";"Kukuata";"Tocar; comunicar por contágio.";"kitangu u kuata soko rie";"";"";""
"";"Kukuata";"Tomar; alcançar; deitar mão a.";"kukuata mixi bu maku";"";"";""
"";"Kukuata";"Apanhar; encontrar; surpreender.";"ng'a mu kuata mu' nzo ia uii";"";"";""
"";"Kukuatenesa";"Fazer colar, proteger.";"Nzambi a ku kuatenese";"";"";""
"";"Kukuatesa";"Envergonhar; humilhar; confundir.";"u angikuatesa kukuatesa";"";"";""
"";"Kukuatesa";"Kurikuatesa, v. r. Deixar-se apanhar; ficar mal visto.";"kukuatesa makutu";"";"";""
"";"Kukukula";"Reunir; levar junto. | Apanhar; limpar.";"kukukula iângu";"";"";""
"";"Kukukula";"Reunir; levar junto. | Apanhar; limpar.";"kukukulaiângu";"";"";""
"";"Kukukula";"Kurikukula, v. r. Engalfinhar-se. | Pegar-se.";"arikukula bu, kiiari kia";"";"";""
"";"Kukukumba";"Andar ajoujado, sobrecarregado sem saber onde pousar.";"u ala kukukumba ni kimbamba";"";"";""
"";"Kukukumuisa";"Fazer escovar, espanar, vasculhar, sacudir.";"kukukumuisa mu jihota já'nzo";"";"";""
"";"Kukukumuna";"Espanejar; escovar; sacudir. Limpar (o pó de). Agitar com força e repetidas vezes.";"kukukumunamulele";"";"";""
"";"Kukukuta";"Mirrar. Estar árido, seco. Esgotar-se, ficar sem água. Murchar, resequir-se. Definhar, perder as forças. fig. Estar exausto.";"ixi i akukuta";"";"";""
"";"Kukukuta";"Mirrar. Estar árido, seco. Esgotar-se, ficar sem água. Murchar, resequir-se. Definhar, perder as forças. fig. Estar exausto.";"kixima ki akukuta";"";"";""
"";"Kukukuta";"Mirrar. Estar árido, seco. Esgotar-se, ficar sem água. Murchar, resequir-se. Definhar, perder as forças. fig. Estar exausto.";"milemba wu akukula";"";"";""
"";"Kukukutisa";"Mumificar; tornar enxuto. Esgotar, estancar (um poço). Fazer murchar, resequir.";"kukukutisa kixima";"";"";""
"";"Kukukutisa";"Mumificar; tornar enxuto. Esgotar, estancar (um poço). Fazer murchar, resequir.";"kukukutisakixima";"";"";""
"";"Kukúla";"Resgatar; libertar; remir. Desipotecar; desobrigar; tornar livre. Pagar; quitar.";"kukúla mubika";"";"";""
"";"Kukúla";"Resgatar; libertar; remir. Desipotecar; desobrigar; tornar livre. Pagar; quitar.";"kukúla rikongo";"";"";""
"";"Kukúla";"Resgatar; libertar; remir. Desipotecar; desobrigar; tornar livre. Pagar; quitar.";"kukúlamubika";"";"";""
"";"Kukúla";"Resgatar; libertar; remir. Desipotecar; desobrigar; tornar livre. Pagar; quitar.";"kukúlarikongo";"";"";""
"";"Kukúla";"Olvidar uma ação má por outra boa. Fazer penitência.";"kukúla mulónga";"";"";""
"";"Kukúla";"Olvidar uma ação má por outra boa. Fazer penitência.";"kukúlamulónga";"";"";""
"";"Kukúla";"Redenção; resgate; remissão. Kurikula, v. r. Pagar o resgate para se livrar do cativeiro. Reabilitar-se; penitenciar-se. Quitar-se; remir-se.";"kukúla mu ituxi";"";"";""
"";"Kukúla";"Redenção; resgate; remissão. Kurikula, v. r. Pagar o resgate para se livrar do cativeiro. Reabilitar-se; penitenciar-se. Quitar-se; remir-se.";"kukúlamu ituxi";"";"";""
"";"Kukulamana";"Estar sereno, calmo, silencioso.";"mu ngongo mu akulamana";"";"";""
"";"Kukulúla";"Raspar; tirar o pêlo a. Expurgar; limpar.";"kukulúla ngúlu";"";"";""
"";"Kukulúla";"Raspar; tirar o pêlo a. Expurgar; limpar.";"kukulúla múria";"";"";""
"";"Kukulúla";"Raspar; tirar o pêlo a. Expurgar; limpar.";"kukulúlangúlu";"";"";""
"";"Kukulúla";"Raspar; tirar o pêlo a. Expurgar; limpar.";"kukulúlamúria";"";"";""
"";"Kukulumuka";"Vir de cima para baixo.";"ngi banda mulundu, ngi kulumuka honga";"";"";""
"";"Kúkuma";"Enfadar; aborrecer.";"maka ma moxi m'akuma";"";"";""
"";"Kukumbikinya";"Embuchar; embatucar.";"mu kuzela u akumbikinha";"";"";""
"";"Kukumbula";"Chuchurrear.";"kukumbula muzonge";"";"";""
"";"Kukumbulula";"Replicar; objetar.";"kukumbulula kuzuela";"";"";""
"";"Kukumdama";"Ficar embuchado, entupido.";"kuria ku a mu kundama";"";"";""
"";"Kúkuna";"Semear.";"kúkuna jilmbutu";"";"";""
"";"Kúkuna";"Plantar.";"kúkuna rile";"";"";""
"";"Kukunana";"Ter (os dentes ou ossos) à mostra.";"maju m'a mu kunana";"";"";""
"";"Kukunanesa";"Fazer mostrar, pôr à vista.";"kukunanesa ifuba";"";"";""
"";"Kúkunda";"Cumprimentar; entrevistar.";"ng'a mu kundu";"";"";""
"";"Kúkunda";"Trocar impressões.";"kúkunda mahézu";"";"";""
"";"Kukundujula";"Maltratar; desprezar.";"kukundujula mon'a kanvile";"";"";""
"";"Kukundula";"Acusar; imputar culpas a.";"a mu kundula kituxi";"";"";""
"";"Kukúnga";"Esfregar. | Friccionar, limpar (esfregando). | É tb. intr. e r.";"kukúnga mabaia";"";"";""
"";"Kúkunga";"Tocar levemente; ser tangente. | Roçar; contactar.";"o njila akungu ku muluudu";"";"";""
"";"Kukungula";"Excluir: pôr de parte. | Não constar. | Excetuar; omitir.";"mu kizomba a mu kungula mu";"";"";""
"";"Kukungulula";"Kurikungulula, e r. Roçar-se; tocar levemente.";"kukungulula ku mukutu";"";"";""
"";"Kukunisa";"Mandar fazer sementeiras. | Fazer semear, plantar.";"kukunisa irima";"";"";""
"";"Kukunuka";"Ficar peiado, esfolado, tinhoso.";"mûtue u a mu kunuka";"";"";""
"";"Kukúnya";"Rilhar; esburgar; roer. | Descarnar; limpar (os ossos) com os dentes.";"kukúnha ifuba";"";"";""
"";"Kukurisa";"Mandar resgatar, rehavendo o que se deu em penhor. | Fazer expiar, remir.";"kukurisamutu mu ubika";"";"";""
"";"Kúkuta";"Amarrar.";"kúkutamuhámba";"";"";""
"";"Kúkuta";"Tramar; maquinar; trair.";"Juda u akutile Kristu";"";"";""
"";"Kúkuta";"Amarrar, prender muitas vezes. | Ligar sucessivamente.";"kúkutakuta";"";"";""
"";"Kukutila";"Amarrar, atar por.";"a mu kutila mu inama";"";"";""
"";"Kukutila";"Assacar, acusar falsamente.";"a ngi kutila milónga";"";"";""
"";"Kukutuka";"Internar-se; meter-se dentro.";"kukutuka mu njila";"";"";""
"";"Kukutununa";"Desligar; desatar.";"kukutununa mutete";"";"";""
"";"Kúkuua";"Semear.";"kúkuua masangu";"";"";""
"";"Kukuueza";"Polvilhar.";"kukuueza jindungu";"";"";""
"";"Kukuvuka";"Cair (num buraco). Encovar-se; ficar soterrado.";"-mu rikungu";"";"";""
"";"Kukuzuka";"Descer; ir ao fundo.";"u akuzuka mu kîna";"";"";""
"";"Kukuzula";"Fazer entrar, meter.";"kukuzula poxo mu kxizu";"";"";""
"";"Kukwatekesa";"Prestar auxílio; cooperar.";"kukuatekesa mu ikalakalu ia soba";"";"";""
"";"Kukwatela";"Pagar-se por suas mãos; reter.";"kukuatela rikongo";"";"";""
"";"Kukwatela";"Agarrar, pegar, segurar por.";"kukuatela poko ku mubinhi";"";"";""
"";"Kukya";"Amanhecer. | Ser manhã.";"ngi tunda ki kukia";"";"";""
"";"Kulába";"Aplicar; besuntar.";"kulába utokua ku risánga";"";"";""
"";"Kúlaba";"Trepar; subir.";"kúlaba ku múxi";"";"";""
"";"Kulabeka";"Pespegar; chimpar.";"u a mu labeka huxi";"";"";""
"";"Kulabuka";"Ter princípio de febre.";"mukutu u a mu labuka";"";"";""
"";"Kulabuka";"Diz-se da pessoa sem ou em roupas menores.";"u alabuka";"";"";""
"";"Kulabukisa";"Mandar aquecer.";"kulabukisa menha";"";"";""
"";"Kúlaia";"Viver; existir; o ungafi lumbi lua kixinji ki tandula, ki ki tung' ê.";"Kuria kúlaia";"";"";""
"";"Kulakalala";"Estar muito quente.";"menha m' alaxalala";"";"";""
"";"Kulakama";"Ser férvido, denodado, temeroso.";"u alakama kala túbia";"";"";""
"";"Kulakasa";"Restolhar.";"kuzuela kulakasa";"";"";""
"";"Kulála";"Retesar, estender a pele em bombo, tambor, etc.";"kulála ngoma";"";"";""
"";"Kulála";"Curtir.";"kulála iba";"";"";""
"";"Kulála";"Alastrar; estender-se.";"Kijimbu ki alâle";"";"";""
"";"Kulála";"Esbrasear; arder; consumir-se.";"makala m' alâle";"";"";""
"";"Kúlala";"Dissimular; torcer (a conversa)";"kúlala maka";"";"";""
"";"Kúlalama";"Estar azafamado, intranquilo, disperso.";"jinji j'alalama";"";"";""
"";"Kúlalama";"Ficar agitado, inquieto.";"muxima ua ngi lalama";"";"";""
"";"Kúlalama";"—kya //.";"kúlalamakya //";"";"";""
"";"Kulalameka";"Apressar. Adiantar; fazer com rapidez.";"kulalameka dsuri";"";"";""
"";"Kulalamesa";"Alarmar; assanhar. Agravar, fazer espalhar.";"kulalamesa jinhuiki";"";"";""
"";"Kulalésa";"Fazer alastrar, agravar.";"o milongo ei i lalesa o ribute";"";"";""
"";"Kulalésa";"Mandar forrar, retezar, curtir.";"kulalésa klba";"";"";""
"";"Kulaluka";"Ir à mercê da corrente, das ondas. Boiar.";"ulungu u alaluka";"";"";""
"";"Kulalúla";"Amparar; proteger. Acarinhar; favorecer.";"kulalúla mona";"";"";""
"";"Kulalumuna";"Narrar; relatar inutilmente: – | Dizer o que não é preciso saber-se.";"maka";"";"";""
"";"Kulámba";"Dementar; esquecer.";"Ki ku ria, ki ku lamba o muxima";"";"";""
"";"Kulambéla";"Sepultar; encher de terra.";"kulambéla kîna";"";"";""
"";"Kúlambesa";"Fazer perder a memória.";"kúlambesa muxima";"";"";""
"";"Kulánda";"Encalçar.";"kulánda ji-ngenji";"";"";""
"";"Kulánda";"Seguir a pista de.";"kulánda munhanhu";"";"";""
"";"Kulandukila";"Ficar distraído, retardado por. | Ficar esquecido.";"ng'alandukila o maka mu a ngi tela";"";"";""
"";"Kulandula";"Enteter; distrair Tornar demorado.";"kilembeketa kia pambu' a njila, ki iandula, ki bê kima!";"";"";""
"";"Kulandula";"Enteter; distrair Tornar demorado.";"mbômbo ia kuanza i a mu landula";"";"";""
"";"Kúlanga";"Espiar; observar; ver | Buscar; não perder de vista. | Rondar.";"kúlanga muii";"";"";""
"";"Kulangeka";"Dispor de antemão; precaver.";"kulangeka kitari";"";"";""
"";"Kulangela";"Chocar.";"kulangela maiaki";"";"";""
"";"Kulangirila";"Estar de vigia, de guarda a.";"kulangirila jisanji";"";"";""
"";"Kulaúla";"Ser ou estar na idade de avô.";"o lo u alaula kla";"";"";""
"";"Kúleba";"Procurar, por meios indiretos, saber o que se ignora.";"kúleba mu tulu";"";"";""
"";"Kúleba";"Pedir amostra.";"kúleba kikele";"";"";""
"";"Kulebelela";"Comprimento; longura.";"mukulebelelau abutu, mu ku sanzumuka u akulu";"";"";""
"";"Kulebésa";"Prolongar; estender a mão ou a vista até onde ela poder alcançar.";"kulebésa luxuaku";"";"";""
"";"Kulebésa";"Prolongar; estender a mão ou a vista até onde ela poder alcançar.";"kulebésa mesu";"";"";""
"";"Kulebuка";"Estar murcho, pálido, sem forças.";"mona u alebuxa";"";"";""
"";"Kuléka";"Acenar; fazer menção";"kuléka huxi";"";"";""
"";"Kuléka";"Atirar de longe";"kuléka ritari";"";"";""
"";"Kuléka";"Armar: preparar; engatilhar";"kuléka kibétu";"";"";""
"";"Kuléka";"Entretecer; urdir";"kuléka uânda";"";"";""
"";"Kuléka";"Entrelaçamento; urdidura; movimento de vai e vem (Diz-se do fabrico de tecidos cujos fios horizontais compreendem outros tantos verticais )";"Kirivi kiakuléka";"";"";""
"";"Kuléla";"Acalentar; amimar.";"kuléla môna";"";"";""
"";"Kúlela";"Aventar. | Grançar; limpar o farelo dos cereais | Ventilar.";"kúlela masa";"";"";""
"";"Kulelâma";"Brilhar; luzir. | Lustiar.";"o mbinda mu akexile o máji i kamb'ê kulelâma";"";"";""
"";"Kúlelula";"Tirar por cima | Rasar. | Passar (a rasoura) ao de leve.";"kúlelula máji";"";"";""
"";"Kúlelula";"Tirar por cima | Rasar. | Passar (a rasoura) ao de leve.";"kúlelula ifulu";"";"";""
"";"Kulelumuka";"Estar sem forças, em estado de fraqueza, debilitado.";"mukutu u ala ku ngi lelumuka";"";"";""
"";"Kulémba";"Entardecer; vir chegando a noite. | Anoitecer. | Escurecer.";"kumbi ri alembe";"";"";""
"";"Kulémba";"Entardecer; vir chegando a noite. | Anoitecer. | Escurecer.";"kuma kua lembe";"";"";""
"";"Kúlemba";"Dotar | Prendar; conceder (o que é bom)";"kúlemba ribanga";"";"";""
"";"Kulembesa";"Fazer entardecer, chegar a noite.";"kulembesa kizuua";"";"";""
"";"Kulembuka";"Ser moderado, modesto!";"u ai bua ngene, u lembuka";"";"";""
"";"Kuléme";"Atear; incendiar. Tornar mais intenso (o fogo)";"kuléme tubia";"";"";""
"";"Kuléme";"Deitar chamas; arder.";"kizuua u aka lema mu tubia";"";"";""
"";"Kulémea";"Atear; incendiar. | Tornar mais intenso (o fogo)";"kulémea tubia";"";"";""
"";"Kulémea";"Deitar chamas; arder. | fig. Ficar desesperado, aflito. | Estar sobre brasas.";"kizuua u aka lema mu tubia";"";"";""
"";"Kulemesa";"Atormentar; desesperar; afligir.";"nguami ku ngi lemesa muxima";"";"";""
"";"Kulendula";"Relaxar; amolecer. Malear; embrandecer.";"kulendula mixiba";"";"";""
"";"Kulengesa";"Fazer recorrer.";"kulengesa ngombo";"";"";""
"";"Kulengesa";"Evitar.";"kulengesa jitaua";"";"";""
"";"Kulóka";"Jurar.";"ku Kongo a ku beta-ku. ni u loke-ku";"";"";""
"";"Kulokela";"Invocar, jurando o nome de.";"ng'a kulokela Nzâmbi";"";"";""
"";"Kulokoka";"Sair de algum buraco.";"risu ri alokoka";"";"";""
"";"Kulokola";"Deitar fora; deixar sair (o que se tem na boca)";"mu ku ki ria, kia mbombo; mu ku ki lokola, kia háki";"";"";""
"";"Kulokomoka";"Ter (os membros) deslocados.";"mukutu u a ngi lokomoka";"";"";""
"";"Kulokosa";"Restolhar; fazer ruído.";"kusasala puku; kulokosa tende; ku muxima nguma; ku polo kamba";"";"";""
"";"Kulóla";"Provar.";"kulóla imúngua";"";"";""
"";"Kulóla";"Submeter à prova; padecer.";"ng'alolo hari";"";"";""
"";"Kulolesa";"Dar a provar; fazer experimentar.";"ng'a mu lolesa jingongo";"";"";""
"";"Kuloloka";"Desculpar; perdoar.";"kuloloka ituxi";"";"";""
"";"Kulómba";"Toldar, enevoar.";"kivari u lomba polo, k'a lomb'ê muxima";"";"";""
"";"Kulomboloka";"Não sofrer dúvidas.";"kima ki alomboloxa";"";"";""
"";"Kulónda";"Averiguar; certificar-se de.";"kulónda o kiri";"";"";""
"";"Kúlonda";"Tentar.";"kinhoka ki alondele mâma Eva";"";"";""
"";"Kulongeka";"Abandonar.";"kulongeka jingenji";"";"";""
"";"Kulongela";"Atulhar.";"kulongela jindende mu kinu";"";"";""
"";"Kulongela";"Carregar.";"kulongela ita";"";"";""
"";"Kúlongolola";"Descarregar; tirar da embarcação.";"kúlongololakibula";"";"";""
"";"Kúlota";"Ver em sonhos:";"nzoji i angi loto";"";"";""
"";"Kulouéla";"Enfeitiçar para.";"a mu louela n'afunde";"";"";""
"";"Kúloza";"Dar tiro; disparar.";"kúlozaritenda";"";"";""
"";"Kúloza";"Desfechar. Espingardear; passar pelas armas.";"a ni lozo";"";"";""
"";"Kúloza";"Vibrar.";"a mu lozo huxi";"";"";""
"";"Kúlu";"Universo. | A terra e os seus habitantes., nesta terra, neste mundo. | A universalidade dos homens. | adv. No mundo. | Abrev. de rikùlu. | O espaço; o ar; a imensidade do céu. | O mundo exterior.";"kúlu'oko";"";"";""
"";"Kúlu";"Universo. | A terra e os seus habitantes., nesta terra, neste mundo. | A universalidade dos homens. | adv. No mundo. | Abrev. de rikùlu. | O espaço; o ar; a imensidade do céu. | O mundo exterior.";"u ejila mukúluria mundu";"";"";""
"";"Kulufuka";"Ficar furado (por arrombamento). Ter rombo.";"ribitu ri alufuka";"";"";""
"";"Kulúka";"Denominar; designar; alcunhar. Dar nome a.";"kulúka rijina";"";"";""
"";"Kulukuila";"Despejar (o conteúdo) para outrem. Dar; esvasiar.";"ng'a mu lukuila kinda kia fuba";"";"";""
"";"Kúlukuka";"Sair com ímpeto. Lançar-se fora. Pôr-se fora.";"kúlukuka kimene";"";"";""
"";"Kulukula";"Kurilukula, e r. Sair de repente. Sair cedo (de casa). Pôr-se fora.";"ng'arilukula kimenemene";"";"";""
"";"Kulukutisa";"Cozer ou concentrar calor sobre.";"kulukutisa xitu";"";"";""
"";"Kulúla";"Amargar; estar salgado.";"ki touala, ki lula";"";"";""
"";"Kulúma";"Ressoado; ruído.";"kulúmakua mulenge";"";"";""
"";"Kulúmba";"Santificar | Glorificar; bendizer.";"kulúmba ikalakalu la Nzambi";"";"";""
"";"Kulúmba";"Kurilumba, v. r. Tornar-se santo. | Glorificar-se.";"kulúmba mu kizuelu kia Ngana";"";"";""
"";"Kulumbika";"Dignificar; celebrar; santificar. Realçar; sancionar; levar a efeito.";"kulumbika ungana";"";"";""
"";"Kulumbila";"Trajar com luzimento, com esmero | sub. Brilhantismo.";"u azuata, u alumbila";"";"";""
"";"Kulumbila";"Kurilumbila, v. r. Consagrar-se. | Oferecer-se à Divindade | Dedicar-se; votar-se. | Ataviarse; abilhar-se | Ornar-se com esmero.";"kulumbila kua Nzambi";"";"";""
"";"Kulumbúla";"Acasalar | Conjugar. | Estabelecer conjugação entre. | Copular.";"kulumbúla mâzui";"";"";""
"";"Kulumbúla";"Acasalar | Conjugar. | Estabelecer conjugação entre. | Copular.";"kulumbúla jingúzu";"";"";""
"";"Kulumina";"Resoar; retumbar. | Trovejar; rimbombar; repercutir.";"mu lund'a mbulu mu alumina";"";"";""
"";"Kulúnda";"Arquivar.";"kulúnda mikanda";"";"";""
"";"Kulunduisa";"Investir; dar posse a.";"kulunduisausoba";"";"";""
"";"Kulunduka";"Tombar; ruir.";"mûxi u alunduka";"";"";""
"";"Kulundúla";"Herdar.";"kulundúlaundundu";"";"";""
"";"Kulundulula";"Trasfegar; despejar de todo. Transferir.";"kulundululakinda";"";"";""
"";"Kulundulula";"Meter em outro saco ou vasilha.";"kulundululamasa";"";"";""
"";"Kulundumuka";"Desabar; abater; derruir.";"mbonge i alundumuka";"";"";""
"";"Kulundumuna";"Derribar.";"kulundumunamatari";"";"";""
"";"Kulúnga";"Ir direito a.";"o njila i alúngu ku bata";"";"";""
"";"Kulúnga";"Adubar; afinar; temperar.";"kulúnga múngua";"";"";""
"";"Kulúnga";"Adjetivar.";"mâzui.";"";"";""
"";"Kúlunga";"Triunfar (de um processo ou demanda)";"u áfundu u dlungu";"";"";""
"";"Kulungila";"Pôr de acordo, harmónico, conforme.";"ki axamuka k'i lungilê";"";"";""
"";"Kulungísa";"Guiar; destinar; dirigir.";"kulungísa kifuxi";"";"";""
"";"Kulungísa";"Dedicar; devotar.";"kitoue ki alungisa o mâji, o maji m'alungisa o múngua";"";"";""
"";"Kulungulukxila";"Ir contra.";"atu oso a ngi lungulukila";"";"";""
"";"Kulurika";"Fabricar.";"kulurika ûta";"";"";""
"";"Kulurika";"Arranjar; consertar; corrigir. | Armar; formar | fig. | Tramar.";"kulurika rila";"";"";""
"";"Kulurika";"Estar preparado, composto. | Estar pronto.";"ng'arilurika ki i";"";"";""
"";"Kúlusa";"Kurilusa, e r. Sair do incógnito, do caos. | Soltar-se; vir do além.";"mona u arilusu mu rivumu ria mam'á";"";"";""
"";"Kulutuka";"Ter bojo. | Ter grande barriga.";"rivumuria mu lutuka";"";"";""
"";"Kuluulula";"Congraçar.";"kuluulula jinguma";"";"";""
"";"Kuluulula";"Remir culpas ou delitos; expiar.";"kuluulula ituxi";"";"";""
"";"Kulwa";"Guerrear. Conquistar. Duvidar; apostar.";"kûlua ita";"";"";""
"";"Kulwa";"Guerrear. Conquistar. Duvidar; apostar.";"kûlua jipata";"";"";""
"";"Kuma";"Que.";"u ambe kuma";"";"";""
"";"Kûma";"Atmosfera.";"kûma ku azele";"";"";""
"";"Kûma";"Tempo; espaço; dia.";"kûma ku avúndu";"";"";""
"";"Kûma";"Porte; lugar.";"kûma sái ku âi";"";"";""
"";"Kûma";"Ar; temperatura; grau de frio ou calor.";"kûma ku atalala";"";"";""
"";"Kumamejeka";"Acrescentar aos poucos.";"kumamejeka tanga";"";"";""
"";"Kumamekeza";"Consentir por convicção ou interesse.";"undandu ua kumamekeza ukeba jinzumbi";"";"";""
"";"Kumanamana";"Amealhar | Angariar, juntar aos poucos | Fazer economias.";"jimbende ja kumanamana";"";"";""
"";"Kumbombena";"Kurimbombena, e r. Orvalhar; umedecer. | Deitar pingos.";"u ala kumbombena kala nzeke ia múngua";"";"";""
"";"Kumbuenzula";"Magnificar; sumptuosear; engrandecer | Tornar esplendoroso | Falar em estilo pomposo | Exaltar; enaltecer. | É tb. r.";"kumbuenzula maka";"";"";""
"";"Kumbumbika";"Abolar. | Arredondar; tornar esférico. | É tb. r.";"kumbumbika funji";"";"";""
"";"Kumeneka";"Kurimeneka, e r. Madrugar. | Antecipar-se; adiantar-se.";"u arimina o rikanga, rimeneke";"";"";""
"";"Kumenuka";"Ter falta; estar diminuído. | Ter ou ir a menos.";"ku kitari ku amenuka";"";"";""
"";"Kumesena";"Pretender; querer. | Intentar; empregar diligência.";"ng' amesena ngi tunda bu kanga";"";"";""
"";"Kuméta";"Dar sinal ou demonstrar vontade de chorar. | Diz-se dos primeiros sinais de choro.";"polo i ameta kurila";"";"";""
"";"Kumikuna";"Espaduar; inclinar (o busto) para trás.";"kumikuna mona";"";"";""
"";"Kuminganana";"Andar torto, inclinado (com o peito saliente)";"kuenda kuminganana";"";"";""
"";"Kumokóna";"Bicar. | Lavrar (pedra com picão)";"kumokóna mufuma";"";"";""
"";"Kumomojoka";"Estar picado em toda a extensão ou superfície. | Ter muitos sinais de bexigas.";"polo i a mu momojoka";"";"";""
"";"Kumosoka";"Ficar amassado, feito em papas.";"jinguba j' amosoka";"";"";""
"";"Kumuangana";"Estar disperso. Destroçar; sair da forma.";"kizomba ki amuangana";"";"";""
"";"Kumuangujuka";"Ficar escangalhado, posto em debandada.";"kifuxi ki amuangujuka";"";"";""
"";"Kumuanguka";"Tomar (cada um) direção ou partido diferente.";"kilombo ki amuanguka";"";"";""
"";"Kumuangununa";"Apartar; dividir.";"kumuangununa mu'axaxi";"";"";""
"";"Kumuemueta";"Estar mole, maduro.";"rihonjo ri amuemueta";"";"";""
"";"Kumuena";"Avistar; entrever.";"ng'a nu muena mu Kanga";"";"";""
"";"Kumuena";"Ver com os próprios olhos.";"kima kienekumuena";"";"";""
"";"Kumuesa";"Kurimuesa, e r. Mostrar-se; dar-se a conhecer.";"kuzokela o hata bu fundu, kumuesa ungamba";"";"";""
"";"Kumúna";"Compartilhar; participar.";"kumúna ku uênji";"";"";""
"";"Kumunguna";"Escarolar.";"kumunguna masa";"";"";""
"";"Kunameka";"Espetar; trazer pendente. É tb. r.";"kunameka mulele";"";"";""
"";"Kunaminina";"Estar agarrado, colado.";"o njila i anaminina ku uâsu";"";"";""
"";"Kunaminina";"Agarrar.";"songo kuata, songo naminina";"";"";""
"";"Kunamuka";"Ter pouco mais da quantidade devida.";"juba ài anamuka";"";"";""
"";"Kúnanga";"Estar; passar o dia, o tempo.";"u anange kuxi?";"";"";""
"";"Kúnanga";"Duração; demora. | Dura.";"maka ma musoso ki m' anang'ê";"";"";""
"";"Kunangenena";"e intr. Retardar; permanecer. | Vir ou chegar tarde.";"lukuaku lu nangenena mu' mbia lu tombola ifuba";"";"";""
"";"Kunangesa";"Fazer permanecer.";"a mu nangesa bu luânha";"";"";""
"";"Kunanukisa";"Fazer avolumar, crescer, sobressair.";"o kuljiakunanukisa, o kuenda kuijirisa";"";"";""
"";"Kunda";"Costado; costas.";"okundak'akal'ê kota, muongongo n'akale ndenge";"";"";""
"";"Kundámba";"Manipular. | Preparar; coordenar; compor. | sub. Manipulação; arranjo. | Kurindámba, v. r. Preparar-se; untar-se.";"turie uíxi uetu, ki tu lembuele i ndamba nhuiki";"";"";""
"";"Kundondomona";"Desopilar. | Tirar o resto dos cereais pilados.";"kundondomona masa";"";"";""
"";"Kundu";"Planta medicinal fam. das ebenáceas (dyospirus hylophila), de raiz expectorante, emética e purgativa. | ; sua madeira.";"kundu nhático";"";"";""
"";"Kundunjila";"Concitar; induzir. | Aconselhar (para o mal); sugerir. | sub. Insinuação; incitamento. | Kurindunjila, v. r. Inspirar-se; aceitar sugestões.";"kundunjilamaka";"";"";""
"";"Kunéma";"Pesar: njila mu ende u à mone o kuleba.";"mbinda mu teke wi mone o kunéma";"";"";""
"";"Kunemana";"Ficar deformado, aleijado.";"kunemana k'u nang'ê";"";"";""
"";"Kuneména";"Exercer pressão.";"kuneménaboxi";"";"";""
"";"Kunemesa";"Dificultar.!";"kunemesamaka";"";"";""
"";"Kunemesa";"Dificultar.!";"kunemesamaka!";"";"";""
"";"Kungánga";"Morder; ferrar | Dar dentada em.";"kungánga máju";"";"";""
"";"Kungongena";"Murmurar sobre; manifestar sentimento. | Lamentar-se por.";"u ala kungongena o njila";"";"";""
"";"Kungongota";"Estar doente da barriga.";"mu mala mu ala ku ngi ngongota";"";"";""
"";"Kûngú";"de ri.kungu. | Barroca, cova., antigo bairro da cidade de Luanda, próximo da est. da Cidade Alta.. Pov. junto à margem esquerda do rio Kwanza, distr. e prov. de Luanda.";"kûngú ria ngámba";"";"";""
"";"Kûngú";"de ri.kungu. | Barroca, cova., antigo bairro da cidade de Luanda, próximo da est. da Cidade Alta.. Pov. junto à margem esquerda do rio Kwanza, distr. e prov. de Luanda.";"kûngú ria hoji";"";"";""
"";"Kungulule";"Correntiço, torrencial; caudaloso. | Que leva muita água; que vai passando ou correndo.";"kungulule musoke";"";"";""
"";"Kungungutila";"Fazer queixas a. | Dizer murmúrios para.";"kungungutila njila";"";"";""
"";"Kunjongoka";"Ficar amputado, cortado. | Estar curto.";"mulembu u a mu jongoka";"";"";""
"";"Kunokóna";"Triturar; trilhar; moer. | Pulverizar; desfazer.";"kunokóna jindungu";"";"";""
"";"Kunomona";"Tirar, extrair com cautela.";"kunomona minomo";"";"";""
"";"Kunona";"Selecionar. | Separar; tirar um de cada vez | Apurar; distinguir.";"jinguba";"";"";""
"";"Kúnonga";"Alvejar; acertar. | Fazer pontaria; tomar como alvo. | Atingir.";"kúnonga u anongo o nzamba; katete fundanga i u azange";"";"";""
"";"Kunu";"Aqui, cá. | Deste lado; para cá; aquém.";"izá kunu";"";"";""
"";"Kunu";"bot. V. mubiri.";"kunu ngandu";"";"";""
"";"Kununu";"À mostra; às câncaras.";"majukununu";"";"";""
"";"Kúnyaka";"Estatelar, atirar para o chão (sem que haja amparo a amolecer-lhe a queda)";"mona u à mu nhake boxi";"";"";""
"";"Kunyakuka";"Ficar pejado, abarrotado, bojudo.";"rivumu ri a mu nhakuka";"";"";""
"";"Kunyamuna";"Delatar; revelar.";"kunhamuna maka";"";"";""
"";"Kunyánga";"Trucidar; abater (coisas ou pessoas)";"kunhánga situ";"";"";""
"";"Kunyánga";"Apertar; entalar.";"kunhánga jipuku ku jipandu";"";"";""
"";"Kunyangujuka";"Ficar feito em tiras, rasgado aos bocados.";"mulele uoso u anhangujuka";"";"";""
"";"Kunyanyuka";"Rarear; tornar-se menos assíduo.";"o kiki ku bata u anhanhuka ku";"";"";""
"";"Kunyáta";"Transportar, levar carga.";"kunháta mutete";"";"";""
"";"Kunyáta";"Transportar, levar carga.";"kunháta uânda";"";"";""
"";"Kunyekuna";"Fazer oscilar, mover.";"kunhekuna ritari";"";"";""
"";"Kunyemena";"Queixar-se, lamentar-se por. | Estranhar.";"ng'a kunhemena o ku kamba ku ngi sota";"";"";""
"";"Kunyénga";"Enforcar; estrangular | Ter pendente | Suspender.";"u anhenga o xitu nguma la jimbua";"";"";""
"";"Kunyepuka";"Ser afável benigno.";"kunhepuka muxima";"";"";""
"";"Kúnyinga";"Enrodilhar. Enroscar; torcer.";"kúnhinga hata";"";"";""
"";"Kúnyinga";"Enrodilhar. Enroscar; torcer.";"kúnhinga mukolo";"";"";""
"";"Kunyingina";"Volitar; esvoaçar. Voar em volta.";"kunhingina jinji";"";"";""
"";"Kunyonga";"Fazer girar um corpo pelas suas extremidades cada uma em sentido contrário. Contorcer. Dar torceduras a.";"kunhonga sxingu ia ánji";"";"";""
"";"Kunyongojoka";"Andar às torceduras, a quebrar caminhos. Bordejar; dar voltas tortuosas.";"xuenda mu njila kunhongojoka";"";"";""
"";"Kunyongola";"Ter cólica, dor de barriga.";"bu ngômbo bu ala ku ngi nhongola";"";"";""
"";"Kunyongonona";"Retorcer. | Fazer deslocar algo do seu lugar por torceduras: ngirla ndenge l art.sokokela. | Desarticular, separar, arrancar por meio de torcimento. | Despegar, desunir (torcendo)";"ía kunhongonona/ beka kisuelele";"";"";""
"";"Kunyongonona";"É tb. r.";"ngirla ndenge i art.sokokela, ía kunhongonona/ beka kisuelele";"";"";""
"";"Kúnyunga";"Estar empenado, torcido.";"mûxi u anhungu";"";"";""
"";"Kúnyunga";"Errar; volutear; girar.";"ngi nhunga ki nhunga o humbi, ngi bekela ki bekela o mbémba";"";"";""
"";"Kunyungina";"Rodear por; andar à roda de.";"kunhungina bu muelu ua ngene";"";"";""
"";"Kunyunguna";"É tb. r. Kunhungunuka, Desandar; voltear em sentido contrário.";"e nhungunuka ku rima ria mbôndo nda uíve ki nûa ndânji";"";"";""
"";"Kunyungununa";"Descochar; desenrolar; desfazer.";"kunhungununa hata";"";"";""
"";"Kunyungununa";"Desdobrar; destarrachar; destorcer.";"kunhungununa mukolo";"";"";""
"";"Kunzonzona";"Andar devagar, a vagarinho.";"boba bua kulenga, boba buakunzonzona";"";"";""
"";"Kuoláma";"Diz-se da dor ou emperramento resultante de algum esforço, trabalho aturado.";"mtongo i a ng' olama";"";"";""
"";"Kuomba";"Kuriomba, e r. Andar no bico dos pés | Ir de mansinho (como os gatos)";"u enda kuomba";"";"";""
"";"Kuombeka";"Pôr de molho; tornar mole.";"kuombeka mbômbo";"";"";""
"";"Kuongola";"Confortar; consolar.";"kivari u ongola";"";"";""
"";"Kuongola";"Kuriongola, v. r. Conformar-se.";"u âi bu ngene u riongola";"";"";""
"";"Kupakalala";"Estar empinado, espetado, virado para cima:";"mâtui ma mu pakalala";"";"";""
"";"Kupakula";"Bater (com a mão):";"eie u azola kupakula an'u-ngene";"";"";""
"";"Kupamena";"Kuripamena, v. r. Borrifar-se.";"kupamena hula";"";"";""
"";"Kupandeka";"Viciar dolosamente a qualidade de. Violar. Tb. se diz.";"kuta pánda";"";"";""
"";"Kúpapana";"Produzir crepitação.";"masa m' ala kúpapana bu kimenga";"";"";""
"";"Kúpapana";"Ver-se em dificuldades.";"u apapana";"";"";""
"";"Kúpapana";"Crepitação. Estalido.";"kúpapana kua uinhi";"";"";""
"";"Kuparika";"Entalar.";"a mu parika mu pandanda ia mulemba";"";"";""
"";"Kuphaphumuka";"Despertar acordar (do sono)";"ng'apapumuka ku kilu";"";"";""
"";"Kuphopheka";"Ajuntar; unir.";"kupopeka inama";"";"";""
"";"Kuphupha";"Martelar.";"kúpupaku ribitu";"";"";""
"";"Kúpopa";"Bater.";"kúpopa ku muxi";"";"";""
"";"Kupukumuna";"Tremular; agitar; sacudir.";"o mulenge u ala kupukumuna o milele ku mukolo";"";"";""
"";"Kupúma";"Deitar borrifos em.";"kupúma maxanha";"";"";""
"";"Kupúma";"Espumejar; deitar perdigotos; salivar.";"kupúma máte";"";"";""
"";"Kuríanga";"Ir adiante; ser dianteiro; ter avanço.";"io u arianga, una u arikinga";"";"";""
"";"Kuriangela";"Adiantar; chegar ou vir antes; ser o primeiro a.";"ele u ariangela ku mu bana o huxi";"";"";""
"";"Kuribanga";"Educar-se; habituar-se, fazer-se.";"kuribanga paxi";"";"";""
"";"Kuribanga";"Desenvolver-se; engrandecer-se.";"kuribanga nvuama";"";"";""
"";"Kuribateka";"Tapar-se.";"kuribateka mulele";"";"";""
"";"Kuribokuela";"Penetrar sem ser pressentido.";"ng'aribokuela, ng'aritundila, kaná mutu u angi mono";"";"";""
"";"Kuribukana";"Tropeçar, dar topada.";"ng'aribukana ku kixinji";"";"";""
"";"Kuriburisa";"Perguntar a si próprio; interrogar-se.";"o mutu pala kubanga o kima, uriburisa hanji";"";"";""
"";"Kurieba";"Precatar-se; ter cautela.";"u ai bui ngnene, u enda kurieba";"";"";""
"";"Kurielela";"Ter esperança, fé.";"kurielela kurifula, kulumbula kulueza";"";"";""
"";"Kurijila";"Vir espontaneamente, por seu próprio pé.";"muêne u arijila";"";"";""
"";"Kurikexirila";"Diferenciar-se; distinguir-se.";"kurla ni kuriaza, ima i arikexirila";"";"";""
"";"Kurikuata";"Pegar-se muitas vezes; atrapalhar-se.";"kurikuata kuata";"";"";""
"";"Kurikumbika";"Defrontar-se; deter-se.";"arikumbika ku maka";"";"";""
"";"Kurilabeka";"Chapar-se.";"u arilabeka huxi";"";"";""
"";"Kuriloza";"Descarregar-se involuntariamente (a arma)";"úta u arilozo";"";"";""
"";"Kuríma";"Lavrar (terra); capinar.";"kuríma iângu";"";"";""
"";"Kuríma";"Lavrar (terra); capinar.";"kuríma mbonzo";"";"";""
"";"Kurimbuka";"Estar toldado, revolto, turvo.";"mênha m' arimbuka";"";"";""
"";"Kurimbula";"Toldar; misturar; tornar escuro, turvo.";"kurimbula maluvu.";"";"";""
"";"Kurimbuluka";"Ficar tempestuoso.";"kalunga u arimbuluka";"";"";""
"";"Kurimisa";"Mandar lavrar, amanhar terras.";"kurimisa mulenga ua masa";"";"";""
"";"Kurimisa";"Mandar lavrar, amanhar terras.";"kurimisa jiri";"";"";""
"";"Kurimonekena";"Ser patente, manifesto, evidente.";"kima ki arimonekena";"";"";""
"";"Kurimuka";"Esperteza.";"kurimuka kua hioua ku atunda ku njimu";"";"";""
"";"Kurinyinga";"Enroscar-se; enrolar-se. Entrelaçar-se.";"kurinhinga lúhata";"";"";""
"";"Kurinyingina";"Enrodilhar-se; enrolar-se (de panos à cintura). Envolver-se.";"kurinhingina kahiriri";"";"";""
"";"Kuririka";"Preparar; compor.";"kuririka kiriri";"";"";""
"";"Kuririka";"Arranjar; fazer; construir.";"kuririka kibaku";"";"";""
"";"Kuririka";"Acomodar.";"kuririka háxi";"";"";""
"";"Kuririka";"Pôr em estado de funcionar, de servir.";"kuririka kitelembe";"";"";""
"";"Kuririkisa";"Mandar preparar, arranjar.";"kuririkisa kiálu";"";"";""
"";"Kuririla";"Chorar; prantear por.";"kuririla nsala";"";"";""
"";"Kurisa";"Dar alimento a; fazer comer.";"kurisa mon' a uisu";"";"";""
"";"Kurisa";"Avivar; colorir.";"kurisa jimbumba";"";"";""
"";"Kurisénga";"Desagregar-se; despegar-se; extremar-se.";"o mãji m'arisénga ni menha";"";"";""
"";"Kusabhuka";"Despontar. Germinar; sair do solo: masa m'a sabuku. Nascer; deitar de si. Grelar.";"kusabuka muézu";"";"";""
"";"Kusabhuka";"Despontar. Germinar; sair do solo: masa m'a sabuku. Nascer; deitar de si. Grelar.";"kusabuka iâla";"";"";""
"";"Kusabuluka";"Estar salobre, sem gosto.";"menha m'asabuluka";"";"";""
"";"Kusafujuka";"Ter (o cabelo) descomposto, desarranjado.";"jindemba j' asafujuka";"";"";""
"";"Kusaiesa";"Mandar circuncidar.";"kusaiesa jindumbe";"";"";""
"";"Kusáka";"e intr. Exorcizar; curar.";"kusáka uhaxi";"";"";""
"";"Kusáka";"Kurisáka, e r. Curar-se por meio de exorcismos; purificar-se.";"ngimbi k' arimb'ê, nganga ia imbanda k' arisak' ê";"";"";""
"";"Kúsakuka";"Estar livre (da doença, do mal, do pecado):";"ng' asakuka mu kituxi";"";"";""
"";"Kusakumuna";"Sacudir com violência e repetidas vezes:";"kusakumuna tangu ia mutámba";"";"";""
"";"Kusalala";"Haver em abundância.";"maluvu m'asalala";"";"";""
"";"Kusalumuna";"Alvorotar.";"kusalumuna jinhuiki";"";"";""
"";"Kusamana";"O sexto mês do ano indígena que abrange as chuvas de Abril.";"jinvula ja kusamana";"";"";""
"";"Kusambela";"Rezar.";"kusambela jinsambi";"";"";""
"";"Kusambila";"Penetrar.";"kusambila mu rila";"";"";""
"";"Kusambukisa";"Transmitir por contágio.";"kusambukisa uhaxi";"";"";""
"";"Kusamena";"Salpicar; aspergir.";"kusamena mênha";"";"";""
"";"Kusána";"Desfiar; desfibrar; estarpar.";"kusána ixaxi ia masa";"";"";""
"";"Kusána";"Desfiar; desfibrar; estarpar.";"kusána jihondo";"";"";""
"";"Kusánda";"Esgaravatar (a galinha) a terra com os pés.";"kasanji k'azola o kusánda kizuua k'aia ni mukenge";"";"";""
"";"Kusánda";"Dançar.";"o mukini i mu bana o kusánda ngoma";"";"";""
"";"Kusandujuka";"Ficar afastado, espaçado, separado (uns dos outros)";"maju mu kanu m' a mu sandujuka";"";"";""
"";"Kusandujula";"Distanciar; separar uns dos outros.";"kusandujula míxi";"";"";""
"";"Kusanduka";"Estar afastado, pôr-se distante.";"kasenu, mu tukule; ua ku zemba, mu sanduke";"";"";""
"";"Kusangama";"a bem-aventurança; a felicidade eterna.";"kusangama Kua riúlu";"";"";""
"";"Kusangana";"Concorrer em determinada direção.";"manhinga m'asangana";"";"";""
"";"Kusangáta";"Estar cheio; ter gravidez (nos irracionais)";"ngulu i asangata";"";"";""
"";"Kusangatesa";"Fazer pejar, encher.";"kusangatesa jingombe";"";"";""
"";"Kusangela";"Cotisar; contribuir.";"kusangela uênji";"";"";""
"";"Kusangela";"Encontrar; achar (procurando)";"ng'a mu sangela bu tabu";"";"";""
"";"Kusangumuka";"Ter a sensação da descongelação.";"manhinga mu mukutu m' a ngi sangumuka";"";"";""
"";"Kusangumuna";"Exultar (Diz-se do tomar qualquer bebida alcoólica, de manhã, para combater o frio.)";"manhinga";"";"";""
"";"Kusangununa";"Florear; florescer.";"masa m' asangununa";"";"";""
"";"Kusanujuna";"Dilacerar, esfarrapar, despedaçar repetidamente. | Ir desfiando. | Desfibrar.";"kusanujuna mulele";"";"";""
"";"Kusanuna";"Destroncar:";"tangu";"";"";""
"";"Kusanuna";"Desarticular";"mulemba ua rihónjo";"";"";""
"";"Kúsanza";"Sanear; tornar habitável";"jixi";"";"";""
"";"Kusanzama";"Alastrar; estender-se:";"manhinga m'asanzama";"";"";""
"";"Kusanzumuka";"Ficar espaçado, mais largo:";"ng'ala bu Kiriri ki asanzumuka";"";"";""
"";"Kusarixila";"Salgar:";"mbliji";"";"";""
"";"Kusása";"Criar; educar; ensinar:";"o mona kuuaba muxina";"";"";""
"";"Kusása";"Machadar; tirar com catana o fruto do cacho:";"jindende";"";"";""
"";"Kusása";"Esmigalhar:";"ifuba";"";"";""
"";"Kusása";"Estar deteriorado, azedo, estragado:";"kúria ku asdse";"";"";""
"";"Kusása";"Ter mau gosto, hálito ou sabor:";"mukanu";"";"";""
"";"Kusasala";"Fazer restolho, ruído.";"kusasala, puku; kulokosa, tende";"";"";""
"";"Kusasela";"Crescer em.";"eme a agi sasela mu Lubolo";"";"";""
"";"Kusasesa";"Fazer criar, dar existência a.";"kusasesa mona";"";"";""
"";"Kusasesa";"Mandar borrifar (a roupa)";"kusasesa izuaiu";"";"";""
"";"Kusasesa";"Fazer desgranar.";"kusasesa jindende";"";"";""
"";"Kusasujuka";"Ficar esfacelado em muitos lugares.";"mulembu u asasujuka";"";"";""
"";"Kusasuka";"Ficar gangrenado, esmigalhado.";"kinama ki a mu sasuxa";"";"";""
"";"Kusasula";"Esmagar.";"kusasula ndánji";"";"";""
"";"Kusasumuka";"Despertar; acordar.";"ku kilu";"";"";""
"";"Kusáta";"Oferecer sacrifício.";"kusáta jumburi";"";"";""
"";"Kusatela";"Oferecer um sacrifício.";"kusatela Pasu";"";"";""
"";"Kusatela";"Celebrar o sacrifício da missa.";"kusatela Nzambi";"";"";""
"";"Kusebelela";"Festejar! Acompanhar os últimos passos ou movimentos de um dançarino.";"kusebelela mukini";"";"";""
"";"Kúseka";"Farinar; ralar.";"kúseka iringu";"";"";""
"";"Kúseka";"Serrar; corroer.";"kúseka múxi";"";"";""
"";"Kusekuka";"Borbulhar; ferver.";"menha m' asekuka";"";"";""
"";"Kusekula";"Aferventar.";"kusekula xitu";"";"";""
"";"Kusekumuka";"Estar a esvaziar-se ou em estado de vazio | Verter.";"nzeke i asekumuka";"";"";""
"";"Kusekumuna";"Fazer dançar as nádegas (no andar). | Menear.";"kusekumuna mbunda";"";"";""
"";"Kuséla";"Enchamelar.";"kuséla ênzo";"";"";""
"";"Kuselela";"Crescer para baixo; descair. | Descer.";"mulele u aselela";"";"";""
"";"Kuselema";"Enjeitar, despeitar. | Abandonar (por desprezo)";"kuselema kuria";"";"";""
"";"Kuseluka";"Abortar. | Mover.";"o ngana u avua'la mubika u aseluka";"";"";""
"";"Kuselumuka";"Descair. | Desviar-se do lugar; descer.";"ribitu ri aselumuka";"";"";""
"";"Kúsema";"Escarificar; sarjar. | Golpear; fazer incisões na pele.";"kúsema jimbumba";"";"";""
"";"Kusénda";"Laurear; galardoar; premiar.";"kusénda mukini";"";"";""
"";"Kusendukisa";"Maravilhar; causar pasmo a.";"kitari ki a mu sendukisa";"";"";""
"";"Kusendumuna";"Tornar brilhante, esplendoroso.";"kima u a ki sendumuna";"";"";""
"";"Kusénga";"Sortir.";"kusénga makuria";"";"";""
"";"Kusénga";"Sortir.";"kusénga milele";"";"";""
"";"Kúsenga";"Abandonar o lar; sair de casa de.";"u asenge K'asakuk'ê, uala ni ndunge ia Kuvutuka";"";"";""
"";"Kusengúla";"Povoar. Dispor (em algum terreno) de grande quantidade de vegetais.";"kusengúlajîxi";"";"";""
"";"Kusenguluka";"Revés; desgraça.";"kusengulukak'u nang'ê";"";"";""
"";"Kusésa";"Peneirar. Outar; apurar; refinar.";"kusésafuba";"";"";""
"";"Kúsesa";"Gravar; modelar; esculpir. Fazer recortes em; lascar. Facear.";"kúsesaritari";"";"";""
"";"Kúsesa";"Gravar; modelar; esculpir. Fazer recortes em; lascar. Facear.";"kúsesamúxi";"";"";""
"";"Kúsesa";"Projetar; intentar: «.»";"k'u ki sese kubanga paxi mon'a ngene";"";"";""
"";"Kusesála";"Diz-se da penitência a impor ao que, nos jogos de prendas, errar a marcação ou passo de dança.";"a mu sesala";"";"";""
"";"Kuseséla";"Joeirar por; outar dentro de.";"kusesélamu kinda";"";"";""
"";"Kusesumuka";"Ficar esboroado, esfarelado: rikende ri asesumuka. | Esfarelar; esmigalhar. Reduzir a pequenos fragmentos. | Despedaçar; carcomer.";"rikende ri ase-";"";"";""
"";"Kuséta";"Manejar com destreza; jogar | Brincar.";"kuséta kiela";"";"";""
"";"Kusíndixala";"Sossegar; conter-se; ter modos.";"kusíndixala u mone o ribata";"";"";""
"";"Kusobela";"Pedir emprestado para.";"ng'a ku sobela mulele";"";"";""
"";"Kusobha";"Pedir por empréstimo. É tb. r.";"kusóba kitari";"";"";""
"";"Kusobola";"Despolpar. | Esmoer.";"kusobola jindende";"";"";""
"";"Kusóka";"Ser igual.";"o fuba i asoko ni menha";"";"";""
"";"Kusóka";"Calcar; tornar compacto (pisando com maço, calcador, etc)";"kusóka kibutu kia fuba";"";"";""
"";"Kúsoka";"Oscilar; abanar. | Abanar.";"riju'eri ri alu kúsoka";"";"";""
"";"Kusokejeka";"Ajustar, pôr certo (peças de um maquinismo). | Unir peça por peça; compor.";"kusokejeka irlándu";"";"";""
"";"Kusokeka";"Encaixar; ajustar. | Unir. | Adaptar; calcar.";"kusokeka ritemu";"";"";""
"";"Kusokela";"Ser igual a. | Ser do mesmo tamanho ou altura.";"eie lelu tu asokela";"";"";""
"";"Kusokelesa";"Parear; igualar; acertar. | Afinar. | Aplainar; nivelar. | Confrontar.";"kusokelesa mixi";"";"";""
"";"Kusokelesa";"Parear; igualar; acertar. | Afinar. | Aplainar; nivelar. | Confrontar.";"kusokelesa mâzui";"";"";""
"";"Kusokoka";"Ficar arrancado, extraído (do lugar próprio). | Sair ou cair por si.";"riju ri asokoka";"";"";""
"";"Kusokola";"Extrair. | Desenraizar; desprender: jindende. | Desencravar. | Deslocar; desencaixar. | Desdentar.";"kusokola riju";"";"";""
"";"Kusokola";"Extrair. | Desenraizar; desprender: jindende. | Desencravar. | Deslocar; desencaixar. | Desdentar.";"kusokola kiâla";"";"";""
"";"Kusokola";"Extrair. | Desenraizar; desprender: jindende. | Desencravar. | Deslocar; desencaixar. | Desdentar.";"kusokola rítemu";"";"";""
"";"Kusokolola";"Fazer prosperar, desenvolver. | Produzir a aparição de: mbutu. | Fazer aumentar o número de.";"kusokolola irima";"";"";""
"";"Kusokomoka";"Estar ou ficar despregado, desconjuntado, desfeito. | Ficar desmembrado.";"o ribitu ri asoxomoka";"";"";""
"";"Kusokomona";"Desconjuntar | Desmanchar; desarmar. | Desfazer.";"kusokomona kiulu";"";"";""
"";"Kusokomona";"Desconjuntar | Desmanchar; desarmar. | Desfazer.";"kusokomonauta";"";"";""
"";"Kusokuesa";"Mandar deslocar, tirar frutos do cacho.";"kusokuesa jindende";"";"";""
"";"Kusokuesa";"Mandar extrair, tirar do lugar.";"kusokuesariju";"";"";""
"";"Kusóla";"Derribar; roçar | Arrotear; arrifar.";"kusólamuxitu";"";"";""
"";"Kusolokota";"Pesquisar, investigar com cuidado.";"kusolokota mu jihota";"";"";""
"";"Kusolomona";"Destacar; fazer aparecer, cingrar, avançar | Adiantar.";"kusolomonaulungu";"";"";""
"";"Kusóma";"Carregar.";"kusómaûta";"";"";""
"";"Kusóma";"Espetar; atacar; calçar.";"kusómamixi";"";"";""
"";"Kusóma";"Preparar; vedar; construir.";"kutunga ntkusóma";"";"";""
"";"Kusombeka";"Ultrapassar | Passar por cima, transpor.";"kusombekalmbambe";"";"";""
"";"Kusombeka";"Ultrapassar | Passar por cima, transpor.";"kusombekarikungu";"";"";""
"";"Kusomekena";"Premiar | Recompensar; assinalar; distinguir.";"kusomekena mukóngo";"";"";""
"";"Kusondama";"Estar na posse de | Prover-se; abastecer-se.";"ng'a ki xikama, anga ng'a ki sondama?";"";"";""
"";"Kusonekena";"Escrever a. | Escrever por via de. | É também recíproco.";"ag'a mu sonekena mukanda";"";"";""
"";"Kusónga";"Aguçar. | Desbastar; aparelhar. | Endireitar; aparar.";"kusóngamúxi";"";"";""
"";"Kusónga";"Aguçar. | Desbastar; aparelhar. | Endireitar; aparar.";"kusóngamabaia";"";"";""
"";"Kusongolola";"Desviar; afastar. Acantoar; pôr de parte.";"kusongololaritari mu njila";"";"";""
"";"Kusonoka";"Perder; cair.";"kitari ki asonoka";"";"";""
"";"Kusonzuela";"Mondar. Limpar (de capim) a terra semeada.";"kusonzuelaribia";"";"";""
"";"Kúsosa";"Podar. Cortar, desbastar árvores.";"kúsosamîxi";"";"";""
"";"Kúsosa";"Tirar, por meio de pilão, o farelo do milho em grão.";"kúsosamdsa";"";"";""
"";"Kusosésa";"Adelgaçar; estreitar. Diminuir em largura; reduzir a grossura de. Restringir.";"kusosésaribáia";"";"";""
"";"Kusosoloka";"Diminuir de intensidade. Abrandar. Ser menos intenso, ter menos veemência.";"kukata ku asosoloka";"";"";""
"";"Kusosolola";"Fazer diminuir a intensidade de. Tornar menos vigoroso; reduzir.";"kusosololatâbia";"";"";""
"";"Kusosomoka";"Fagulhar. Faiscar.";"jihuinhi jala kusosomoka";"";"";""
"";"Kusosomona";"Fazer avivar (o fogo). Tirar da lenha a brasa acesa. Fazer soltar fagulhas.";"kusosomonajihuinhi";"";"";""
"";"Kusosomona";"Fazer avivar (o fogo). Tirar da lenha a brasa acesa. Fazer soltar fagulhas.";"kusosomonajisoso ja tôbia";"";"";""
"";"Kusosuéla";"Deitar a miúde lenha ao lume. Não deixar extinguir o fogo. Alimentar; manter (o fogo)";"kusosuéla kambia";"";"";""
"";"Kusóta";"Procurar; buscar; tratar de saber. | Escrutar; fazer que só lhe depare.";"kusóta Kalunga";"";"";""
"";"Kusóta";"Procurar; buscar; tratar de saber. | Escrutar; fazer que só lhe depare.";"kusóta môna";"";"";""
"";"Kusotalala";"Estar encharcado, embebido em líquido | Estar úmido.";"boxi bu asotalala";"";"";""
"";"Kúsua";"Fouçar | Segar, arrancar capim | Arregoar.";"kúsua idangu";"";"";""
"";"Kúsua";"Fouçar | Segar, arrancar capim | Arregoar.";"kúsua imbambe";"";"";""
"";"Kusuámba";"Arrufar; zangar | Diz-se da mulher que, amuada, espera ser rogada pelo marido para regressar à casa.";"kusuámba kua muhatu ni riala";"";"";""
"";"Kusuasuana";"Estar atormentado. | Estar desfarelado, carcomido.";"mixi u asuasuana";"";"";""
"";"Kusúba";"Diz-se da apanha do peixe, na seca dos rios ou lagoas, por meio de paus espetados e entrelaçados à jusante dos mesmos.";"jinguingi ni ikusu";"";"";""
"";"Kusubujuka";"Restar; demasiar a miúde, exceder sempre.";"ujitu u asubujuka";"";"";""
"";"Kusubula";"Interromper; suspender.";"mona a mu subula o riele";"";"";""
"";"Kusuenyesa";"Fazer engasgar.";"kusuenhesa menha";"";"";""
"";"Kusuetesa";"Trazer para perto.";"kusuetesa kiálu";"";"";""
"";"Kusuila";"Almotaçar; apreçar.";"kusuila uênji";"";"";""
"";"Kusúka";"Enxotar.";"kusúka jisánji. kusúka jihombo";"";"";""
"";"Kusúka";"Conduzir gado do cu ao pasto.";"kusúka jingombe";"";"";""
"";"Kúsuka";"Desesperar.";"u akinga kua Nzambi k' asuk'ê muxima";"";"";""
"";"Kúsuka";"Expirar; acabar; morrer.";"muenhu u asuku";"";"";""
"";"Kusukamena";"Sentir necessidade, precisar absolutamente, carecer de.";"ng'asukamena xitari";"";"";""
"";"Kusukila";"Chegar a determinado lugar; parar.";"ag'asukila bu muelu";"";"";""
"";"Kusukisa";"Açular; excitar.";"kusukisa jimbua";"";"";""
"";"Kusukisa";"Mandar enxotar, dar caça, perseguir.";"kusukisa jinguari";"";"";""
"";"Kúsukisa";"Fazer cansar, causar fadiga.";"ki abita bulu ki asukisa súnji o xingu";"";"";""
"";"Kusukumuka";"Derramar, correr por fora | Estar a descer, a cair.";"kusukumukambú-mbí";"";"";""
"";"Kusukumukina";"Vasar para.";"o fuba i ala -boxi";"";"";""
"";"Kusukumukina";"Verter, escorrer por.";"masa m'ala kusukumukina bu rizungu";"";"";""
"";"Kúsula";"Surrar | Forjar | Malhar.";"kúsula iba";"";"";""
"";"Kúsula";"Surrar | Forjar | Malhar.";"kúsulamatemu";"";"";""
"";"Kusúma";"Ferrar; picar; morder.";"a mu sumu ku nhoxa";"";"";""
"";"Kusumbila";"Comprar para.";"mbamba ng'a i sumbila ukembu, xibata ng'a i sumbila usalajendu";"";"";""
"";"Kusumbisa";"Alienar; vender | Atraiçoar, entregar ao inimigo.";"a u sumbisa ku jinguma je";"";"";""
"";"Kusumika";"Ervar; temperar.";"kusumika poko";"";"";""
"";"Kusúnga";"Tirar; puxar.";"kusúnga mâxi";"";"";""
"";"Kusununa";"Retesar (estendendo quanto possível); esticar.";"kusununa inama";"";"";""
"";"Kusununuxa";"Ficar destendido, esticado, pôr-se direito.";"anga mulumba ki uhax'ê, sununuka";"";"";""
"";"Kusurila";"Malhar, forjar para.";"ngi surilu an'a soba";"";"";""
"";"Kusúsa";"Urinar; mijar.";"u afumana o-k'azek'e bu atalala";"";"";""
"";"Kusúsa";"Estar ensosso, insulso, sem sabor.";"kúria ku asusu";"";"";""
"";"Kususuka";"Ficar desobrigado, absolvido por inculpabilidade. Ser julgado inocente.";"ng'a susuka mu kituxi";"";"";""
"";"Kusúta";"Ratar. [Cortar (de um todo) pequenos pedaços às ocultas.] Tirar aos poucos sem ser visto.";"kusúta xltu";"";"";""
"";"Kusuwa";"Arpoar; fisgar. | Apanhar peixe com chuço.";"kúsuua jinguingi mu zanga";"";"";""
"";"Kusuwa";"Atender. | Cuidar de; ter consideração por.";"muéne k'asuu'ê mutu";"";"";""
"";"Kusuwa";"Fazer caso; importar-se. | Considerar; ligar importância.";"úsuua ndando te";"";"";""
"";"Kuswama";"Ocultar-se; esconder-se. | Não se mostrar. | Encoquinar-se.";"Kitari, muxitu ua kusuáma";"";"";""
"";"Kusweka";"Calar; disfarçar.";"ingo i asneaka o iâla";"";"";""
"";"Kuta";"Colocar; situar; pôr. | Preparar; dispor. | Aplicar; sobrepor.";"kuta xinda bu mútue";"";"";""
"";"Kuta";"Colocar; situar; pôr. | Preparar; dispor. | Aplicar; sobrepor.";"kuta mêza";"";"";""
"";"Kuta";"Esperar; aguardar; contar com. | Fixar, estabelecer. | Cuspir. | Historiar, contar. | Apostrofar; notar defeito. | Dar; vibrar; ferir. | Intercalar; meter.";"kuta xili";"";"";""
"";"Kuta";"Esperar; aguardar; contar com. | Fixar, estabelecer. | Cuspir. | Historiar, contar. | Apostrofar; notar defeito. | Dar; vibrar; ferir. | Intercalar; meter.";"kuta papa mu imbambe";"";"";""
"";"Kuta";"Esperar; aguardar; contar com. | Fixar, estabelecer. | Cuspir. | Historiar, contar. | Apostrofar; notar defeito. | Dar; vibrar; ferir. | Intercalar; meter.";"kuta máte";"";"";""
"";"Kuta";"Esperar; aguardar; contar com. | Fixar, estabelecer. | Cuspir. | Historiar, contar. | Apostrofar; notar defeito. | Dar; vibrar; ferir. | Intercalar; meter.";"kuta misoso";"";"";""
"";"Kuta";"Esperar; aguardar; contar com. | Fixar, estabelecer. | Cuspir. | Historiar, contar. | Apostrofar; notar defeito. | Dar; vibrar; ferir. | Intercalar; meter.";"kuta to";"";"";""
"";"Kuta";"Esperar; aguardar; contar com. | Fixar, estabelecer. | Cuspir. | Historiar, contar. | Apostrofar; notar defeito. | Dar; vibrar; ferir. | Intercalar; meter.";"kuta hôme";"";"";""
"";"Kuta";"Kurita, e r. Colocar-se; meter-se; pôr-se. | Aventurar-se. | Intrometer-se.";"kuta ku muxinda";"";"";""
"";"Kuta";"Kurita, e r. Colocar-se; meter-se; pôr-se. | Aventurar-se. | Intrometer-se.";"kuta ni muxitu";"";"";""
"";"Kuta";"Kurita, e r. Colocar-se; meter-se; pôr-se. | Aventurar-se. | Intrometer-se.";"kuta mu maka ma ngene";"";"";""
"";"Kutabujuka";"Repassar (para a outra banda). | Transpor o rio a miúde.";"kutabujuka kuânza";"";"";""
"";"Kutabúka";"Atravessar ou transpor uma corrente de água.";"kutabúka ngíji";"";"";""
"";"Kutakajana";"Reencontrar | Dar de cara com.";"lelu ng'atakujana-ne lutatu";"";"";""
"";"Kutakalala";"Estar empertigado | Ficar como que entalado, espetado.";"u atakalala xala u ala ku jipandu";"";"";""
"";"Kutakana";"Encontrar; estabelecer contacto. | Topar com.";"tu atakana mu njila";"";"";""
"";"Kutakana";"e r. Ir buscar e trazer consigo. | Tratar de achar.";"ndê, K'atakane mênha";"";"";""
"";"Kutakula";"Atirar com força de braço | Jogar; arremessar.";"kutakula matari";"";"";""
"";"Kutakula";"Kuritakula, e r. Despenhar-se; arrojar-se | Atirar-se; lançar-se.";"u aritakula boxi";"";"";""
"";"Kutàla";"Despelar | Esfolar.";"kutàla ngombe";"";"";""
"";"Kutalala";"Estar frio; (.) Ter umidade.";"xuma Ku atalala";"";"";""
"";"Kutalala";"Abrandar; ser suave.";"kutalala bu rimi";"";"";""
"";"Kutalala";"Sossego de espírito.";"Ku muzima Ku afalala";"";"";""
"";"Kutalama";"Estar estático, imóvel.";"mbeji i atalama";"";"";""
"";"Kutalela";"Deitar os olhos para.";"o hima k'atalelê Ku muxila ue";"";"";""
"";"Kutalesa";"Deixar ver; dar a provar.";"kutalesa uênji";"";"";""
"";"Kútamba";"Pescar com rede.";"kútamba jimbiji";"";"";""
"";"Kutambufila";"Entoar.";"u di bua ngene u tambujila, k'u imbil'ê";"";"";""
"";"Kutambujula";"Andar a tomar; estar a receber.";"kutambujula ltari ia ngene";"";"";""
"";"Kutambulula";"Acolher com aprazimento.";"kutambulula mujitu";"";"";""
"";"Kutána";"Tirar talos ou nervuras das folhas.";"kutána mingingi ia makanha";"";"";""
"";"Kútana";"Regozijar-se; dar-se por feliz.";"ng'atana, ki u êza";"";"";""
"";"Kútana";"Ser bem-vindo.";"kútana tana-ku";"";"";""
"";"Kutánda";"Pôr a curar, a secar.";"kutánda jinguingi";"";"";""
"";"Kútanda";"Distanciar; mandar para longe.";"a mu tande rikanga";"";"";""
"";"Kútanda";"Inchar; entumecer.";"kútanda mixiba";"";"";""
"";"Kútanda";"Estalar; fender.";"kútanda musula";"";"";""
"";"Kutandakanyesa";"Sarapantar; fazer confundir.";"kutandakanhesa killunji";"";"";""
"";"Kutandesa";"Fazer inchar, entumecer (ductos)";"kutandesa mixiba";"";"";""
"";"Kutandujula";"Rasgar muitas vezes.";"kutandujula mikanda";"";"";""
"";"Kutanduka";"Estar rasgado, roto.";"mulele u atanduka";"";"";""
"";"Kutangamana";"Pôr-se de través.";"kutangamana njila";"";"";""
"";"Kutangesa";"Mandar ler, contar.";"kutangesa uênji";"";"";""
"";"Kutangumuka";"Transpor.";"kubita pambu kutangumuka njila";"";"";""
"";"Kutapeka";"Kuritapexa, v. r. Pespegar-se. | Mascarrar-se.";"u aritapexa maloua";"";"";""
"";"Kutarika";"Mercadejar; negociar.";"kutarika uênji ua jinguba";"";"";""
"";"Kutaringa";"Brilhar; fulgir. | Diz-se dos olhos azuis ou verdes brilhantes, luminosos.";"mesu me m'ataringa";"";"";""
"";"Kutáta";"Lamentar. | Manifestar privações.";"kutáta jingóngo";"";"";""
"";"Kutáta";"Lamentar. | Manifestar privações.";"kutáta malamba";"";"";""
"";"Kútata";"Amarrar bordões ou ripisaos paus em altura. | Formar com enchameis o tabique de uma casa.";"kútata lumbu";"";"";""
"";"Kútata";"Fazer uma costura mal acabada. | Remendar.";"kútata mulele";"";"";""
"";"Kutatamána";"Ser atado, obstinado, teimoso | Ser cabeçudo.";"u atatamana mu kuzuela";"";"";""
"";"Kutatulula";"Tornar a amarrar, a atar.";"a mu tate, a mu tatutula";"";"";""
"";"Kutatumuka";"Rebentar; partir.";"mukolo u atalumuka";"";"";""
"";"Kutatumuna";"Quebrar, rebentar; romper.";"kutatumuna jingunhu";"";"";""
"";"Kute";"Amarrado; manietado; ligado.";"sobakutelu, kange-iu";"";"";""
"";"Kuteialala";"Ser estrídulo.";"rizui ri a mu teialala";"";"";""
"";"Kutéka";"Tingir; colorir.";"kutéka jindómba";"";"";""
"";"Kúteka";"Ter água própria: mbinda K'aritekê, mubixa K'aritumu'ê";"mbinda K'aritêke, mubixa K'aritumu'ê";"";"";""
"";"Kutekela";"Regar.";"kutekela makunde";"";"";""
"";"Kutekela";"Prestar atenção; tornar-se atento (para ouvir)";"kutekela maka";"";"";""
"";"Kutekésa";"Fazer tingir, dar cor.";"kutekésa jibofeta";"";"";""
"";"Kuteketa";"Tiritar.";"kuteketa ni mbâmbi";"";"";""
"";"Kutekúka";"Ficar encantado.";"u atekuka ni rilala";"";"";""
"";"Kutekula";"Diz-se tb. do facto de mostrar as palmas das mãos, significando isenção.";"kutekula maku";"";"";""
"";"Kutela";"Colocar, meter, pôr junto de.";"a mu tela poxo bu muêlu";"";"";""
"";"Kutelekela";"Servir (comida); dispor.";"ng'atelekela mudri";"";"";""
"";"Kutelekela";"Ofertar; dedicar: Kúrla a mu telekela fuma, nzala mu mala ânji i abuile.";"Kûrla a mu telekela fuma, nzala mu mala ânji i abuile";"";"";""
"";"Kutelekela";"Consagrar; pôr sob a invocação de.";"kutelekelamákulu";"";"";""
"";"Kutelujuka";"Tremeluzir; cintilar.";"kutelujukakua tetembua";"";"";""
"";"Kutéma";"Estar ou ficar quente; ter calor.";"mênha m'atema";"";"";""
"";"Kutéma";"Estar aceso.";"bu jiku bu atema";"";"";""
"";"Kutemanana";"Estar dorido.";"rimbu ri atemanana";"";"";""
"";"Kutembuka";"Ficar aberto, escancarado.";"ribitu ri atembuka";"";"";""
"";"Kutembuka";"Escâncara, usada na loc. adv.: abertamente.";"nikutembukakue";"";"";""
"";"Kutemena";"Admoestar, repreender a.";"a mu temena ku foso i abange";"";"";""
"";"Kutemésa";"Requentar.";"kutemésakúria";"";"";""
"";"Kútena";"Ter domínio, influência, autoridade.";"eme ngi tena";"";"";""
"";"Kuténda";"Apoucar; desdenhar.";"bu xangiji bu u tenda, buene bu u fila";"";"";""
"";"Kútenda";"Recordar; ter saudades de.";"kútendaixi te";"";"";""
"";"Kútenda";"Falar; expressar-se.";"kútendajiputu";"";"";""
"";"Kútenda";"Kuritenda, e r. Lastimar-se; queixar-se.";"njila k'aritend'ê, musongo u a mu ase";"";"";""
"";"Kútenda";"Tilintar.";"kitari ki aritende";"";"";""
"";"Kútendesa";"Fazer soar, tanger, tinir. | Mandar tocar, dar badaladas.";"kútendesangúnga";"";"";""
"";"Kútendesa";"Fazer soar, tanger, tinir. | Mandar tocar, dar badaladas.";"kútendesakitari";"";"";""
"";"Kutenena";"Estar completo, exato, certo.";"kitari ki atenena";"";"";""
"";"Kutenesa";"Inteirar; completar (o que falta) | Totalizar; prefazer: ng'atenesa izuua llatu | Dar a; tornar possível.";"kutenesa kitari";"";"";""
"";"Kutenesena";"Contribuir para que outrem supra à falta. | Ajudar a completar. | Favorecer.";"ng'a mu tenesena uênji";"";"";""
"";"Kutengeneka";"Kuritengeneka, e r. Expor-se. | Exibir-se com ostentação.";"kutengeneka bu ludnha";"";"";""
"";"Kutesa";"Mandar situar, meter; pôr.";"kutesa mukolo mu mbunda";"";"";""
"";"Kutesa";"Atiçar; açular | Estimular; fazer acirrar, irritar | É tb. r.";"kutesa jimbua";"";"";""
"";"Kúteta";"Estalejar. | Estalar; produzir som como o do pau que fende.";"ki teta, ki toloka";"";"";""
"";"Kutetama";"Despontar (a lua) | Começar a aparecer.";"mbeji i atetama";"";"";""
"";"Kutetuila";"Revelar; indicar; descobrir (a origem) | Dar a conhecer.";"eme ng'a mu tetulla o ndonda ia maka";"";"";""
"";"Kutetulula";"Considerar; revalidar, confirmar. | Tornar a descascar, pôr a nu.";"kutetulula o kiri";"";"";""
"";"Kuteúla";"Tirar do lume uma panela. | Dar por findo um cozinhado.";"kuteúla imbia bu jiku";"";"";""
"";"Kutêxi";"e intr. Deitar fora. | Desperdiçar.";"kutêxi nênha";"";"";""
"";"Kutêxi";"e intr. Deitar fora. | Desperdiçar.";"kusumba kua nsala kutêxi";"";"";""
"";"Kutêxi";"Transbordar; deitar por fora.";"nzenza u atêxi";"";"";""
"";"Kutexika";"Sofrer perda, extravio | Desaparecimento.";"mulele u atexika";"";"";""
"";"Kutexila";"Deitar fora algo pertencente a outrem.";"kijinga kidmi u angi texila nakiu";"";"";""
"";"Kutingitisa";"Mover com frequência; imprimir agitação a.";"o mulenge u ala kutingitisa mulemba";"";"";""
"";"Kutinina";"Dançar (para que outrem veja). Bailar em: u akiinina bu nganda. Festejar. Kurikinina,: Dançar (de contente). Folgar (de alegria)";"kutinina ngana tetu";"";"";""
"";"Kutita";"Desancar; sovar.";"a mu tita ni kíbetu";"";"";""
"";"Kutóka";"Bicar; excavar; esgaravatar.";"u tóka xala sânji";"";"";""
"";"Kutokála";"Ter concorrência, saída.";"o fuba lelu bu kitanda i atokala";"";"";""
"";"Kutokojola";"Serrilhar.";"kutokojola rikanza";"";"";""
"";"Kútokoka";"Ficar quebrado, partido.";"muenge u atokoka";"";"";""
"";"Kútokoka";"Acreditar; compreender; ficar convencido.";"ng'atokoka";"";"";""
"";"Kutokóla";"Concavar | Escanhoar. | Esquadrinhar. | É tb r. | Embair.";"kutokólakinu";"";"";""
"";"Kutokóla";"Concavar | Escanhoar. | Esquadrinhar. | É tb r. | Embair.";"kutokólamu rikóxi";"";"";""
"";"Kútokola";"Quebrar, partir (um pedaço)";"kútokola ngônge ia muênge";"";"";""
"";"Kutokwesa";"Mandar quebrar, partir.";"kutokuesa ngonge la muenge";"";"";""
"";"Kutóla";"Pequenez.";"kutóla kua nguia";"";"";""
"";"Kutolesa";"Apoucar; amesquinhar; humilhar.";"uariama u atolesa o mulu";"";"";""
"";"Kutolojola";"Despedaçar; partir em muitos bocados.";"kutolojola jihuinhi";"";"";""
"";"Kutolojoxa";"Ficar muito cansado.";"muxutu ua ngi tolojoxa";"";"";""
"";"Kutoloka";"Ter fratura; ficar quebrado, partido.";"múxi u atoloka";"";"";""
"";"Kutolola";"Fraturar; quebrar; partir.";"kutolola lukuaku";"";"";""
"";"Kutolola";"Domar; amansar; ter sujeito.";"kutolola jinguzu";"";"";""
"";"Kutolola";"Lavar (tecido) pela primeira vez.";"kutolola milele";"";"";""
"";"Kutololoxa";"Aplacar, tornar-se menos forte.";"luanha lu atololoka";"";"";""
"";"Kutombola";"Servir.";"lukuaku lu nangenena mu 'mbia lu tombola ifuba";"";"";""
"";"Kutomona";"Diz-se do direito senhorial de tirar uma parte das primeiras novidades da terra; ou de receber os primeiros mantimentos que o tributário colher da lavra.";"kutomona masa";"";"";""
"";"Kútona";"Tornar a fazer.";"kizuua ki akamukua ng'i ki ton'ami ringi";"";"";""
"";"Kútonda";"Bater palmas (em sinal de reconhecimento)";"ng' atondo, ng' asakirila";"";"";""
"";"Kutongela";"Continuar; persistir.";"uhaxi u a mu tongela";"";"";""
"";"Kutongolola";"Explanar; tornar compreensível. | Certificar; reconhecer, dar a razão de ser. | Interpretar, exprimir.";"kutongololamu putu";"";"";""
"";"Kutongona";"Depilar. | Depurar. | Limpar. É tb. r.";"kutongonajinvi";"";"";""
"";"Kutongona";"Depilar. | Depurar. | Limpar. É tb. r.";"kutongonajihana";"";"";""
"";"Kutonokena";"Brincalhar; divertir-se com.";"o ngênji u tonokena bu muhamba ue";"";"";""
"";"Kutóta";"Vesguear.";"kutóta risu";"";"";""
"";"Kutóta";"Ver mal; pecar.";"kutóta mbôrio";"";"";""
"";"Kutóta";"Caminhar devagar; andar às apalpadelas.";"kutóta njila";"";"";""
"";"Kutoteka";"Estampar; carimbar; imprimir.";"kutoteka kirimbu";"";"";""
"";"Kutoteka";"Queimar; chegar fogo a.";"kutoteka tâbia";"";"";""
"";"Kutotola";"Kuritotola', v. r. Bater-se nos dedos.";"kutotola milembu";"";"";""
"";"Kutotuela";"Tirar os pintos em.";"sanji k'atotuel'ê bua izala";"";"";""
"";"Kutoua";"Adoçar; temperar.";"kutoua mungua";"";"";""
"";"Kutoualesa";"Adoçicar; açucarar.";"kutoualesa mu kanu";"";"";""
"";"Kutoualesa";"Suavizar; dar gosto um tanto delicado, doce.";"kutoualesa maka";"";"";""
"";"Kutouesa";"Fazer temperar; tornar agradável, doce.";"kutouesa matete";"";"";""
"";"Kutowala";"Diz-se dos frutos comestíveis (em oposição a outros da sua espécie que são agros)";"ngenge i atouala";"";"";""
"";"Kutoxala";"Abarrotar. Estar na enchente.";"jinvula j'atoxala";"";"";""
"";"Kutuamena";"Tomar a dianteira. Seguir ou estar em primeiro lugar; ter primazia.";"eme ng' atuamena kuta kinama mu njila";"";"";""
"";"Kutubhula";"Fazer sair (para não mais voltar)";"kutubula kimbi";"";"";""
"";"Kutubhula";"Furar: abrir caminho por meio de.";"kutubula njila";"";"";""
"";"Kutubhula";"Perfurar.";"kutubula mulundu";"";"";""
"";"Kutufuka";"Supurar; rebentar. Verter; deitar pus.";"rimbu ri atufuka";"";"";""
"";"Kutuika";"Ajudar a carregar, a colocar.";"kutuika muhamba bu mutue";"";"";""
"";"Kutuika";"Plantar; esperar; tornar firme.";"kutuika múxi boxi";"";"";""
"";"Kutuika";"Oprimir; agravar com sarcasmos.";"mukua uzuelelu ua kutuika";"";"";""
"";"Kutuina";"Catar; matar.";"kutuina jina";"";"";""
"";"Kutuisa";"Dar fio a; aguçar.";"kutuisa njangu";"";"";""
"";"Kutuisa";"Fazer brilhar, resplandecer, refletir.";"i tuisa, o riêji, rikumbi";"";"";""
"";"Kutuisa";"Mandar triturar, esbugar, pilar grãos.";"kutuisa masa";"";"";""
"";"Kutuka";"Levantar voo. | Ressurtir.";"o njila i atuka";"";"";""
"";"Kutuka";"Pular; galgar. | Transpor (subindo); vencer distâncias: u amesena o kukuka k' a tuk'ê makungu.";"kutuka mavunda";"";"";""
"";"Kutukuka";"Ficar arrancado pela base.";"mungenge u atutuka ni jindanji je";"";"";""
"";"Kutukuluka";"Apresentar-se; aparecer.";"u asuamene u atukuluka";"";"";""
"";"Kutukulukila";"Manifestar-se.";"Nzambi u atukulukila mu isasa";"";"";""
"";"Kutukulula";"Descobrir; dar a conhecer.";"ki asueka nguma, Nzambi u a ki tukulula";"";"";""
"";"Kutula";"Chegar; aportar; atracar.";"maulungu m'atula bu tabu";"";"";""
"";"Kutula";"Sossegar.";"muxima u atula";"";"";""
"";"Kutulama";"Colocar-se sobre; montar.";"tulama Ku Nzamba nda makamba sm'a ku monekxe";"";"";""
"";"Kutulula";"Tirar (de cima de); deitar abaixo.";"kutulula matamba";"";"";""
"";"Kutulula";"Abaixar, pousar; descer.";"kutulula kinda";"";"";""
"";"Kutulumba";"Foliar; arrulhar.";"u ala--kala riêmbe";"";"";""
"";"Kútuma";"Kurituma, e r. Comportar-se; conviver.";"kútuma kla mbote ni akuenu";"";"";""
"";"Kutumaka";"Acatar; respeitar; obedecer | Ser dócil | Observar; executar; cumprir.";"o mona u tumaka tat'à ni mâm'a";"";"";""
"";"Kutumba";"Pensar; fazer curativo. (Diz-se principalmente da cura de feridas, úlceras e doenças cutâneas.) É tb. r.";"kutumbamabute";"";"";""
"";"Kutùmba";"Turgescer | Estar entumado, cheio.";"kutùmba méle bu tulu";"";"";""
"";"Kutumbika";"Organizar; estabelecer; instituir.";"kutumbika inzo ia nzámba";"";"";""
"";"Kutumbila";"Deitar terra em roda de. | Fazer montinhos.";"kutumbila mataka ma masa";"";"";""
"";"Kutumbujúla";"Aludir em discurso ou escritos a determinadas pessoas.";"kutumbujúla majlna m'atu";"";"";""
"";"Kutumbukila";"Saltear; tomar de improviso | Assustar.";"Kahumbu u a ngi tumbuxila";"";"";""
"";"Kutumbukila";"Viver de roubos | Andar a saltos.";"kutumbukila jingenji";"";"";""
"";"Kutumbula";"Ocupar; apoderar-se de.";"kutumbula ixi";"";"";""
"";"Kutumbula";"Tomar (comer ou beber)";"kutumbula muzonge";"";"";""
"";"Kutumbula";"Receber.";"kutumbula ungana";"";"";""
"";"Kutumbula";"Aceitar; admitir.";"kutumbula milongi";"";"";""
"";"Kutumbula";"Nomear; citar. | Referir.";"ngana nanhi ria kananhi, kutumbula kuzokesa";"";"";""
"";"Kutumbulúka";"Despontar; vir do fundo à superfície | Elevar-se; subir.";"u atumbuluka bu ritumbu";"";"";""
"";"Kútumbuluka";"Diz-se da substância que tenha perdido, pelo uso ou tempo, as propriedades naturais; do objeto que tenha perdido o cheiro, o odor ou ficado sem efeito, confirmação ou validade.";"milongo i atumbuluka";"";"";""
"";"Kútumbuluka";"Diz-se da substância que tenha perdido, pelo uso ou tempo, as propriedades naturais; do objeto que tenha perdido o cheiro, o odor ou ficado sem efeito, confirmação ou validade.";"rizumba ri atumbuluka";"";"";""
"";"Kútumbuluka";"Diz-se da substância que tenha perdido, pelo uso ou tempo, as propriedades naturais; do objeto que tenha perdido o cheiro, o odor ou ficado sem efeito, confirmação ou validade.";"makutu m'atumbuluka";"";"";""
"";"Kutumikisa";"Mandar (para longe); remeter | Expedir.";"kutumikisa mukanda";"";"";""
"";"Kútumina";"e intr. Comandar; governar | Dominar; reger.";"kútumina jixi";"";"";""
"";"Kutumisa";"Enviar; mandar. | Endereçar; remeter.";"kutumisa ngamba";"";"";""
"";"Kutumuka";"Sofrer esfoladela, ter escoriação. | Ficar arranhado.";"kikonda ki atumuka";"";"";""
"";"Kutumuna";"Excoriar; esfolar. | fig. Assinalar: hondo, mu sule; mbonda, mu tumune.";"kutumuna hâna";"";"";""
"";"Kútunda";"Ultrapassar; exceder; sobressair.";"o hoji, mu kutema, u atunda akuá mu ngongo";"";"";""
"";"Kutundila";"Ir ao encontro de.";"u a ngi tundila mu njila";"";"";""
"";"Kutundula";"Reprovar; contrariar.";"a mu tundula ku ioso i abange";"";"";""
"";"Kutunga";"Edificar; construir.";"kutunga 'nzo";"";"";""
"";"Kutungamana";"Estar ou ficar abafado, sufocado, asfixado.";"muenhu u angi tungamana";"";"";""
"";"Kutungila";"Cozer por.";"u tungila mu jimbanji";"";"";""
"";"Kutungila";"Edificar, construir em.";"ugi tungila mu Luanda";"";"";""
"";"Kutungila";"Costurar em lugar de outrem.";"ng'ala kutungila mukuetu";"";"";""
"";"Kutungúla";"Apartar.";"kutungúla mixi ia paku";"";"";""
"";"Kutungúla";"Marcar; assinalar.";"Nzambi ki a mu tungula, Kifua sai";"";"";""
"";"Kutunguluka";"Diferenciar-se.";"u atunguluka bu karianda k'akua'";"";"";""
"";"Kutunguna";"—uanga.";"kutungunauanga";"";"";""
"";"Kutungunuka";"Ficar descoberto, desmentido.";"makutu m'a mu tungunuka";"";"";""
"";"Kutungununa";"Palear; descobrir a verdade.";"kutungununamakutu";"";"";""
"";"Kutungununa";"Palear; descobrir a verdade.";"kutungununa makutu";"";"";""
"";"Kútununa";"Desfolhar; fazer cair.";"kútununamáfu";"";"";""
"";"Kútununa";"Desfolhar; fazer cair.";"kútununa máfu";"";"";""
"";"Kútununa";"Tirar; colher (frutos) da haste.";"kútununajimanga";"";"";""
"";"Kútununa";"Tirar; colher (frutos) da haste.";"kútununa jimanga";"";"";""
"";"Kuturila";"Fazer ver, dar a conhecer.";"tu turila kota, ndunge ja kota j'avula";"";"";""
"";"Kuturila";"Pôr ao corrente de; contar.";"zá, u nyiturile o mahezu";"";"";""
"";"Kuturisa";"Ajudar a pousar; fazer pousar, aquietar, serenar.";"kuturisa muzina";"";"";""
"";"Kutúta";"Tocar, alcançar, atingir: ng'atuta bulu ni mulembu. | Pôr-se em contacto; chegar a | Firmar-se no fundo de, ganhar pé.";"kutúta koxi a menha";"";"";""
"";"Kutúta";"Esmiuçar; triturar raízes para lhes extrair o suco. | Pilar. | Apertar; calcar; tornar compacto | Abarrotar.";"kutútajindánji ja mulemba";"";"";""
"";"Kutúta";"Esmiuçar; triturar raízes para lhes extrair o suco. | Pilar. | Apertar; calcar; tornar compacto | Abarrotar.";"kutútajihefu";"";"";""
"";"Kutúta";"Esmiuçar; triturar raízes para lhes extrair o suco. | Pilar. | Apertar; calcar; tornar compacto | Abarrotar.";"kutútanzeke ia fuba";"";"";""
"";"Kutúta";"Kurituta, e r. Sofrer embate. Fartar-se; encher-se.";"nzeke ia fuba";"";"";""
"";"Kútutisa";"Fazer transportar (artigos, móveis) para outra parte.";"kútutisaimbamba ku jingamba";"";"";""
"";"Kututula";"Encolher os hombros.";"kututula tsuxi";"";"";""
"";"Kututuluka";"Ir crescendo a pouco e pouco.";"u atutuluka mu kitala";"";"";""
"";"Kututulúla";"Remexer; tornar a mudar.";"kututa ni kututulúla ku a ng'ibil' ami";"";"";""
"";"Kututumuka";"Rebentar, partir.";"mukolo u atutumuka";"";"";""
"";"Kutuuika";"Tapar.";"kutuuika imbia";"";"";""
"";"Kútuza";"Mexericar; traquinar.";"u tuza kala rimbu";"";"";""
"";"Kutwa";"Refletir o brilho de. Esburgar; pilar. Triturar; pisar com pilão.";"kûtua masa";"";"";""
"";"Kutwa";"Refletir o brilho de. Esburgar; pilar. Triturar; pisar com pilão.";"kûtua mbutu";"";"";""
"";"Kutwa";"Refletir o brilho de. Esburgar; pilar. Triturar; pisar com pilão.";"kûtua kua rieji ku atunda ku kumbí";"";"";""
"";"Kutwamenena";"Ser o primeiro.";"muêne u atuamenena hu mu bana o huxi";"";"";""
"";"Kuuáia";"Untar.";"kuuáia ndémbu";"";"";""
"";"Kuuáia";"Kuriuáia, v. r. Dar-se untura.";"kuuáia hula";"";"";""
"";"Kuuanuka";"Ficar rachado, fendido em todo o comprimento ou altura. | Estar dividido em duas metades.";"kipapa ki auanuka mu'axaxi";"";"";""
"";"Kuuanunuka";"Desagregar-se; abrir-se em muitos lugares. | Ficar fendido completamente.";"lumbu lu auanunuka";"";"";""
"";"Kuuanununa";"Separar, rachar muitas vezes. | Repartir em muitas metades.";"kuuanununa jihuinhi";"";"";""
"";"Kuuéna";"e intr. Abundanciar.";"kuuéna izuatu";"";"";""
"";"Kuvalulula";"Kurivalulula, e r. Reproduzir-se a cada passo. | Ir de geração em geração.";"kurivala ni kuvalulula";"";"";""
"";"Kuvembukisa";"Arquear; encurvar.";"kuvembukisa ribaia";"";"";""
"";"Kuvemesa";"Fazer vergar, ceder à pressão.";"kuvemesa ritolongo";"";"";""
"";"Kuvetulula";"Revender.";"kuvetulula uênji";"";"";""
"";"Kuvinana";"Estar recurvado.";"kuvinana kua mbamba, kutoloka kua xibata";"";"";""
"";"Kuvinana";"Vergar (unindo as duas pontas)";"kitandu ki vinana, k'i tolok'ê";"";"";""
"";"Kuvisa";"Fazer possuir.";"kuvisa imuna";"";"";""
"";"Kuviza";"Ser difícil, espinhoso.";"kutunga kuviza, kulundula k'u viz'ê";"";"";""
"";"Kuvóta";"Tirar às mãos cheias.";"kuvóta isekele";"";"";""
"";"Kûvua";"Possuir; ter o domínio de.";"kûvua jingombe";"";"";""
"";"Kuvubula";"Meter impetuosamente em.";"á mu vubula mu kitonga kia túbia";"";"";""
"";"Kúvuka";"Fabricar azeite.";"kúvuka máji";"";"";""
"";"Kúvuka";"Premer; extrair líquidos oleosos.";"kúvuka ulki";"";"";""
"";"Kuvúmba";"Kurivúmba, v. r. Solapar-se | Esconder-se.";"kuvúmba mu isekele";"";"";""
"";"Kuvumbika";"Encinzar.";"kuvumbika mbomzo bu utokua";"";"";""
"";"Kuvumbika";"Soterrar; cobrir de.";"kuvumbika mu mâvu";"";"";""
"";"Kuvumbika";"Afundar.";"kuvumbika mu mênha";"";"";""
"";"Kuvumbula";"Aligeirar; fazer ter pressa.";"Kimbungu i a mu beka mu ngongo kuvumbula";"";"";""
"";"Kúvunda";"Atirar, arremessar ao chão.";"kúvunda boxi";"";"";""
"";"Kuvundumuka";"Levantar-se com arrebatamento. | Erguer-se imediatamente. | Acordar de repente; pôr-se em pé.";"ng'avundumuka lúsolo";"";"";""
"";"Kuvunga";"Kurivunga, e r. | Escudar-se; amparar-se; defender-se. | Acobertar-se.";"mutona urivunga ni uânda, kibese urivunga ni munga";"";"";""
"";"Kuvunginina";"Envolver, ficar abrangido. | Estar metido (entre outros). Incluir.";"Kifuxi ki a mu vunginina";"";"";""
"";"Kuvungunuka";"Alvorecer. | Começar a clarear, a despontar (a manhã), a fazer-se dia.";"kuma ku ala kuvungunuka";"";"";""
"";"Kuvungununa";"Clarear; atenuar a escuridão, fazer alvorecer (a manhã) | Desanuviar.";"rikumbi ri vungununa o kizuua";"";"";""
"";"Kúvunza";"Turvar; tornar escuro.";"kúvunza mênha";"";"";""
"";"Kúvunza";"Enredar; atrapalhar; estabelecer confusão.";"maka u ala ku m'avunza";"";"";""
"";"Kuvunzuka";"Turvejar, estar toldado.";"mêuha m'avunzuka";"";"";""
"";"Kuvunzula";"Toldar; turbar.";"u bomba o nguingi k'avunzul'ê mênha";"";"";""
"";"Kuvurisa";"Avolumar; exagerar.";"kuvurisa maka";"";"";""
"";"Kuvurisa";"Fazer amontoar, ir pondo.";"kuvurisa matari";"";"";""
"";"Kuvurisa";"Mandar ou fazer remar.";"kuvurisa maulungu";"";"";""
"";"Kuvurixila";"Tornar abundante, multiplicar por meio de | Fazer aumentar o número por virtude de.";"ojimbongo u ji vurixila mu ipa";"";"";""
"";"Kuvutuka";"Voltar para trás ou para o ponto de partida | Tornar | Regressar; retroceder.";"u asenge k'asakuk'ê, ndunge la kuvutuka";"";"";""
"";"Kuvutukla";"Tornar; repetir.";"kuvutukla o hoka";"";"";""
"";"Kuvutula";"Não aceitar; devolver | Retornar; resistir.";"kitari ng'a ki vutula";"";"";""
"";"Kuvutulla";"Responder; retribuir.";"kuvutulla ujitu";"";"";""
"";"Kuvutulla";"Devolver; restituir.";"u asobo u vutuila";"";"";""
"";"Kuvutulula";"Empurrar para trás. Fazer recuar, retroceder.";"kuvutulula a mu vutulula";"";"";""
"";"Kuvuzakanya";"Desarmar. Desaparelhar, desordenar, desguarnecer. Depor armas.";"kuvuzakanha kilombo kia ita";"";"";""
"";"Kuvuzuka";"Ficar abalado, impressionado, perturbado.";"muxima moxi u angi vuzuka";"";"";""
"";"Kuvuzula";"Fazer arrancar (correndo). Meter susto. Perturbar. É também recíproco.";"u a ngi vuzula mu mála";"";"";""
"";"Kuwabha";"Concordar; estar bem.";"Ki auaba";"";"";""
"";"Kuwabhela";"Agradar; gostar; aprazer.";"mutu u uabela mukua";"";"";""
"";"Kuwabhela";"Estimar; sentir prazer; parecer bem.";"Ki a ngi uabela";"";"";""
"";"Kuwama";"Estar chamejante, aceso. | Inflamar; arder.";"tubia tu áuama";"";"";""
"";"Kuwana";"Subdividir. | Tornar a repartir o que já está. | Redistribuição.";"makuria ma kuuána uana";"";"";""
"";"Kuwana";"Subdividir. | Tornar a repartir o que já está. | Redistribuição.";"kuuánauána";"";"";""
"";"Kuwika";"Acender; abrasar; fazer fogo.";"huinhi mu uîke u mu mone o Kulema";"";"";""
"";"Kûxa";"Legar; doar. Dar de uma vez. Assinalar; perpetuar; deixar para sempre.";"mulemba u àxa Ngola";"";"";""
"";"Kuxabalala";"Ser ou estar achatado. Ficar deprimido.";"rizunu ria mu xabalala";"";"";""
"";"Kuxabalalesa";"Achatar. Fazer deprimir.";"kuxabalalesa rizunu";"";"";""
"";"Kuxakata";"Arrastar os pés, andando. Roçagar.";"uenda kuxakata";"";"";""
"";"Kuxakata";"Friccionar; roçar. Ir arrastando por.";"muzambu ua kuxakata";"";"";""
"";"Kuxala";"urixala, Ficar-se; livrar-se; ver-se desoprimido.";"hoji i âfu mu ngongo mu arixala";"";"";""
"";"Kuxalela";"Demorar; deixar-se ficar.";"u ai, u axalela";"";"";""
"";"Kuxamuina";"Despejar, entornar em. É tb. r.";"kuxamuina menha mu njila";"";"";""
"";"Kuxamúka";"Ficar entornado.";"ki axamuka k' i lungil'ê";"";"";""
"";"Kuxanana";"Ser escorregadiço.";"boxi bu axanana";"";"";""
"";"Kuxanana";"Estar liso, macio.";"mukutu u axanana";"";"";""
"";"Kuxanga";"Lenhar. | Escanotar.";"ukamba ua ndenge u atunda mu kuxanga";"";"";""
"";"Kuxánga";"Escrevinhar; rabiscar.";"kuxánga mukanda";"";"";""
"";"Kúxanga";"Lenhar.";"uka mba ua ndenge u atunda mu kúxanga";"";"";""
"";"Kuxapuinya";"Kurixapuinha, v. r. Aspergir-se.";"kuxapuinha menha ku mukutu";"";"";""
"";"Kuxatuka";"Diz-se dos olhos grandes e esbugalhados.";"mesu m'a mu xatuka";"";"";""
"";"Kuxekelela";"Empertigar-se; tornar-se altivo.";"x'eie! k'u ngi xekelele kala ngi soko riê!";"";"";""
"";"Kuxetukisa";"recear-se. | Arreliar-se; ter complicações. | Desgostar-se.";"kulmina ngênji kuxetukisa, ngênji u arlelela bu muhamba ue";"";"";""
"";"Kuxetukisa";"recear-se. | Arreliar-se; ter complicações. | Desgostar-se.";"kusokana, kuxetukisa";"";"";""
"";"Kuxetula";"Deslocar | Mover.";"kuxetula ritari";"";"";""
"";"Kuxi";"interrog. Quando | Até quando ou onde | Em que lugar?";"u êza kumbikuxi?";"";"";""
"";"Kuxi";"interrog. Quando | Até quando ou onde | Em que lugar?";"ngi sambakuxingi mukua ubeka, ngi rimakuxingi mukua nzala?";"";"";""
"";"Kuxi";"interrog. Quando | Até quando ou onde | Em que lugar?";"u êza kumbikuxi";"";"";""
"";"Kuxi";"e pron. interrog. Quanto; que quantidade, que preço | Que pessoa ou cousa entre vários | Qual | Que; cujo.";"hikuxi?";"";"";""
"";"Kuxi";"e pron. interrog. Quanto; que quantidade, que preço | Que pessoa ou cousa entre vários | Qual | Que; cujo.";"mutukuxi?";"";"";""
"";"Kuxi";"e pron. interrog. Quanto; que quantidade, que preço | Que pessoa ou cousa entre vários | Qual | Que; cujo.";"kizuakuxi?";"";"";""
"";"Kuxi";"e pron. interrog. Quanto; que quantidade, que preço | Que pessoa ou cousa entre vários | Qual | Que; cujo.";"hikuxi";"";"";""
"";"Kuxi";"e pron. interrog. Quanto; que quantidade, que preço | Que pessoa ou cousa entre vários | Qual | Que; cujo.";"mutukuxi";"";"";""
"";"Kuxi";"e pron. interrog. Quanto; que quantidade, que preço | Que pessoa ou cousa entre vários | Qual | Que; cujo.";"kizuakuxi";"";"";""
"";"Kuxi";"Como, de que modo.";"u azekelekuxi?";"";"";""
"";"Kuxi";"Como, de que modo.";"u azekelekuxi";"";"";""
"";"Kuxi";"(precedido de sub.) Qual história, nem qual carapuça (loc. com que se nega a realidade do sub.)";"Ximakuxi? nanhikuxi?";"";"";""
"";"Kuxibha";"Estar boto; ter o fio ou gume perdido.";"poko i axibi";"";"";""
"";"Kuxibha";"Chupar; sugar; absorver.";"kúxibamatámba";"";"";""
"";"Kuxibha";"Embotamento | Sucção; absorção.";"kúxibakua poko";"";"";""
"";"Kuxibisa";"Fazer chupar, calar | Impor silêncio a.";"kuxibisa môna";"";"";""
"";"Kuxiialala";"Estar afásico: ter a voz rouca.";"rîzui ri axîialala";"";"";""
"";"Kuxiialala";"Estar ceboroso.";"maku m' axilalala";"";"";""
"";"Kuxiialesa";"Ensebar | Fazer enrouquecer (a voz). | Tornar fanhoso.";"kuxiialesa rîzui";"";"";""
"";"Kúxika";"e intr. Soar; tocar; tanger. | Tirar sons.";"kúxika ngúnga";"";"";""
"";"Kúxika";"e intr. Soar; tocar; tanger. | Tirar sons.";"kúxikamarimba";"";"";""
"";"Kúxika";"Assobiar.";"kúxikamupiópio";"";"";""
"";"Kuxikika";"Fazer sentar.";"kuxikika ímbia bu jiku";"";"";""
"";"Kuxikina";"nome de certo tecido de algodão que muito se usou em Luanda.";"kuxikina ku' ambundu";"";"";""
"";"Kuxikinika";"Crer; ter fé.";"kuxikinika o mulonga ua Nzambi";"";"";""
"";"Kuxikinisa";"Fazer assentar, depositar as impurezas no fundo do vaso.";"kuxikinisa menha mu ritari";"";"";""
"";"Kúxikisa";"Fazer soar, tocar ou tanger instrumentos músicos.";"kúxikisa kisanji";"";"";""
"";"Kúxikisa";"Fazer dobrar ou repicar (sinos)";"kúxikisa jingunga";"";"";""
"";"Kuxikuka";"Ter síncope mortal. Finar-se sem dar tempo para nada.";"u zuela, u xikuxa";"";"";""
"";"Kúxila";"Respeitar; evitar. Não molestar; tratar com indulgência.";"muari'a-kimi, mu kuzuela, a mu xila";"";"";""
"";"Kúxila";"Mergulhar (para apanhar o caurim).";"kúxila injimbu";"";"";""
"";"Kuxilúka";"Diz-se dos surdos que recuperam o sentido da audição.";"muzilu u axiluka";"";"";""
"";"Kuximana";"Gabar; louvar; bendizer. Enobrecer.";"kuximana Nzambi";"";"";""
"";"Kúximba";"Derribar, cortar paus.";"kúximba mixi mu mbole";"";"";""
"";"Kuximbaxata";"Ter firmeza, apoiar-se, fazer finca-pé. Tornar-se forte.";"u ambata o Kimbamba u ximbaxata";"";"";""
"";"Kuximbika";"Varar; fazer singrar uma embarcação à vara.";"kuximbika ulungu";"";"";""
"";"Kuximbúka";"Ficar engrossado, condensado.";"mênha m'aximbuka";"";"";""
"";"Kuximbúla";"Condensar.";"kuximbúla muzonge";"";"";""
"";"Kuxína";"Esvurmar, apertar.";"kuxína rimbu";"";"";""
"";"Kuxína";"Fazer sair, (espremendo)";"kuxína utilua";"";"";""
"";"Kuxína";"Meter-se em apertos.";"kuxína xina";"";"";""
"";"Kúxinda";"Ser dotado.";"kieneki a ngi vinda Ngunza";"";"";""
"";"Kúxinda";"Tracejar; riscar.";"kúxinda mixiriri";"";"";""
"";"Kuxinduila";"Encaminhar.";"kuxinduila njila";"";"";""
"";"Kuxingila";"Chamar, invocar espíritos | Ficar ou estar magnetisado.";"kuxingila mukulu";"";"";""
"";"Kuxingirisa";"Magnetizar; fazer evocar os espíritos dos mortos. | Pôr sob a influência do magnetismo.";"ilundu";"";"";""
"";"Kuxingula";"Imprecar males sobre; rogar pragas contra | Deitar maldição a; maldizer de.";"ngi mu xinguila katé ki asaluka";"";"";""
"";"Kuxinina";"Apertar; oprimir | Exercer forte pressão sobre.";"u a mu xinina boxi";"";"";""
"";"Kuxinjikila";"Ensinar o caminho | Despedir quem não tornamos a ver.";"kimbi";"";"";""
"";"Kuxinuna";"Arregalar | Espantar.";"mesu u a ma xinuna";"";"";""
"";"Kúxisa";"Friccionar levemente; untar. | Encerar.";"kúxisa naémbu";"";"";""
"";"Kúxita";"Tapar; vedar.";"kúxita njíia";"";"";""
"";"Kúxita";"Rolhar.";"kúxita mnkúri";"";"";""
"";"Kúxita";"Obstruir a entrada ou saída de.";"kúxita rizungu";"";"";""
"";"Kúxita";"Cercar; pôr tapume.";"kúxita lúmbu";"";"";""
"";"Kuxitirila";"Amparar; vedar; resguardar. | Não deixar passar, ver. | Defender.";"kuxitirila mulenge";"";"";""
"";"Kuxitununa";"Desintupir. | Desobstruir.";"kuxitununa mubebu";"";"";""
"";"Kuxitunuxa";"Ficar desobstruído, livre (para deixar passar ou circular)";"matui m'axitunuka";"";"";""
"";"Kuxiulula";"Alisar. Descascar; despelar; tirar as fibras de.";"kuxiulula mutoto";"";"";""
"";"Kuxixima";"Desventura; infelicidade. | Infortúnio.";"o u axixima, kuxixima kue uenda-naku";"";"";""
"";"Kuxobota";"Chuchar (sem nada absorver)";"kuxobota ku mulewbu";"";"";""
"";"Kuxokóla";"Palitar.";"kuxokóla maju";"";"";""
"";"Kuxokóla";"Extrair parasitas.";"kuxokóla riulndu";"";"";""
"";"Kuxokolóla";"Palitar.";"kuxokolóla mu maju";"";"";""
"";"Kuxolóla";"Deitar pingos em.";"kuxolóla tumaji mu'mbia";"";"";""
"";"Kuxómba";"Tramar; enganar.";"kuxómba makutu";"";"";""
"";"Kuxomona";"Esfolar; escaldar; tirar a derme.";"kuxomona kangulu";"";"";""
"";"Kuxóna";"Estrabar.";"kuxóna miria ia hombo";"";"";""
"";"Kuyukisa";"Endireitar; corrigir; dar melhor direção a.";"kuiukisa njila";"";"";""
"";"Kuyukisa";"Aprumar, acertar; alinhar.";"kuiukisa múxi";"";"";""
"";"Kuzabalála";"Estar largo, lasso, bambo.";"mukolo u azabalala";"";"";""
"";"Kuzabujula";"Lançar ao chão muitas vezes.";"o kiama u a ki zabujula boxi";"";"";""
"";"Kuzabuka";"Ter as bochechas inchadas.";"matama m'a mu zabuka";"";"";""
"";"Kuzabula";"Empapuçar.";"kuzabula matama";"";"";""
"";"Kuzabula";"Estatelar.";"u a mu zabula boxi";"";"";""
"";"Kuzakula";"Arrepanhar.";"kuzakula milele";"";"";""
"";"Kuzála";"Desdobrar; estender.";"kuzála rixisa";"";"";""
"";"Kuzála";"Kurizála, e r. Espraiar-se; transbordar; inundar as margens (falando de rios)";"nzenza u arizale";"";"";""
"";"Kuzalela";"Estender (roupa, esteira, etc.) para.";"kuzalela mukombe";"";"";""
"";"Kuzalula";"Recolher o que está estendido.";"kuzalula ngandala";"";"";""
"";"Kuzámba";"Presentear.";"kuzámba rilemba";"";"";""
"";"Kuzambéla";"Exortar.";"kuzambéla mdkulu";"";"";""
"";"Kuzambéla";"Cobrir de palha.";"kuzambéla inzo";"";"";""
"";"Kuzamesa";"Mandar aproximar, abordar, atracar. Fazer abeirar.";"kuzamesa ulunugu";"";"";""
"";"Kuzánga";"Estragar.";"kuzánga mênha";"";"";""
"";"Kuzánga";"Esbanjar; desperdiçar.";"kuzánga xitari";"";"";""
"";"Kuzangama";"Estar estragado, perdido.";"mona u azangama";"";"";""
"";"Kuzangatela";"Estar a brincar com.";"kuzangatela íma ia ngene";"";"";""
"";"Kuzangina";"Atormentar.";"jindele j'a mu zangina";"";"";""
"";"Kuzanguisa";"Mandar levantar; erguer do chão.";"kuzanguisamuhamba";"";"";""
"";"Kuzanguisa";"Mandar levantar; erguer do chão.";"kuzanguisa muhamba";"";"";""
"";"Kuzanguka";"Decampar.";"kifuxi ki azanguka bu kilombo";"";"";""
"";"Kuzanujuka";"Estar esfarrapado, roto.";"milele i a mu zanujuka";"";"";""
"";"Kuzánza";"Tirar (às ocultas) comida da panela.";"kuzánza émbia bu jiku";"";"";""
"";"Kuzanzala";"Andar levemente sobre (como o caranguejo)";"zanzala, zanzala, uendelu ua hala";"";"";""
"";"Kuzanzala";"Sentir arrepios.";"mukutu uala ku ngi zanzala";"";"";""
"";"Kuzanzumuka";"Liquescer; ficar derretido.";"mâji m' azanzumuka";"";"";""
"";"Kuzaúka";"rio)";"kuzaúkamulji";"";"";""
"";"Kuzéka";"Arregaçar; fardar | Adornar (alguém) de vestes especiais.";"kuzéka kifánda";"";"";""
"";"Kuzekesa";"Fazer deitar, dormir.";"kuzekesamôna";"";"";""
"";"Kúzela";"Estar claro, desanuviado.";"kuma ku azele";"";"";""
"";"Kúzela";"Estar purificado, limpo (de consciência)";"ku muxima ku azele";"";"";""
"";"Kúzemba";"Kurizemba, e r. Inimizar-se; odiar-se. | Aborrecer-se.";"kúzemba kua ngongo ni hása";"";"";""
"";"Kuzemeka";"Arrimar.";"kuzemeka muhamba";"";"";""
"";"Kuzénga";"Manejar; brandir.";"kuzénga njangu";"";"";""
"";"Kuzénga";"Agitar para arremessar (ao longe)";"kuzénga ritari";"";"";""
"";"Kuzengela";"Brandir para.";"ng'a mu zengela hunha";"";"";""
"";"Kuzénza";"Conduzir em ar de procissão.";"kuzénza jinzambi";"";"";""
"";"Kuzenzamena";"Pender para; estar dependurado. Estar inclinado, suspenso sobre.";"io talela Sumbi, uná zenzamena kalunga";"";"";""
"";"Kuzenzeta";"Trazer suspenso, pendente. Pendurar (na mão).";"kuzenzeta muzuiri ua jimbiji";"";"";""
"";"Kuzezuka";"Ficar tonto, atoleimado.";"u azezuka ni maluvum'âne";"";"";""
"";"Kuzoboka";"Ficar logrado, ludibriado; parvoejar; ficar pateta.";"u axala u azoboka";"";"";""
"";"Kuzokela";"Questionar por. Tomar interesse por.";"kuzokela o hata bu fundu. kurimuea unga mba";"";"";""
"";"Kuzónga";"Pesar; medir. | Calcular; avaliar.";"kuzónga fuba";"";"";""
"";"Kuzónga";"Pesar; medir. | Calcular; avaliar.";"kuzónga mulele";"";"";""
"";"Kúzonga";"Ter muita fundura. | Estar muito cavado.";"kixima ki azongo";"";"";""
"";"Kúzonga";"Urrar; bramir. | Gritar; berrar (no sentido prop. e fig.)";"kúzonga kua hole";"";"";""
"";"Kuzonzola";"Andar devagar; caminhar lentamente.";"boba bua kulenga, boba bua kuzonzola";"";"";""
"";"Kuzóza";"Aliviar (o laço); folgar; alargar.";"kuzóza mukolo";"";"";""
"";"Kuzóza";"Finar-se; expirar; morrer.";"kuzóza muénhu";"";"";""
"";"Kuzúaza";"Escoar; fazer escorrer.";"kuzúazamenha ma funji";"";"";""
"";"Kuzúaza";"Kurizunza, e r. Pingar; escorrer aos poucos.";"u alakuzúazakala nzeke ia mungua";"";"";""
"";"Kuzubha";"Acabar.";"ng'akalakala, ng'asuba";"";"";""
"";"Kuzuikila";"Amolar, afiar por meio de | Aguçar para.";"kuzuikila poko bu ribdia";"";"";""
"";"Kuzuila";"Encambar; espichar | Enfiar; ensartar | Engarrafar.";"kuzuila mbiji";"";"";""
"";"Kuzuila";"Encambar; espichar | Enfiar; ensartar | Engarrafar.";"kuzuila misanga";"";"";""
"";"Kuzuila";"Encambar; espichar | Enfiar; ensartar | Engarrafar.";"kuzuila maluvu mu mbinda";"";"";""
"";"Kuzúka";"Estar furado, estragado pela broca.";"masa m'azúku";"";"";""
"";"Kúzuka";"Pilar, esboroar (substâncias húmidas ou meio secas) | Descascar por meio de trituração.";"kúzuka fuba";"";"";""
"";"Kúzuka";"Pilar, esboroar (substâncias húmidas ou meio secas) | Descascar por meio de trituração.";"kúzuka mása";"";"";""
"";"Kuzukama";"Vizinhar; estar à pouca distância, perto. | Ser vizinho, estar próximo de. | Habitar nas proximidades.";"mutu u banda mulundu u a kuzukama";"";"";""
"";"Kuzukumuka";"Ficar furado, desrolhado. | Irromper; verter com violência.";"kitutu ki azukumuka";"";"";""
"";"Kuzukumuna";"Furar; sacar; romper. | Desrolhar; tirar.";"kuzukumuna salala ia fuba";"";"";""
"";"Kuzukuta";"Devastar; executar; tirar; penhorar.";"ima ioso a mu zukuta-naiu";"";"";""
"";"Kuzuluka";"Deslizar; resvalar. | Escorregar; sair.";"lubambu lu a mu zuluka mu tongi ja inama";"";"";""
"";"Kuzulumuka";"Estar em decadência; dar ares de cansaço | Resvalar, decair, ir-se abaixo.";"polo i a mu zulumuka";"";"";""
"";"Kuzulumuna";"Desenfiar. | Despojar; despir.";"kuzulumuna jingondo";"";"";""
"";"Kuzumbúla";"Mandar interromper o trabalho (na hora do descanso ou no fim do dia)";"kuzumbúla abika";"";"";""
"";"Kuzumina";"Roncar, rosnar por. | Resfolegar; respirar em. | É tb. r.";"u ala-mu tulu";"";"";""
"";"Kuzúna";"Derriçar; descarnar; arrancar aos bocados.";"mutu a mu zuna ku imbungu";"";"";""
"";"Kuzúna";"Descarnar aos poucos. Arrancar com os dentes muitas vezes.";"kuzúnazúna";"";"";""
"";"Kuzundalala";"Ser de aspeto triste. Estar adoentado. Diz-se das aves quando se mostram encapotadas.";"sanji i azundalala";"";"";""
"";"Kuzungila";"Visitar; assistir. Prestar auxílio a.";"ng'endele mukuzungilaháxi";"";"";""
"";"Kuzunzumuna";"Escorropicher; esvaziar; ultimar. Comprar o último bocado; levar os restos de.";"u azunzumuna, u dria";"";"";""
"";"Kuzutumuna";"Derriçar. Exemplo.";"kuzutumuna ni máju ni iála";"";"";""
"";"Kúzuza";"Assar.";"kúzuza mbiji";"";"";""
"";"Kúzuza";"Defumar; curar.";"kúzuza xitu";"";"";""
"";"Kúzuza";"Grelhar; torrar.";"kúzuza mbólo";"";"";""
"";"Kúzuza";"Comunicar calor a.";"kúzuza rimbu";"";"";""
"";"Kuzwata";"Trajar; abilhar; vestir.";"kuzuata milele";"";"";""
"";"Kuzwata";"Calçar.";"kuzuata ikoto";"";"";""
"";"Kuzwata";"Fardar-se.";"kuzuata úfunu";"";"";""
"";"Kuzwelela";"Falar por. | Expressar-se em. | Ditar.";"kuzuelela mu kizunu";"";"";""
"";"Kuzwelela";"Falar por. | Expressar-se em. | Ditar.";"kuzuelela mu putu";"";"";""
"";"Kuzwika";"Amolar; desembotar. | Afiar.";"kuzuika mukuálu";"";"";""
"";"Kwa";"e pron. poss. pl. Deles; delas.";"kuria kua";"";"";""
"";"Kwa";"prep. de, para, a, por.";"ng'atundu kua ndandu ie";"";"";""
"";"Kwa";"prep. de, para, a, por.";"ng'abiti kua mon' é";"";"";""
"";"Kwa";"Com eles; da parte deles.";"eme ng'atundu o kua";"";"";""
"";"Kwaluka";"Tomar conta; ter cautela, cuidado.";"aluka o imbamba la ngene";"";"";""
"";"Kwaluka";"Vigiar; guardar.";"aluka mukuenu";"";"";""
"";"Kwaluka";"Kurialuka, v. r. Guardar-se, cuidar-se; acautelar-se. | Reogaurdar-se; premunir-se.";"rialuke";"";"";""
"";"Kwamba";"Exprimir por meio de escrito, de sinais.";"o ribubu u ambe kiebi?";"";"";""
"";"Kwamba";"Alegar; afirmar; referir; expor.";"ele u a ki ambe, u biluluka ringi?";"";"";""
"";"Kwamba";"Censurar; falar mal de.";"u amba muxuenu n' eie ue";"";"";""
"";"Kwamba";"Kuríamba, v. r. Afirmar-se; chamar-se, referir-se. | Censurar-se, falar de si. | Declarar-se; exprimir-se.";"k'ariambe, muene u riambela";"";"";""
"";"Kwambata";"Levar.";"kuambatakimbamba bu mutue";"";"";""
"";"Kwambata";"Carregar; levar consigo; ter em ou dentro de si.";"kinda ki ambata makanha";"";"";""
"";"Kwambata";"Tomar; encaminhar-se; dirigir-se.";"u ambata o njila ii";"";"";""
"";"Kwambata";"Adotar.";"ng'ambata rijina ria nduka";"";"";""
"";"Kwambatela";"Levar, transportar, conduzir (algo) pertencente a outrem.";"ng'a mu ambatela kitari";"";"";""
"";"Kwambatela";"Levar, conduzir de uma só vez.";"kuambatelaku";"";"";""
"";"Kwambatela";"Ser fornido, bem constituído.";"kilumba ki ariambatela";"";"";""
"";"Kwambela";"Avisar; fazer saber. | Transmitir. | Dizer, | Fazer chegar ao conhecimento de.";"ng'a mu ambela kuma ki k'aiê-ku";"";"";""
"";"Kwami";"(contr. da prep. kuá e pron. eme). Meu; minha. | Pertencente à minha pessoa. | loc. adj. A mim; comigo. | Para mim.";"o kuri 'oko kuâmi";"";"";""
"";"Kwami";"(contr. da prep. kuá e pron. eme). Meu; minha. | Pertencente à minha pessoa. | loc. adj. A mim; comigo. | Para mim.";"ueza o kuâmi";"";"";""
"";"Kwamwisa";"Dar de mamar a. | Aleitar; amamentar.";"kuamuisa mona";"";"";""
"";"Kwebhi";"Em que parte ou lugar?";"u ai kuêbi?";"";"";""
"";"Kwebhi";"Em que parte ou lugar?";"u aikuêbi";"";"";""
"";"Kwebhi";"A, para ou até onde?";"o imbanbe i ala kuêbi?";"";"";""
"";"Kwebhi";"A, para ou até onde?";"o imbanbe i alakuêbi";"";"";""
"";"Kweha";"Deixar.";"cha-kiu";"";"";""
"";"Kweha";"Soltar das mãos.";"mu' ehe";"";"";""
"";"Kwehela";"Autorizar; permitir.";"ng'ehele ngi zuele";"";"";""
"";"Kwehela";"Kuriehela, e r. Tolerar; consentir. | Dar largueza (por vezes); deixar passar. | Permitir-se; pôr-se à vontade.";"ki ku mu'ehelele kulanduka";"";"";""
"";"Kwelela";"Condimentar; temperar. | Fazer acompanhar de conduto qualquer alimento.";"o kizaka a ki elela ni funji";"";"";""
"";"Kwelela";"Kurielela, v. r. Rir-se; escarnecer.";"mukuenu u aribale k' u mu elele";"";"";""
"";"Kwema";"Fabricar vinho. | Vinhatar.";"kuema maluvu";"";"";""
"";"Kwendela";"Andar de. | Percorrer; ir por.";"kuendela mu uânda";"";"";""
"";"Kwengi";"Outra; outro; distinto.";"kúria –";"";"";""
"";"Kwenu";"De vós.";"o ku lenga kuenu ki ku asoko'ê ni kua";"";"";""
"";"Kwenu";"Convosco; de vossa parte.";"Nzambi akale o kuenu";"";"";""
"";"Kwenu";"De vós próprios; de mais ninguém.";"kuenu enu";"";"";""
"";"Kwetu";"e pron. poss. (contr. da prep. kua e do pron. pess. etu). Nossa; nosso.";"o kúria kuetu ku atolo";"";"";""
"";"Kwetu";"De nossa parte; do país em que nascemos.";"ku –";"";"";""
"";"Kwetu";"De ou para nós.";"êza o kuetu";"";"";""
"";"Kwetu";"adv. e pron. poss. pl. Propriamente nossa, nosso.";"kuetuetu";"";"";""
"";"Kwibhula";"Perguntar.";"mu kuenda, u ibúla";"";"";""
"";"Kwijila";"Chegar, vir por via de.";"kuijila mu ulungu";"";"";""
"";"Kwijila";"Caminhar por.";"kuijila bulu";"";"";""
"";"Kwijila";"Chegar de repente.";"kuijila bu";"";"";""
"";"Kwikuta";"Estar repleto; ter o estômago cheio.";"uíri, u a ikuta";"";"";""
"";"Kwila";"Imaginar; supor.";"eme ngi mu tla kuma mutu ua mbote";"";"";""
"";"Kwimika";"Espetar; fazer parar; pôr em pé | Colocar em posição vertical.";"kuimika mûxi";"";"";""
"";"Kwimina";"Negar.";"u ang' imina o mulele ua kuzuat'i";"";"";""
"";"Kwimina";"Recusar (alguma coisa) a.";"ki u imina kamba, mbua u a ki ria";"";"";""
"";"Kwimita";"Conceber; ficar prenhe.";"kuimita hebu";"";"";""
"";"Kwinga";"Exercer vigilância sobre.";"kuínga jinjila";"";"";""
"";"Kwinyi";"adj. Duodécimo | Doze.";"kuínhi ni kiari";"";"";""
"";"Kwinyi";"adj. card. e ordin. Décimo oitavo.";"kuínhi ni nake";"";"";""
"";"Kwinyi";"adj. num. Décimo sexto.";"kuínhi ni samanu";"";"";""
"";"Kwinyi";"adj. num. Dezassete | sub. O número 17.";"kuínhi ni sambuari";"";"";""
"";"Kwinyi";"adj. Décimo terceiro.";"kuínhi ni tatu";"";"";""
"";"Kwinyi";"adj. card. Catorze. | Décimo quarto.";"kuínhi ni uâna";"";"";""
"";"Kwinyi";"adj. num. Décimo nono.";"kuínhi ni vuá";"";"";""
"";"Kwivwa";"Sentir.";"ng'ala kuivua mâzui";"";"";""
"";"Kwixana";"e intr. Nomear; chamar.";"kuixana mutu mu rijina";"";"";""
"";"Kwizala";"Estar ou ficar cheio, saturado, aborrecido; maka m'a. Atestar; saturar; encher. | Enriquecer.";"maka m'a …";"";"";""
"";"Kwoha";"Assar; tostar.";"kuóha mbômbo";"";"";""
"";"Kwoha";"Abrasar; incinerar; queimar.";"kuóha iângu";"";"";""
"";"Kwongeka";"Juntar por aglomeração:";"kuongeka alu";"";"";""
"";"Kwongeka";"Acumular; fazer monte:";"kuongeka iângu";"";"";""
"";"Kwoso";"Em qualquer parte, em lugar indeterminado.";"udê kuoso";"";"";""
"";"Kwoso";"Em qualquer parte, em lugar indeterminado.";"kuoso kuoso";"";"";""
"";"Kwota";"Aquecer-se (ao sol):";"kuota luânha";"";"";""
"";"Kwota";"Aquecer-se; chegar-se ao lume:";"kuota tubia";"";"";""
"";"Kwoza";"Ralar (pau ou raiz para ser reduzido a pó):";"kuóza muxi ua hula";"";"";""
"";"Kyabu";"Em seguida. Depois. Logo a seguir. Em tempo posterior. Mais tarde.";"uéza kiábu";"";"";""
"";"Kyala";"Unha.";"kiâla kia mulembu";"";"";""
"";"Kyala";"Garra.";"kiâla kia hoji";"";"";""
"";"Kyala";"A parte do martelo oposta à cabeça.";"kiâla kia nzundu";"";"";""
"";"Kyala";"Tenaz ou pé dos caranguejos.";"kiâla kia hala";"";"";""
"";"Kyala";"Planta família das citamináceas (musa paradisiaca). Bananeira e seu fruto.";"kiâla kia'ngo";"";"";""
"";"Kyama";"Ser vivo. Animal; bicho.";"kiáma kia muzxitu";"";"";""
"";"Kyama";"Fera.";"a mu lenga kala kiáma";"";"";""
"";"Kyama";"Asno; cavalgadura.";"u atulama ku kiáma";"";"";""
"";"Kyambe";"O que se disse ou diz.";"kiêne kiámbe";"";"";""
"";"Kyambe";"Dito; promessa.";"kumbirila o kiámbe";"";"";""
"";"Kyami";"e pron. poss. (contr. da prep. kia e pron. eme). Minha; meu.";"kima kiâmi";"";"";""
"";"Kyami";"De mim.";"o kibunga kiâmi ki akuka";"";"";""
"";"Kyami";"O meu.";"ngi bane o kiâmi";"";"";""
"";"Kyanda";"Neptuno.";"kianda kia menha";"";"";""
"";"Kyanda";"Ser sobrenatural que preside o império dos mares e dos rios, montanhas e bosques.";"mulundu ua kianda";"";"";""
"";"Kyanda";"Há de.";"o kiama kianda kufua; o kialu kianda kuburika";"";"";""
"";"Kyasu";"Pouco seguro; fora de mão.";"u a ngi kala kiâsu";"";"";""
"";"Kyasu";"A mão, o lado esquerdo. | Canha. | O que está do lado oposto ao direito.";"ku kiâsu";"";"";""
"";"Kyebhi";"interrog. De que modo. Como.";"ubangakiêbi";"";"";""
"";"Kyela";"o tabuleiro em que ele se pratica.";"Musete uakiela";"";"";""
"";"Kyene";"Também indica surpresa, admiração: Ai sim!? Será verdade? É isso possível? Ora essa.";"manhikiêne?";"";"";""
"";"Kyene";"Também indica surpresa, admiração: Ai sim!? Será verdade? É isso possível? Ora essa.";"manhikiêne";"";"";""
"";"Kyene";"loc. adv. É assim mesmo; exatamente assim. Ao certo.";"kiênemuene";"";"";""
"";"Kyene";"Assim; desta maneira. Do mesmo modo.";"kiêne'eki";"";"";""
"";"Kyene";"adj. Essa ou esse mesmo.";"o ki mbamba kiékiêne";"";"";""
"";"Kyene";"adj. Essa ou esse mesmo.";"kiêne 'okio";"";"";""
"";"Kyene";"Então; desde esse momento.";"tundekiêne";"";"";""
"";"Kyene";"Assim; dessa maneira. Isso mesmo.";"u kalakalakiêne";"";"";""
"";"Kyengi";"Diferente.";"kima kiêngi";"";"";""
"";"Kyengi";"Diverso; distinto.";"kikumba kiêngi";"";"";""
"";"Kyenu";"De vós.";"kiki kiriri kienu";"";"";""
"";"Kyenu";"Pertencente às vossas pessoas.";"o kijing'eki kienu ue";"";"";""
"";"Kyenu";"Propriamente vosso.";"kienu enu";"";"";""
"";"Kyetu";"Nosso; nossa.";"kietu ki kuvu'ê, kisangela ki uenj'ê";"";"";""
"";"Kyetu";"Propriamente nosso; das nossas pessoas.";"kietu etu";"";"";""
"";"Kyonene";"Grande. | O que é grandioso, de tamanho maior. | Em ponto grande. (Melhor escrever kia unene). Pl. iônene. (ou ia unene)";"kima kiônene";"";"";""
"";"Kyoso";"e pron. indef. Todo; toda. | Tudo. | Inteiro; completo.";"kioso u iza naxiu";"";"";""
"";"Kyoso";"e pron. indef. Todo; toda. | Tudo. | Inteiro; completo.";"xinama kioso xi ábi";"";"";""
"";"Kyoso";"Consoante; conforme. | Pl. ioso.";"abange kioso ki amono";"";"";""
"";"Kyoso";"adj. e pron. demonstr. Tudo isto. | Todo o objeto.";"kioso 'éxi";"";"";""
"";"Kyoso";"Neste meio tempo; adv. Enquanto; entretanto.";"kioso 'éki muene k'éz'é luua, ie bixila";"";"";""
"";"Kyoso";"A matroca; a esmo. | De qualquer maneira; sem ordem.";"kioso Kioso";"";"";""
"";"Kyoso";"Um (entre muitos sem escolha). | Qualquer.";"ngi beKele kíma kioso kioso";"";"";""
"";"Kyu";"Lhe. | A ele: a vós.";"ua kibingi a muba kiu";"";"";""
"";"La";"Quando, como.";"u eri la éie";"";"";""
"";"La";"Enquanto a.";"la io";"";"";""
"";"Labuákata";"Diz-se da entrada de alguém em um recinto sem prévio aviso ou licença.";"u éri ngo labuákata";"";"";""
"";"Laxa";"Cara; face (de uma pessoa)";"a a mu'i mu laxa";"";"";""
"";"Leba";"Que não tem festo; de pouca largura.";"Buta leba";"";"";""
"";"Lekete";"Impertinente.";"lekete la maxa";"";"";""
"";"Léku";"Diz-se do disparo do acanhão visto de longe; kiluminu ki êri «ndum». Fogacho.";"ritenda ri êri léku";"";"";""
"";"Lele";"Palavra sufixa para minusculisar ou superlativar certos subst. ou adj.";"ndênge ia dengelele";"";"";""
"";"Lele";"Palavra sufixa para minusculisar ou superlativar certos subst. ou adj.";"kota ria kotelele";"";"";""
"";"Lêlu";"Hoje. Atualmente.";"mu kizuua kia lêlu";"";"";""
"";"Lêlu";"Hoje. Atualmente.";"mu kizuua kialêlu";"";"";""
"";"Lêlu";"sem demora. Logo a seguir.";"lêlu ria lêlu";"";"";""
"";"Lêlu";"sem demora. Logo a seguir.";"lêluria lêlu";"";"";""
"";"Léza";"Idiota; pateta; sem sagacidade. Diz-se do falar arrastado de um paralítico.";"mona u ala léza";"";"";""
"";"Lokoso";"Salgado.";"mbiji i alúlu lokoso";"";"";""
"";"Lólo";"pron. demonstr. Esse; essa.";"o lubambulólolu abúlu";"";"";""
"";"Lôndo";"Bronze; cobre.";"kitari kialôndo";"";"";""
"";"Lu";"Prefixo concordante dos nomes da cl. VI.";"lukuaku – ato loka";"";"";""
"";"Luánda";"É também adj.";"kubeka luánda ku Luuanda";"";"";""
"";"Lúanda";"(VI) Alfândega. | O que uma pessoa paga ao Suserano pelo exercício do seu comércio, indústria, arte ou ofício. | Juro., adj. e sub. Aduaneiro; publicano. | De Luanda., Isento; livre; desobrigado | Que não paga impostos.";"kufuta –";"";"";""
"";"Lúanda";"(VI) Alfândega. | O que uma pessoa paga ao Suserano pelo exercício do seu comércio, indústria, arte ou ofício. | Juro., adj. e sub. Aduaneiro; publicano. | De Luanda., Isento; livre; desobrigado | Que não paga impostos.";"Mukua–";"";"";""
"";"Lúanda";"(VI) Alfândega. | O que uma pessoa paga ao Suserano pelo exercício do seu comércio, indústria, arte ou ofício. | Juro., adj. e sub. Aduaneiro; publicano. | De Luanda., Isento; livre; desobrigado | Que não paga impostos.";"Muxi –";"";"";""
"";"Lúanda";"Cidade fundada por Paulo Dias de Novais, capital e sede da prov. de Angola, gov., arcebisp. Serv. de Mar., 59 m. de alt., 8º 48' 47"" Lat. S e 13º 13' Long. E., 60.198 hab. Era, em épocas recuadas, conforme tradição, conhecido por Luanda o lugar onde é hoje o campo dos desportos, aos Coqueiros, em que se cobravam os impostos de exportação do caurim | Alfândega.";"mulúanda";"";"";""
"";"Luânya";"O sol, seu brilho ou calor.";"luânha lu âtu";"";"";""
"";"Luânya";"Os ígneos raios que o sol nos envia.";"tunda buluânha";"";"";""
"";"Lúbe";"Destino | Sentença | Decisão final de um juiz ou tribunal.";"lúbe lua Kalunga";"";"";""
"";"Lubhaku";"Foro; tributo; renda.";"kufuta lubaku";"";"";""
"";"Lubhambu";"Grilhão; corrente.";"a mu te bulúbambu";"";"";""
"";"Lubhambu";"adj. e sub. Prisioneiro; presidiário.";"Mukua lúbambu";"";"";""
"";"Lubilu";"Viramento; variação; muda. | Ação de volver. | Inversão; troca. | Mudança (de opinião, de posição, de partido).";"lubilu a suku";"";"";""
"";"Lubilu";"Viramento; variação; muda. | Ação de volver. | Inversão; troca. | Mudança (de opinião, de posição, de partido).";"lubilu bilu";"";"";""
"";"Lubitu";"Local de trânsito; passagem: — lua Kinzenza. | Portagem.";"lubitu lua kinzenza";"";"";""
"";"Lubitu";"Local de trânsito; passagem: — lua Kinzenza. | Portagem.";"kufuta lubitu";"";"";""
"";"Lubundu";"Detrimento; prejuízo; dano: uênjí ua. —";"uênjí ua lubundu";"";"";""
"";"Lúbungu";"Egoísmo | Sentimento de exclusão das coisas ou pessoas estranhas.";"Mukua lúbungu";"";"";""
"";"Lue";"e pron. poss. (contr. da prep. lua e do pron. pess. muene). Seu, sua (dele)";"o lumuenu";"";"";""
"";"Lue";"Pertencente à sua pessoa.";"luelu afuuela";"";"";""
"";"Lue";"propriamente dele.";"luemuene";"";"";""
"";"Luê";"(contr. da prep. lua e do pron. pess. ele). Teu; tua | Da tua pessoa.";"o lukuaku luê lu afunata";"";"";""
"";"Luêngi";"(VI) Diferente. | Diverso; distinto; não o mesmo. | Pl. mêngi.";"lumingu luêngi";"";"";""
"";"Luhalakaka";"(VI) Carácter de pessoa sôfrega. | Ganância. | Avidez., adj. Ganancioso; que não se farta.";"Mukua luhalakaka";"";"";""
"";"Lúhama";"Centésimo; cem vezes.";"u atange lúhama";"";"";""
"";"Luiari";"Duas vezes. | Bis; repetido.";"u êza luiari";"";"";""
"";"Lújiji";"Obrigação.";"lújiji lua mona ni mam'á";"";"";""
"";"Lukeji";"Aluguer.";"inzo ia lukeji";"";"";""
"";"Lukeji";"adj. e sub. Locatário.";"Mukua lukeji";"";"";""
"";"Lukombo";"Compra de negócio por atacado.";"uênji ua lukombo";"";"";""
"";"Lukombo";"adj. e sub. Que exerce comércio por atacado | Cambolador.";"Mukua lukombo";"";"";""
"";"Lúku";"Eleuzine: sesele kuiuhi, bu nguile kuiùhi, ixixi ie ki i mu bue.";"kalukenze ka mona lúku";"";"";""
"";"Lukula";"Tacula.";"ngi banda muxi, ngi banda lukula";"";"";""
"";"Lúlu";"Este; esta:";"o lubambu lúlu lu atatumuka";"";"";""
"";"Lúma";"adj. e sub. Rancoroso; invejoso. Dotado de maus sentimentos.";"Mulualúma";"";"";""
"";"Lúmbi";"Inveja.";"ki abange mukuenu banga-kiu, lúmbi lua muxima lu aiba";"";"";""
"";"Lúmbi";"Desgosto pelo bem alheio.";"ki amona mesu ki akuata lúmbi";"";"";""
"";"Lúmbi";"Ambição., adj. e sub. Invejoso. Que tem ou revela ambição.";"Mukualúmbi";"";"";""
"";"Lúmbu";"Muro; vedação; parede.";"lúmbu lua imbanbe";"";"";""
"";"Lúmbu";"Casa principal ou de residência do patrão e sua família.";"ng'endele ku lúmbu";"";"";""
"";"Lumoxi";"Uma vez.";"u arimuka u rizlumoxi";"";"";""
"";"Lumoxi";"Único.";"ngoji i bitalumoxi";"";"";""
"";"Lunake";"Oitavo; oito vezes.";"u tanga lunake";"";"";""
"";"Lúnda";"O oriente. | As regiões que demoram por esse lado.";"ku lúnda";"";"";""
"";"Lúnda";"Orto; começo; princípio.";"mu lúndai à zanga";"";"";""
"";"Luó";"Muito amargo.";"mu kanu mu a ng'eri luó";"";"";""
"";"Lusamanu";"Seis, sexta vez. Que é 6 vezes maior.";"u ài lusamanu";"";"";""
"";"Lúsolo";"Urgente.";"u ai lúsolo";"";"";""
"";"Lusuámu";"adj. e sub. Ocultista.";"Mukua lusuámu";"";"";""
"";"Lutanu";"Cinco vezes. Quinto.";"u abiluxa lutanu";"";"";""
"";"Lutulungungu";"Avidez; ância. Carácter de pessoa sófrega.";"lutulungungu lua kúrta";"";"";""
"";"Lutulungungu";"adj. e sub. Ávido; sófrego. Que têm ância.";"lutulungungu lua kitari";"";"";""
"";"Lutulungungu";"adj. e sub. Ávido; sófrego. Que têm ância.";"Mukua lutulungungu";"";"";""
"";"Luua";"Ainda; não. Antes; por enquanto. Até agora.";"Kí Kez'é luua";"";"";""
"";"Luua";"Ainda; não. Antes; por enquanto. Até agora.";"Ki luua";"";"";""
"";"Lúvetu";"Revenda.";"uê-nji ualúvetu";"";"";""
"";"Luwana";"Quatro ou quarta vez. Quádruplo. sub. Quantidade ou número quadruplicado.";"io u ambata luuâna";"";"";""
"";"Luwana";"Quatro ou quarta vez. Quádruplo. sub. Quantidade ou número quadruplicado.";"kutanga luuâna";"";"";""
"";"Luwana";"mero quadruplicado.";"kutangaluuâna";"";"";""
"";"Lwa";"De.";"lúmbu luá iangu";"";"";""
"";"Lwa";"Contr. da prep. e art. o, a.";"lumuenu – kuku";"";"";""
"";"Lwa";"e pron. poss. Delas; deles. | Pertencentes às suas pessoas.";"o luá lu aburika";"";"";""
"";"Lwenu";"e pron. pess. pl. (contr. da prep. lua e do pron. pess. enu) Vós; vossa | De vós; pertencente às vossas pessoas.";"o lumbi luenu lu bangesa atu kusaluka";"";"";""
"";"Lwenu";"propriamente vosso.";"luenu enu";"";"";""
"";"Lwenu";"propriamente vosso.";"luenuenu";"";"";""
"";"Lwetu";"adj. e pron. poss. pl. Nosso; nossa. | Das nossas pessoas.";"o lusuamu luetu lu atungunuka";"";"";""
"";"Lwetu";"—etu De nós próprios";"luetu etu";"";"";""
"";"Lwiji";"O ponto cardeal oposto ao norte.";"ku luîji";"";"";""
"";"Lwimbi";"adj. e sub. Ambicioso; miserável.";"Mukua luimbi";"";"";""
"";"Lwoso";"Todo; completo; inteiro.";"lubongo luoso lu uta nduka";"";"";""
"";"Lwoso";"Em peso; todo ele. | Completamente.";"luoso muene";"";"";""
"";"Ma";"De: maju — ngãndu; mêsu — hima, e estabelece relação de matéria.";"maju ma ngãndu";"";"";""
"";"Ma";"De: maju — ngãndu; mêsu — hima, e estabelece relação de matéria.";"mêsu ma hima";"";"";""
"";"Ma";"De: maju — ngãndu; mêsu — hima, e estabelece relação de matéria.";"a ma bunge ni tjuba";"";"";""
"";"Ma";"e pron. poss. pl. Deles; delas: o makanha — m'auba.";"o makanha ma m'auba";"";"";""
"";"Ma";"Das suas pessoas: o matubî'ama — ene.";"o matubî'ama ma ene";"";"";""
"";"Ma";"Que: o matenda, — bangesa kulueza o xitu. | Cujos.";"o matenda, ma bangesa kulueza o xitu";"";"";""
"";"Má";"Dação; ato de dar, kand kuila ngi ku bana.";"kota u angamte má";"";"";""
"";"Mabakala";"Uma das ciências de espiritismo.";"kilundu kia mabakala";"";"";""
"";"Mábala";"adj. Que têm entradas.";"Akua mábala";"";"";""
"";"Mabalanganga";"Pedrês.";"sanji ia mabalanganga";"";"";""
"";"Mabéla";"Certo tecido de algodão muito em voga.";"milele ia mabéla";"";"";""
"";"Mabhebhu";"Imprecar; maldizer.";"Kuta màbebu";"";"";""
"";"Mabhute";"adj. Chaguento; coberto de feridas.";"Maxua mábute";"";"";""
"";"Mábilu";"adj. Volúvel; versátil; incerto. Que não tem opinião firme.";"Mukua mábilu";"";"";""
"";"Mabínga";"Póstumo.";"mona ua mabínga";"";"";""
"";"Mabuinyi";"Falta parcial de dentes.";"poko i ala ni–";"";"";""
"";"Mabuinyi";"adj";"Muxua mabuinhi";"";"";""
"";"Mabuinyi";"adj. pl. Os desdentados.";"Akuu mabuinhi";"";"";""
"";"Mabukúfa";"Intrujices. | Ato de intrujão.";"kurta–";"";"";""
"";"Mabulungundu";"Nome genérico de pequenos corpos arredondados de qualquer substância. | Torrões; grãos.";"mabulungundu ma farinha";"";"";""
"";"Mábunda";"Trouxas. | Embrulhos; fardos.";"mábunda ma udnga";"";"";""
"";"Mâfu";"Folhada. | Erva seca reduzida a pó.";"mâfu ma mungenge";"";"";""
"";"Mâfu";"Folhada. | Erva seca reduzida a pó.";"mâfuma hóji";"";"";""
"";"Mâfu";"Nome pelo qual é também conhecido o muhondongolo.";"mâfu ma hóji";"";"";""
"";"Máfunda";"Profundezas. Distância da frente ao lado oposto. Profundidade que se supõe insondável e tenebrosa. Abismo. Despenhadeiro; voragem; pélago. Tudo quanto excede o que de si é excessivo. fig. Mistério.";"mbenji i ai kumáfunda";"";"";""
"";"Máfunda";"Profundezas. Distância da frente ao lado oposto. Profundidade que se supõe insondável e tenebrosa. Abismo. Despenhadeiro; voragem; pélago. Tudo quanto excede o que de si é excessivo. fig. Mistério.";"máfunda ma Kalúngà";"";"";""
"";"Maháha";"Gargalhar.";"Kuta maháha";"";"";""
"";"Máhamba";"Espíritos malfazejos. Génios; deuses do paganismo.";"Kuxingila máhamba";"";"";""
"";"Máhata";"Diz-se da maneira de se assentar cruzando as pernas.";"kuxikamamáhata";"";"";""
"";"Mahézu";"Palavra com que se finaliza um discurso, palestra, conto, notícia. loc. adv. «Tenho dito»";"Kurikunda mahézu";"";"";""
"";"Maia";"Continuamente; a todo o momento | Sempre eles; sem interrupção.";"ariamaia";"";"";""
"";"Maia";"Continuamente; a todo o momento | Sempre eles; sem interrupção.";"ènemaia";"";"";""
"";"Máiari";"(IV) seguido de preposição concordante. Dois.";"makoko máiari";"";"";""
"";"Máiari";"(IV) seguido de preposição concordante. Dois.";"makokomáiari";"";"";""
"";"Maie";"(de afirmação, anuência, consentimento)";"ndê maie";"";"";""
"";"Maie";"Francamente; livremente.";"u zuclajinga maie";"";"";""
"";"Maie";"sempre ele.";"Muène maie";"";"";""
"";"Maie";"Embora.";"muêne u ejile maie";"";"";""
"";"Maiski";"Ovos.";"maiski ma uguari";"";"";""
"";"Maiundu";"A parte ou lugares que ficam no aro de uma povoação, vila ou cidade.";"u ai kumaiundu";"";"";""
"";"Maiundu";"O que mora fora da cidade.";"Mukua maiundu";"";"";""
"";"Mâji";"Almécega.";"mâji ma mutonji";"";"";""
"";"Mâji";"Azeitar; olear; untar.";"Kuta mâji";"";"";""
"";"Májina";"Ultrajes; injúrias.";"Kuixana májina";"";"";""
"";"Máju";"Dentes.";"máju ma'mbua";"";"";""
"";"Máju";"Fio; gume. Aguçadura.";"máju ma poxo";"";"";""
"";"Máju";"Dental. Dentário.";"kirimbu kia máju";"";"";""
"";"Máju";"Dentar; morder.";"Kuta máju";"";"";""
"";"Máka";"Falas; ditos.";"nguámi máka";"";"";""
"";"Máka";"Questões; pendências.";"kutanga kubeka máka";"";"";""
"";"Máka";"Assunto; os dizeres de uma carta.";"mu mukanda mu ejila máka";"";"";""
"";"Máka";"Cavaquear; conversar.";"Kuta máka";"";"";""
"";"Máka";"loc. interj. Culpa tua. É lá contigo.";"máka mé";"";"";""
"";"Mákala";"Quantidade de carvão.";"mákala ma múbe";"";"";""
"";"Mákala";"adj. e sub. Carvoeiro. Mulher que vende carvão.";"Mukua mákala";"";"";""
"";"Makalanga";"Lagartos: a mu kaia ni ita la matende.";"a mu kauiriia ni ita ia makalanga";"";"";""
"";"Makamukua";"Outros; diferentes.";"ngi bekele o matari makamukua";"";"";""
"";"Mákanda";"Pegadas.";"mákanda ma kiáma";"";"";""
"";"Makandánda";"Posição de quem se deita de costas.";"kúzeka makandánda";"";"";""
"";"Mákanga";"adj. Longínquo; distante; remoto.";"atu amákanga";"";"";""
"";"Mákanga";"adj. Longínquo; distante; remoto.";"Ima iamákanga";"";"";""
"";"Mákanya";"Erva santa.";"-ma kubuakula";"";"";""
"";"Mákanya";"Rapé.";"mákanhama kufenha";"";"";""
"";"Mákanza";"fig. Festas; danças.";"kukinamákanza";"";"";""
"";"Mákela";"A época da vindima (da época) fabricado.";"agi ku fúta mu mákela O primeiro vinho";"";"";""
"";"Mákela";"A festa da vindima.";"kukina mákela";"";"";""
"";"Mákela";"Diz-se da bebida que tem depositadas no fundo as fezes que contém.";"mákelama uálua";"";"";""
"";"Mákela";"Diz-se da bebida que tem depositadas no fundo as fezes que contém.";"mákelama nzombo";"";"";""
"";"Makélu";"Bordas. Beirada.";"u endela ku makélu";"";"";""
"";"Makirikiri";"Correria.";"Kulengamakirikiri";"";"";""
"";"Makirikiri";"Rapidez (no andar ou no correr)";"kuiamakirikiri";"";"";""
"";"Mákita";"Eolo; Deus da fúria, dos ventos.";"Ndalamákita";"";"";""
"";"Mákixi";"Monstros fabulosos de muitas cabeças. | Hidras. | fig. Canibais.";"musoso uamákixi";"";"";""
"";"Mákobo";"Órbitas. | Covinhas.";"mákobo ma mesu";"";"";""
"";"Makólo";"Colinas; vales. | Encostas.";"makólo ma mulundu";"";"";""
"";"Makolôlo";"Escória; ralé. | Os resíduos do fundo da panela.";"makolôlo ma' mbia";"";"";""
"";"Makolombolo";"Conjunto de galos. | O último quartel da noite. | A hora de cantar os galos.";"mumakolombolo";"";"";""
"";"Makongolo";"Carvões acesos (sem chama). | Brasas. | Estado de incandescência, de fogo vivo. | Braseiro.";"makongolo ma tubia";"";"";""
"";"Makoteka";"Doença das aves.";"sanji i ala ni makoteka";"";"";""
"";"Makotola";"Embuste.";"kúria makotola";"";"";""
"";"Mákoue";"O canto da galinha quando põe o ovo.";"kutá mákoue";"";"";""
"";"Makóza";"Andrajos; trapos velhos.";"kurizakela makóza";"";"";""
"";"Máku";"Braços; mãos. fig. Menstruação.";"u ai bu máku";"";"";""
"";"Makúlu";"Proctite.";"uhaxi ua makúlu";"";"";""
"";"Mákulu";"Avoengos; antepassados. A sombra dos mortos.";"ibula o mákulu ni makómbo";"";"";""
"";"Mákulu";"Avoengos; antepassados. A sombra dos mortos.";"kutelekela mákulu";"";"";""
"";"Makulúsu";"pert. Cruzes. Certo tecido de algodão estampado em cruz.";"milele ia makulúsu";"";"";""
"";"Makúmbu";"Diz-se das mandiocas, rizomas ou tubérculos conservados na terra por tempo além do necessário. Caducidade.";"iringu ia makúmbu";"";"";""
"";"Makúmbu";"Conjunto de gansos.";"makúmbu xumbu";"";"";""
"";"Mákutu";"Enganar; falsear; mentir.";"Kuta mákutu";"";"";""
"";"Mákutu";"Dizer mentiras.";"Kuzuela mákutu";"";"";""
"";"Mákutu";"adj. e sub. Mentiroso; falsário.";"Mukua mákutu";"";"";""
"";"Makuxi";"Quanto? Que número ou quantidade: malenge--? | adv. interrogativo. Que tempo.";"malenge --?";"";"";""
"";"Makuxi";"Quanto? Que número ou quantidade: malenge--? | adv. interrogativo. Que tempo.";"maxunbi --?";"";"";""
"";"Makuzoka";"Disputas; contendas | Desentendimentos.";"makuzoka ma makumbi a izuua, pala'nhi?";"";"";""
"";"Mála";"Homens; varões | Cavalheiros.";"mindele ia mála";"";"";""
"";"Mála";"Barriga; ventre.";"u Kata mu mála muéne u fula o xitu";"";"";""
"";"Malámba";"Tritulações; agonias. | Humilhações; desgraças.";"kubita jipaxi; kutanga-";"";"";""
"";"Malangonzo";"que traduz surpresa, desespero: ch! homens de Deus!";"enu-a kitanda";"";"";""
"";"Malangonzo";"Chamamento de socorro.";"ngi zokelel'enu malangonzo";"";"";""
"";"Malebhu";"adj. e sub. Injuriador.";"Mukua málebu";"";"";""
"";"Málenda";"a ngandu, sub. Rio fabuloso, abundante em serpentes e crocodilos. O rio dos infernos, peixe letal deste rio.";"kimtiji kia málenda a ngandu";"";"";""
"";"Málenge";"Córregos; ravinas.";"mu málenge ma kifangondo";"";"";""
"";"Malésu";"Lenços; certo tecido de algodão.";"milele ia malésu";"";"";""
"";"Malôndo";"Narrações antigas de acontecimentos ou façanhas históricas. Gestas. Heroicidades.";"kutanga malôndo";"";"";""
"";"Malúnga";"Instrumentos sonoros por meio dos quais se invocam certos espíritos.";"muzambu ua malúnga";"";"";""
"";"Malusalu";"Maluquices; loucuras.";"malusalu ma mu kuata";"";"";""
"";"Máluva";"Malva.";"máfu mamáluva";"";"";""
"";"Malúvu";"Planta medicinal.";"malúvu a kanzuá";"";"";""
"";"Mam'enu";"(contr. do adj. máma e do pron. pess. pl. enu) Tua ou vossa mãe. Pl. ji-mama-jenu.";"mam'enu mukua Kongo";"";"";""
"";"Mámbu";"Doutrina; orações; rezas.";"kutangamámbu";"";"";""
"";"Mámbu";"Salmos; hinos sacros.";"mámbu ma Nzambi";"";"";""
"";"Mâmi";"(contr. da prep. ma e do pron. pess. ese). Meus; minha. De mim; pertencente à minha pessoa.";"matarimâmim'avulu";"";"";""
"";"Mâmi";"propriamente meus.";"mâmi eme";"";"";""
"";"Maná";"adj. e pron. dem. n-tr. pl. (IV) Aqueles; aquelas. Designa objetos que estão afastados das pessoas que falam.";"mautamanám'akuka";"";"";""
"";"Mandinga";"Superstição; preconceitos. | Presságio que se tira de acidentes e circunstâncias meramente fortuitas.";"kimbanda kiamandinga";"";"";""
"";"Mandinga";"Que é dominado pela superstição.";"Mukuamandinga";"";"";""
"";"Mangênge";"Boto";"ng'ala nlmangêngeua maju";"";"";""
"";"Mangongena";"Ditos supersticiosos que alguém profere contra si.";"mangongena m'aria o mutu";"";"";""
"";"Mangonya";"e intr. Fingir; ter manha.";"Kuria mangonha";"";"";""
"";"Mangonya";"Mandriar.";"Kubanga mangonha";"";"";""
"";"Mangonya";"adj. e sub. Manhoso; astuto; cheio de malícia.";"Mukua mangonha";"";"";""
"";"Manongo";"Inspirações; conselhos.";"kubanamanongo";"";"";""
"";"Manyânyu";"Passos. Encalço; rasto; pista. Vestígios; pegadas";"kutanga manhânhu";"";"";""
"";"Manyânyu";"Passos. Encalço; rasto; pista. Vestígios; pegadas";"kulânda manhânhu";"";"";""
"";"Manyânyu";"Passos. Encalço; rasto; pista. Vestígios; pegadas";"kubatesa manhânhu";"";"";""
"";"Manyenge";"Sentimento manifestado pelo choro. Desgostos; tristezas, mágoas.";"hurilamanhenge";"";"";""
"";"Manyí";"Então; pois; acaso; porventura.";"manhío ki u abange ki auaba?";"";"";""
"";"Manyí";"Então; pois; acaso; porventura.";"manhío ki u abange ki auaba";"";"";""
"";"Mânyi";"interrog. pl. Quais.";"makamânhi?";"";"";""
"";"Mânyi";"interrog. pl. Quais.";"makamânhi";"";"";""
"";"Manzu";"Quarto interior para dormir.";"mumanzuia ribanga";"";"";""
"";"Manzuela";"Sons de campainhas.";"uânda ni manzuela";"";"";""
"";"Mápapi";"adj. Sarapintado; manchado.";"Mukua mápapi";"";"";""
"";"Marilu";"A mão ou lado direito.";"ku marilu";"";"";""
"";"Marimba";"Música.";"kuxikamarimba";"";"";""
"";"Marimbinza";"Alturas.";"marimbinza ma riúlu";"";"";""
"";"Marinzenzu";"(IV) Prestes a cair.";"u ala marinzenzu";"";"";""
"";"Mariuánu";"Admiração; assombro; pasmo | Maravilha. | Impressão forte causada por cousa inesperada. | Cousa que excede toda a ponderação.";"mbua k'axik'ê mu: piópio mu ngóngo, mariuánu";"";"";""
"";"Mása";"milho branco, grosso, vulgar.";"mása ma kíndele";"";"";""
"";"Mása";"milhete, sorgo, trigo; milho miúdo.";"mása ma mbala ou mása 'a-mbala";"";"";""
"";"Mása";"alpiste, massango, (pennisetum typhoideum)";"mása ma iângu, ou mása iangu";"";"";""
"";"Mása";"Milheiral; seara.";"mulénga ua mása";"";"";""
"";"Masamanu";"(precedido de sub.) Seis.";"mále masamanu";"";"";""
"";"Masambisámbi";"(IX) Mostras de alienação mental. | Indícios de loucura., adj. e sub. Que tem indícios de alienação mental. | Que não está em seu perfeito juízo.";"u endele mu ulaji k'akamb'ê masambisámbi";"";"";""
"";"Masambisámbi";"(IX) Mostras de alienação mental. | Indícios de loucura., adj. e sub. Que tem indícios de alienação mental. | Que não está em seu perfeito juízo.";"Mukua masambisámbi";"";"";""
"";"Masanganu";"Confluência; foz. Lugar onde dois rios se juntam num só.";"masanganu ma Lukala ni Kuanza";"";"";""
"";"Masémba";"Umbigadas (na dança)";"kukina masémba";"";"";""
"";"Masémba";"Umbigadas (na dança)";"kukinamasémba";"";"";""
"";"Masokwelu";"Estado de pessoa caduca.";"ku masokuelu ma mivu";"";"";""
"";"Masomboxela";"Salteado; espaçado; entremeado. | sub. pl. Lavor bordado. | Renda ou outro adorno lavrado. | Entremeio., Bordar; guarnecer. | Entremear.";"kubanga masomboxela";"";"";""
"";"Masomboxela";"Salteado; espaçado; entremeado. | sub. pl. Lavor bordado. | Renda ou outro adorno lavrado. | Entremeio., Bordar; guarnecer. | Entremear.";"rilesu ria masomboxela";"";"";""
"";"Masomboxela";"Salteado; espaçado; entremeado. | sub. pl. Lavor bordado. | Renda ou outro adorno lavrado. | Entremeio., Bordar; guarnecer. | Entremear.";"musuiku ua masomboxela";"";"";""
"";"Masomboxela";"Salteado; espaçado; entremeado. | sub. pl. Lavor bordado. | Renda ou outro adorno lavrado. | Entremeio., Bordar; guarnecer. | Entremear.";"kubangamasomboxela";"";"";""
"";"Masomboxela";"Salteado; espaçado; entremeado. | sub. pl. Lavor bordado. | Renda ou outro adorno lavrado. | Entremeio., Bordar; guarnecer. | Entremear.";"rilesu riamasomboxela";"";"";""
"";"Masomboxela";"Salteado; espaçado; entremeado. | sub. pl. Lavor bordado. | Renda ou outro adorno lavrado. | Entremeio., Bordar; guarnecer. | Entremear.";"Kutungamasomboxela";"";"";""
"";"Masomboxela";"Salteado; espaçado; entremeado. | sub. pl. Lavor bordado. | Renda ou outro adorno lavrado. | Entremeio., Bordar; guarnecer. | Entremear.";"musuiku uamasomboxela";"";"";""
"";"Masôxi";"Lágrimas.";"tuta ria nvula ri avula mênha, polo ia mulóji i avnia masôxi";"";"";""
"";"Mâsu";"Pov. na área do antigo conc. de Duque de Bragança, circ. civ. de Ambaca, distr. e prov. de Malange.";"mâsu'angongo";"";"";""
"";"Másunga";"Prudência.";"másunga kota, uanga ndenge";"";"";""
"";"Másunga";"adj. e sub. Cauteloso; prudente.";"Mukua másunga";"";"";""
"";"Masungilu";"Começo da noite. Horas em que as pessoas ainda estão acordadas.";"mu masungilu";"";"";""
"";"Matakanu";"Por aí; algures.";"ng'arimuena-ne mu matakanu ma jinjila";"";"";""
"";"Matakanu";"Partes pudendas.";"u angi kuata ku matakanu";"";"";""
"";"Mataku";"Fundo.";"mataku ma' mbia";"";"";""
"";"Mataku";"Assento; poiso.";"mataku ma mubári";"";"";""
"";"Mataku";"Imposto camarário cobrado nos mercados pelo lugar ocupado pelas quitandeiras.";"kufuta mataku";"";"";""
"";"Mátala";"Fazer cálculos; imaginar (sair-se de um embaraço)";"Kuta mátala";"";"";""
"";"Matangelu";"Informações; ditos; boato.";"maka mamatangelu";"";"";""
"";"Matari";"Pedregal; pedreira.";"mulundu ua matari";"";"";""
"";"Matari";"Granizo.";"nvuia ia matari";"";"";""
"";"Matatu";"Três.";"matemumatatu";"";"";""
"";"Máteba";"Família de plantas cicadáceas (hyphaena guineensis), vulgarmente conhecidas por matbeiras, e de cujas folhas (palmas) se fazem cordas, abanos, vassouras, etc.. | Ráfia; sua plantação.";"mikolo ia máteba";"";"";""
"";"Matélu";"Projetos.";"mbende ia ngariama i avulamatélu";"";"";""
"";"Mátete";"Papas. | O que é inconsistente, mole ou aguado., papas de farinha de mandioca. | ma kindele, papas de farinha de milho., papas de milho grosso cozido. | ma kisasa uisu, farinha mal cozida em água quente, que se dá aos doentes debilitados.";"mátete ma mbombo";"";"";""
"";"Mátete";"Papas. | O que é inconsistente, mole ou aguado., papas de farinha de mandioca. | ma kindele, papas de farinha de milho., papas de milho grosso cozido. | ma kisasa uisu, farinha mal cozida em água quente, que se dá aos doentes debilitados.";"mátetema masa";"";"";""
"";"Mathe";"Erva espinhosa fam. das amarantáceas (Alternanthera amoena) de propriedades tintoriais.";"mâte ma ngómbe";"";"";""
"";"Mathe";"— ma udua.";"mâte ma udua";"";"";""
"";"Mathe";"e intr. Espuir; salivar; cuspir.";"Kuta mâte";"";"";""
"";"Mathe";"adj. e sub. (I) Cuspidor.";"Mute'amâte";"";"";""
"";"Matirimbimbi";"Estardalhaço; arruído; ostentação de forças.";"Kubanga matirimbimbi";"";"";""
"";"Mátote";"Os restos mortais; as cinzas.";"mátote ma kalúnga";"";"";""
"";"Mátuba";"Alegrias.";"mátuba ma mbúri";"";"";""
"";"Matúmba";"Ocasional; fortuito.";"xíma kia matúmba";"";"";""
"";"Matúmbu";"Montículos.";"kúbanga matúmbu";"";"";""
"";"Mátunda";"Fino; decente Ilustre; perfeito.";"mo-n'ami ua mbote, ua mátunda!";"";"";""
"";"Mátunda";"Fino; decente Ilustre; perfeito.";"ua mátunda! Ilustre";"";"";""
"";"Mátwi";"bot. V. ximba.";"mátui ma ximba";"";"";""
"";"Mauánga";"Drogas ou filtros de feiticeiro. | Feitiços.";"êza ni mauángama";"";"";""
"";"Maukurilu";"Os tempos em que se cresce. | Desenvolvimento progressivo (em altura, intensidade ou volume). | Crescimento.";"ku maukurilu ki ku eni'ê ku maukukilu";"";"";""
"";"Maúlu";"Céus.";"Tal'etu u ala ku maúlu";"";"";""
"";"Maúlu";"Ó Céus!";"maúlu' ami'ê";"";"";""
"";"Maúlu";"Paraíso. Olimpo.";"Nzambi u abande ku maúlu";"";"";""
"";"Mauuisu";"Aspetos verdes dos vegetais. Desejos. | Incorreções de principiante.";"mauuisu ma musolongo";"";"";""
"";"Mauzuelelu";"Ditos. | Maneiras de falar, de exprimir.";"mauzuelelu m'a kuiba";"";"";""
"";"Mavunzu";"Turvação. | Lia de líquidos. | Pouca clareza. | fig. Reminiscências.";"u oncle k'akamb'ê mavunzu";"";"";""
"";"Màxaka";"Sujidades; nódoas excrementícias. Esterco; imundícies.";"Ku mbunda Ku a mu izala màxaka";"";"";""
"";"Maxikululu";"Maus olhares.";"Kituka, maxikululu me m'angil'ami Kima";"";"";""
"";"Máxinji";"Intenção; desígnio.";"ng'ala kuta máxinji ua kubinga kitari";"";"";""
"";"Maxokolólo";"Confins.";"Ku maxokolólo ma Luanda";"";"";""
"";"Mazámba";"A copa das árvores.";"o hima u tonoke na ku mazámba";"";"";""
"";"Mazariná";"— ku, Trasante-ontem.";"Mazariná ku";"";"";""
"";"Mázembu";"Rancores, (ó lios do túmulo, quando se não morre)";"mázembu ma Kalunga, mutu k'arifile";"";"";""
"";"Mazófe";"O seu grasnar.";"o mazundu m'alónga o mazófe kurila";"";"";""
"";"Mazúmbila";"Visões; espectros; sombras.";"nguami mazúmbila bu muélu";"";"";""
"";"Mázungu";"Buracos; furos | Saídas.";"mázungu ma ngulu";"";"";""
"";"Mázwi";"Reparos, | Exprobação; censuras.";"kuta mazui";"";"";""
"";"Mba";"Conjunção que indica alternativa: ou.";"mba Kiébi, anga kiébi, manhi";"";"";""
"";"Mbáka";"Multidão; comitiva; povo; lugar onde habita ou reside muita gente.";"mbáka iêza";"";"";""
"";"Mbáka";"Multidão; comitiva; povo; lugar onde habita ou reside muita gente.";"Ku mbáka";"";"";""
"";"Mbáka";"natural ou habitante da cidade; cidadão.";"Mukua mbáka";"";"";""
"";"Mbakanyá";"Salobre; que sabe a sal.";"menha ma mbakanhá";"";"";""
"";"Mbâku";"Homem impotente; que não faz filhos; que não pode gerar ou procriar.";"riiala ria mbâku";"";"";""
"";"Mbâku";"diz-se do homem que teve mas já não pode ter filhos; agenesia posterior aos primeiros filhos.";"mbâku ia kavutu";"";"";""
"";"Mbakúsa";"Diz-se dos alimentos secos ou não cozinhados (farinha, milho torrado, coco, jinguba, etc.), que se comem crus; comida que não carece de ser cozinhada.";"kúria kua mbakúsa";"";"";""
"";"Mbalundu";"Território a E. da província de Benguela, a 1650 m de altitude.";"u ai ku Mbalundu";"";"";""
"";"Mbamba";"Junco. Vara comprida e delgada para fustigar. Vergôntea. Ramo delgado de árvore. Chibata.";"u álungu u ta Mbamba, k'at'ê poko";"";"";""
"";"Mbámba";"Mestre consumado. Exímio. Excelente; excelso; insigne. Sem rival. Sabido; como ninguém mais. Sabedor.";"unã Mbámba mu kukina";"";"";""
"";"Mbámba";"Pessoa que sobressai entre os da sua classe pelo seu saber. Sumidade.";"Mbámba mu kuzuela";"";"";""
"";"Mbambê";"Pouco menos de; quase; muito próximo a; perto; com pouca diferença; por pouco, por um triz; também; somente; apenas.";"mbambê mîvu itatu";"";"";""
"";"Mbambê";"Pouco menos de; quase; muito próximo a; perto; com pouca diferença; por pouco, por um triz; também; somente; apenas.";"mbambê kumbi riãi";"";"";""
"";"Mbambê";"Pouco menos de; quase; muito próximo a; perto; com pouca diferença; por pouco, por um triz; também; somente; apenas.";"bóba uiza mbambê usuku";"";"";""
"";"Mbambê";"Entretanto, no entanto; todavia.";"mbambê ngoloxi";"";"";""
"";"Mbambê";"Preposição indicativa de termo ou fim; até.";"ndê mbambê mungu";"";"";""
"";"Mbâmbe";"Que confina; extremenho; que está na extremadura; que está contíguo; adjacente; situado junto a outro; que tem adjacência; confinante; que está limítrofe.";"mbâmbe ia njilu";"";"";""
"";"Mbâmbe";"( ) Limitar; pôr limites a, demarcar, balizar; não passar além de.";"Kuta mbâmbe";"";"";""
"";"Mbambélu";"Parte lateral exterior da embarcação; costado; borda; lado; amurada; cada uma das peças laterais da cama.";"mbambélu ia uluagu";"";"";""
"";"Mbámbi";"( ) jinguba; amendoim.";"Mesu ma mbámbi (ou mesu a mbámbi)";"";"";""
"";"Mbámbi";"( ) jinguba; amendoim.";"Mesu ma mbámbi / mesu a mbámbi";"";"";""
"";"Mbámbi";"Vila, concelho e circunscrição civil de Cambambe.";"mu'a Hombo, ni mu'a mbámbi";"";"";""
"";"Mbâmbi";"Friagem; ar ou tempo frio; invernia; tempo frio e chuvoso; inverno; temperatura baixa; frio; humidade.";"kuma kuala mbâmbi";"";"";""
"";"Mbanda";"Preceito; mandamento; prescrição; indicações; licença; atos prescritos pela religião contra os supostos espíritos maus; regra.";"ng'a ku bana o mbanda ni kijila";"";"";""
"";"Mbandu";"Lado; parte; secção; metade; dimídio; cada uma das partes em que se divide um todo; quinhão; cada um dos quatro pontos cardeais; parte direita ou esquerda do corpo dos animais; flanco; direção; banda.";"mbandu ia polo";"";"";""
"";"Mbandu";"Lado; parte; secção; metade; dimídio; cada uma das partes em que se divide um todo; quinhão; cada um dos quatro pontos cardeais; parte direita ou esquerda do corpo dos animais; flanco; direção; banda.";"kala mutu ni mbandu ie";"";"";""
"";"Mbandu";"Lado; parte; secção; metade; dimídio; cada uma das partes em que se divide um todo; quinhão; cada um dos quatro pontos cardeais; parte direita ou esquerda do corpo dos animais; flanco; direção; banda.";"ku mbandu ia luíji";"";"";""
"";"Mbandu";"Lado; parte; secção; metade; dimídio; cada uma das partes em que se divide um todo; quinhão; cada um dos quatro pontos cardeais; parte direita ou esquerda do corpo dos animais; flanco; direção; banda.";"ku mbandu ia kiasu";"";"";""
"";"Mbandu";"Perto, próximo, junto de; à pouca distância; ao lado de; ao redor.";"bu mbandu ia ngiji";"";"";""
"";"Mbángi";"Testemunhar. Confirmar. Dar testemunho de. Atestar, afirmar. Declarar ter visto, ouvido ou conhecido.";"Kukala mbángi";"";"";""
"";"Mbángu";"Povoação e sobado na circunscrição civil do Golungo Alto, província e distrito de Luanda.";"makolongo m'ata kitari, makezu ma mbángu ma kúria ngo";"";"";""
"";"Mbangúla";"Ave trepadora da família das picídeas. Peto.";"sualala u aria mbangúla u abanda";"";"";""
"";"Mbangúla";"Mbangúla kubanda: ave da família das parídeas. Pica-pau (picaúço).";"mbangúla kubanda a mu kuata ku mbulungu";"";"";""
"";"Mbánji";"Parte extrema que fica à direita ou à esquerda da frente. Lado. Lugar ou espaço a partir de uma extremidade. Flanco.";"mbánji ia marilu";"";"";""
"";"Mbanjirilu";"Parte inferior. Sopé. Falda. Orla; base.";"mu mbanjirilu ia mulundu";"";"";""
"";"Mbanza";"Cidadela. Povoação onde reside o governo de nação, província, distrito ou concelho. Sede, capital. Residência do governador ou chefe.";"mu mbanza ia soba";"";"";""
"";"Mbánze";"Tempo de verão. Estio. A época do ano em que reina maior calor.";"luânha lua mbánze";"";"";""
"";"Mbarikila";"Diz-se do pequeno negócio que se vende à parte do principal.";"mbarikila ia uênji";"";"";""
"";"Mbáta";"Por causa de; por motivo de que; por que; visto que; logo, em vista disso; portanto; por consequência; devido a isso.";"o mbáta' nhi nti palu'nhi k'i uab'ê";"";"";""
"";"Mbâte";"Que tem em si a força de produzir muito; fecundo; que não é estéril; que produz muito; que tem muitos filhos (com pequenos intervalos).";"muhatu ua mbâte";"";"";""
"";"Mbe";"Que; o seguinte.";"ngila mbe u álungu";"";"";""
"";"Mbe";"Mas; porém.";"mbe eie rialuke";"";"";""
"";"Mbe";"Conjunção que designa posição: mas; ora; no caso de; logo; se; dando-se a circunstância de; por isso; se acaso, em vista disso, se porventura; por consequência; pois; ' ', ainda que, mesmo que.";"Nê mbe";"";"";""
"";"Mbe";"Conjunção que designa posição: mas; ora; no caso de; logo; se; dando-se a circunstância de; por isso; se acaso, em vista disso, se porventura; por consequência; pois; ' ', ainda que, mesmo que.";"'Nê mbe'";"";"";""
"";"Mbe";"No caso de | Logo | Se | Dando-se a circunstância de | Por isso | Se acaso; em vista disso; se porventura | Por consequência | Pois. | Nê —, ainda que; mesmo que.";"mbe ngiia, ngakaxalela";"";"";""
"";"Mbébu";"Para que.";"mbébu ejiie o kíri";"";"";""
"";"Mbeji";"O satélite da Terra; Lua.";"i arite mu kanga";"";"";""
"";"Mbeji";"Lua nova; a lua em conjunção com o sol.";"Mbeji ia ube";"";"";""
"";"Mbeji";"Lua cheia.";"Mbeji ia izala";"";"";""
"";"Mbeji";"Quarto minguante.";"Mbeji i ai ku mafundu";"";"";""
"";"Mbeji";"Quarto crescente; o crescente maometano.";"Mbeji i ai bu hóngo";"";"";""
"";"Mbêle";"Mukua-mbêle (adj. e sub.): familiar; pessoa íntima; caseiro, doméstico; da família; mordomo, feitor; factótum.";"Mukua mbêle";"";"";""
"";"Mbémba";"Ave de rapina acipitrídea; açor; ave que se alimenta de dendém.";"fuma i afumanena mbémba, mbémba k'azub'ê kilende";"";"";""
"";"Mbendu";"Utensílio de madeira com uma cova ao centro em que, posto na parte inferior do volume, cesto ou saco e junto à rodilha, o carregador finca o pau para mudar de posição (da cabeça para o ombro, ou vice-versa)";"o muhamba se u aneme u tatela o mbendu.";"";"";""
"";"Mbéndu";"Tocador de flauta; flautista; gaiteiro.";"muxiki a mbéndu";"";"";""
"";"Mbengela";"Pequeno saco de carvão contendo quantidade certa para vender";"mbengela ia makala";"";"";""
"";"Mbengu";"Campina; vale.";"ixi ia mbengu";"";"";""
"";"Mbengu";"Campina; vale.";"ku mbengu";"";"";""
"";"Mbenza";"Mbenza ni malunga: deuses que os indígenas consideram unidos; Castor e Pólux.";"mbenza ni malunga";"";"";""
"";"Mbéta";"Cabelo liso; cabelo corrido.";"ndemba ia mbéta";"";"";""
"";"Mbetekete";"Passagem estreita entre montes; desfiladeiro; sopé, base; o que serve de apoio, princípio, fundamento; parte inferior.";"bu mbetekete ia mulundu";"";"";""
"";"Mbiji";"Tudo que se pesca | Qualquer peixe, vendedeira de peixe | Peixeira.";"ioso i afu mu muzuua, mbiji";"";"";""
"";"Mbiji";"Tudo que se pesca | Qualquer peixe, vendedeira de peixe | Peixeira.";"Mukua mbiji";"";"";""
"";"Mbila";"Sepultura; túmulo; sepulcro; jazigo.";"u akola muxima u akola mbila";"";"";""
"";"Mbila";"Cova; lugar onde se sepulta um cadáver.";"kukauda mbila";"";"";""
"";"Mbila";"O fim da vida.";"o kunhoka sue kizuua u aka kusanga mu mbila";"";"";""
"";"Mbimbi";"Tom; modo de falar; sonido; som.";"nga mu ivila ku mbimbi ia kuzuela";"";"";""
"";"Mbinda";"Vasilha feita deste fruto para conter líquidos.";"mbinda ia ukulu i kita o ualua";"";"";""
"";"Mbinda";"Antigo nome da terra de Cabinda.";"a mu vualela mu'a mbinda; u ai ku'a mbinda";"";"";""
"";"Mbinga";"Cornicho.";"mbinga ia sexi";"";"";""
"";"Mbirikita";"Sarilho; azáfama; trabalho; lida; luta; natureza do que se apresenta difícil de obter, de vencer, de conseguir; o que dá muito trabalho.";"bu abiti mbirikita";"";"";""
"";"Mbôa";"Planta amarantácea anual, comestível; bredo; amaranto. Usa-se mais no plural (jimbóa).";"ki kata kasanga, mbôa u buingita maie";"";"";""
"";"Mbole";"mato à mistura; selva; mato abundante de caça; mato onde se vai caçar; a própria caça.";"u ai mu mbole";"";"";""
"";"Mbombo";"brando; mole; não duro; que cede à pressão.";"ku i ria mbombo, ku i lokola háki";"";"";""
"";"Mbombo";"( ) trapalhão; troca-tintas; hipócrita; pessoa que sustenta duas opiniões opostas, que diz e desdiz; trapaceiro; mentiroso.";"Mbombo ku mbori";"";"";""
"";"Mbômbo";"diz-se da mandioca enquanto está na água a amolecer.";"Mbômbo puba";"";"";""
"";"Mbômbo";"diz-se da mandioca enquanto está na água a amolecer.";"Mbômbo ia Kuanza";"";"";""
"";"Mbóndo";"robusta árvore esterculiácea, mais conhecida por «embondeiro» (Adansonia digitata); baobá; planta têxtil de fruta alimentícia; calabaceira.";"ki u tekela mulemba mbóndo mu bixike tumenha";"";"";""
"";"Mbóndo";"( ) género de plantas dicotiledóneas, família das esterculiáceas (Sterculia pubescens), de madeira própria para construções; estercúlia.";"Mbóndo ia mulende";"";"";""
"";"Mbónge";"Construção fortificada para defesa de cidades, vilas, etc.; fortaleza; obra de fortificação defendida por artilharia; forte.";"mbónge ia fundanga";"";"";""
"";"Mbongo";"Cada uma das partes que formam as hastes das plantas gramíneas.";"mbongo ia ritetele";"";"";""
"";"Mbongo";"Cada uma das partes da cana de açúcar.";"mbongo ia muênge";"";"";""
"";"Mbongo";"Espaço entre os nós de um caule; entrenó.";"mbongo ia rianga";"";"";""
"";"Mbongo";"Parte de um órgão distinta de outra ainda que seja a continuação desta; segmento.";"mbongo ia kinama";"";"";""
"";"Mbonja";"Jorro de água que sai com força de um repuxo; esguicho; volume de água atirado pela cauda do jacaré; espadana; saída impetuosa de qualquer líquido; jato; espadanada.";"mbonja ia mênha";"";"";""
"";"Mbôsa";"Bosta (esterco de boi)";"mbôsaia ngombe";"";"";""
"";"Mbote";"Ausência de doença ou de mal-estar; saúde; estado sanitário; salvação; sanidade.";"ngala mbote";"";"";""
"";"Mbote";"Ausência de doença ou de mal-estar; saúde; estado sanitário; salvação; sanidade.";"o mbote ia mukutu i auaba";"";"";""
"";"Mbote";"Bem-estar; o que é bom, lícito, recomendável; bem: kubanga o-ki kuviz'ê; bem que generosamente se faz a alguém; benefício; conveniência, utilidade, vantagem, interesse, proveito: ku a ku kala-iê; ganho, lucro.";"mboteia'nhi i ngi katula-ku?";"";"";""
"";"Mbote";"Bem-estar; o que é bom, lícito, recomendável; bem: kubanga o-ki kuviz'ê; bem que generosamente se faz a alguém; benefício; conveniência, utilidade, vantagem, interesse, proveito: ku a ku kala-iê; ganho, lucro.";"mboteia'nhi i ngi katula-ku";"";"";""
"";"Mbote";"Homem bom; homem de bem; (fig.) mercê, favor, bondade.";"mutu ua mbote";"";"";""
"";"Mbote";"Homem bom; homem de bem; (fig.) mercê, favor, bondade.";"mboteia muxima";"";"";""
"";"Mbote";"Bom (para a saúde); saudável; que goza de boa saúde; salutar.";"milongo'ei i banga mbote";"";"";""
"";"Mbote";"Bom (para a saúde); saudável; que goza de boa saúde; salutar.";"kima kia mbote";"";"";""
"";"Mbote";"Como é devido, como é conveniente; bem; de modo agradável; muito bem; admiravelmente; plenamente; belamente.";"kuzuela kia mbote";"";"";""
"";"Mbote";"Como é devido, como é conveniente; bem; de modo agradável; muito bem; admiravelmente; plenamente; belamente.";"kukala kia mbote";"";"";""
"";"Mboteka";": ter muitos filhos; proliferar; ter prole (em abundância)";"Kuvuala mboteka";"";"";""
"";"Mboto";"Pequenino tumor na pele | Botão | Mamilo | Flor antes de desabrochar.";"mukua mboto ku ritama";"";"";""
"";"Mbuánza";"Ordinário";"makanha ma mbuánza";"";"";""
"";"Mbuánza";"Confiança, familiaridade";"o mbuánza i en'ei i ang'ibil'ami";"";"";""
"";"Mbuáta";"Garrafa cheia de vinho ou outro líquido";"mbuáta ia maluvu";"";"";""
"";"Mbuémbue";"Adjetivo. Que borbulha; que está em murmuração ou dado a ela; borbulhante; murmurador; maldizente.";"mbuémbue ia maka";"";"";""
"";"Mbuémbue";"verbo intransitivo, murmurar.";"Kuzuela mbuémbue";"";"";""
"";"Mbuetete";"A dança ou música tocada neste instrumento.";"kukina mbuetete";"";"";""
"";"Mbui";"corografia. Região que constitui a área da circunscrição civil do Amboim, distrito do Cuanza-Sul, província de Benguela.";"ng'atundu ku mbui";"";"";""
"";"Mbúke";"Humidade fria da noite | Sereno | Orvalho; cacimbo. | Nevoeiro denso | Caligem | Neblina; geada; relento.";"kuma ku ala mbúke";"";"";""
"";"Mbulu";"Carnívoro do género «canis», de pelo cinzento, que bate com o assento no chão; chacal.: cão selvagem.";"mbulu 'a mbua";"";"";""
"";"Mbulu";"No último momento; no final; à última hora, à pressa; do pé para a mão; de repente; subitamente.";"ima ioso u i bangela ku mbulu";"";"";""
"";"Mbulu";"Improvisado; repentino; súbito; feito à pressa; fig. fome.";"ku mbulu";"";"";""
"";"Mbulungu";"Bebida feita de vegetais eméticos e venenosos que os selvagens bebem como prova de supersticiosa inocência sobre a acusação de feiticeiros que lhes é feita. Juramento";"kûnua mbulungu";"";"";""
"";"Mbúmba";"Mbúmba ia iala: planta herbácea, família das convolvuláceas (ipomaea deracea), de fruto comestível.";"mbúmba ia iala";"";"";""
"";"Mbúmba";"Mbúmba ia xole: planta herbácea, família das cucurbitáceas (trochomeria vitifolia), de raiz alimentícia e medicinal contra as anginas membranosas.";"mbúmba ia xole";"";"";""
"";"Mbumbi";"Bola.";"mbumbi ia mutoto";"";"";""
"";"Mbumbi";"Porção de qualquer substância feita em bola; sangue coalhado; posta.";"mbumbi ia manhinga";"";"";""
"";"Mbumbi";"Massa de farinha cozida ou frita; bolo; bola de farinha amassada.";"mbumbi ia funji";"";"";""
"";"Mbunda";"Orifício do reto; ânus; nádegas; traseiro; cu.";"ku mbunda";"";"";""
"";"Mbunda";"Retaguarda; rabo; pódice; assento; fundo.";"mbunda ia'mbia";"";"";""
"";"Mbunda";"Popa; couce; últimas fileiras.";"ku mbunda ia ulungu";"";"";""
"";"Mbunda";"Extremo. fig. Subúrbios; fim.";"ku mbunda ia Luanda";"";"";""
"";"Mbundu";"Choro; lágrimas; pranto.";"mbundu ia kurila";"";"";""
"";"Mbundu";"Ato de chorar; lamentação ruidosa; choradeira.";"kuta mbundu";"";"";""
"";"Mbúndu";"Cada uma das sementes de várias gramíneas, ou dos frutos que formam o cacho; grão; bago; pevide; semente.";"mbúndu ia risa";"";"";""
"";"Mbúndu";"Cada uma das sementes de várias gramíneas, ou dos frutos que formam o cacho; grão; bago; pevide; semente.";"mbúndu ia nguba";"";"";""
"";"Mbúndu";"Palito; pau de fósforo; pauzinho.";"mbúndu ia folójolo";"";"";""
"";"Mbúndu";"Objeto único; unidade; o número um.";"mbúndu imoxi";"";"";""
"";"Mbúndu";"Chuva miúda; gotas de humidade que se depositam durante a noite na superfície da terra.";"mvula i a ngi nokena mbúndu i a ngi suxina";"";"";""
"";"Mbúndu";"Chovisco; orvalho; saraiva.";"kuma ku kala mbúndu";"";"";""
"";"Mbungu";"Tubo; canudo; cilindro oco; porta-voz; buzina; som de trombeta; apito de vapor; tuba.";"mbungu ia ritetele";"";"";""
"";"Mbungu";"Tubo; canudo; cilindro oco; porta-voz; buzina; som de trombeta; apito de vapor; tuba.";"kuxika mbungu";"";"";""
"";"Mbungula";"um dos génios que preside a terra ou os seus tesouros | Génio que habita o ar | Silfo | Gnomo.";"mbungula hita";"";"";""
"";"Mbungula";"o génio da Morte | Mafarrico | Demônio | Satanás | Cada um dos anjos maus que estão às ordens de Satanás | Príncipe dos Infernos | fig. Pessoa travessa, feia e antipática | Homem de maus instintos.";"mbungula Kalunga";"";"";""
"";"Mbutu";"Parte da planta ou flor própria para a reprodução | Semente | Grão que se semeia | Germe; o que com o tempo há de produzir resultados.";"mbutu ia manhangua";"";"";""
"";"Mbutu";"Funções pelas quais um ser organizado produz outro da sua espécie | Geração | Procriação | Descendência | Tempo médio da duração da vida humana.";"mbutu ia Ngola";"";"";""
"";"Mbutu";"Raça | Gente | Nação.";"mbutu ia abika";"";"";""
"";"Mbutu";"Produção | Filiação.";"mbutu ia kateta";"";"";""
"";"Mbutu";"Variedade de uma espécie (animal ou vegetal) distinta por caracteres secundários | Casta | Género, natureza, qualidade: procriar.";"o ii mbutu iêngi";"";"";""
"";"Mbutu";"Variedade de uma espécie (animal ou vegetal) distinta por caracteres secundários | Casta | Género, natureza, qualidade: procriar.";"Kubanga mbutu";"";"";""
"";"Mbutu";"Semente lançada à terra | Sementeira.";"kuta mbutu boxi";"";"";""
"";"Mbwiji";"porco espinho | Plural: jimbuiji.";"mbuíji ia kisaka";"";"";""
"";"Me";"Dele; dela: o. Da sua pessoa.";"malumbu – m'alunduka";"";"";""
"";"Mé";"abrev. de mánhi. Tratamento dado às antigas escravas ou à mulher de condição servil.";"méManda; mé Ngalaxi; méNéxi";"";"";""
"";"Mê";"adj. poss. pl. (contr. da prep. ma e do pron. pess. ĕie) Teus; tuas. Pertencente à tua pessoa.";"o matubia – m'ajimi";"";"";""
"";"Méle";"Nome genérico de frutos de certas plantas (como os de mbamba uri-uri, os de muxixi, etc.). Cápsulas.";"méle ma'mbua";"";"";""
"";"Mêngi";"Outros; outras. Diferentes.";"Kuêza maulungumêngi";"";"";""
"";"Menu";"e pron. poss. pl. (contr. da prep. ma e do pron. pess. enu). Vossas; vossos. De vós.";"mauta menu m'alembua o kuloza";"";"";""
"";"Mésene";"Mecenas. Mestre; douto.";"mésene ia ufunyu";"";"";""
"";"Metu";"(contração da preposição ma e do pronome pessoal etu). Nossas; nossos. | Das nossas pessoas.";"maluvu - m'atexika";"";"";""
"";"Metu";"de nós, verdadeiramente nossos.";"metu etu";"";"";""
"";"Miâmia";"Remiges. | Guias (das aves). | As penas da cauda dos pássaros, Aguadeiras.";"miâmia ia holokoko";"";"";""
"";"Mífuma";"Grupo de plantas coluníferas que abrange as malváceas e as liliáceas. Árvores de madeira pouco rija de que se fazem as canoas e tambores. Terreno em que nascem mafumeiras.";"kubamuna mífuma ni mingéla";"";"";""
"";"Mihanzu";"adj. e sub.; Fanfarrão.";"Mukua mihanzu";"";"";""
"";"Mijéji";"Filamentos que saem da espiga da maçaroca. Barbas (de milho)";"mijéji la masa";"";"";""
"";"Míji";"Gerações. Graus de filiação. Raças; descendência. Famílias, parentela. Origens.";"kutanga míji";"";"";""
"";"Mikanda";"Cartas; papéis; escritos de qualquer natureza.";"kutanga mikanda";"";"";""
"";"Mikanda";"Conhecimentos adquiridos pela leitura.";"kuljla o mikanda ku auâba";"";"";""
"";"Mikasu";"Sobrancelhas. Supercílios.";"mikasu ia mêsu";"";"";""
"";"Mikolo";"cordas:- | Cabos.";"ia mateba";"";"";""
"";"Mikulu";"Espíritos dos antepassados.";"ia jikuku";"";"";""
"";"Mikumbi";"Cânticos; hinos.";"ia ngeleja";"";"";""
"";"Mikútu";"estado de gravidez.";"mikútu i iari";"";"";""
"";"Milári";"Listras; traços horizontais ou faixas de cor diferente nas penas ou pelos dos animais.";"Ku polo mixinda, ku rima milári";"";"";""
"";"Milele";"Antiga moeda de 15 réis, inicialmente representada por 5 paninhos de mabela.";"milele itunu";"";"";""
"";"Milenge";"Ares; ventos. | Correntes (de ar)";"milenge Za xalunga";"";"";""
"";"Milónga";"Contenções. Questões; demandas.";"ngi bekele kúria, k'u ngi'bekele milónga";"";"";""
"";"Milónga";"Contenções. Questões; demandas.";"kirik'enu o tuâna tuenu. tuana tu ngi bekela milónga";"";"";""
"";"Milongi";"Insinuações; conselhos Ensinamentos.";"Kubana milongi";"";"";""
"";"Milóngo";"Família de plantas miristicáceas (pynantus komibo), a que pertence a moscadeira.";"milóngo longo";"";"";""
"";"Milúmba";"O seu plantio.";"ixi ia milúmba";"";"";""
"";"Minangu";"Estadias; paragens; jornadas. | Etapas; fitos. | O que se passa em cada dia.";"balanga ri avula minangu";"";"";""
"";"Mindangála";"Pedras preciosas de cor verde. | Malaquite. | O colar destas pedras, usado como adorno.";"matari ma mindangála";"";"";""
"";"Míndele";"Brancos. Homens que se trajam e adotam hábitos europeus. | Civilizados; ilustrados; cultos.";"míndele la mala";"";"";""
"";"Mindûndu";"Espalhafato. Ruído; falácia. | Barulho. | Rumores; fragores.";"kubanga mindûndu";"";"";""
"";"Mindûndu";"adj. e sub. Espalhafatoso. | Que rumoreja.";"Mukua mindûndu";"";"";""
"";"Mingéla";"Grupo de plantas columíferas, (ceiba cascária), que abrange as malváceas e as liliáceas.";"Kubamúna mifuma ni –";"";"";""
"";"Mingingi";"Talos.";"ia rikovi";"";"";""
"";"Mingingi";"Talos.";"– ia makanha";"";"";""
"";"Mingónde";"sub. Lagosta.";"Ilala ia–";"";"";""
"";"Mingónde";"Tentáculos. Braços móveis de certos moluscos, infusórios e plantas.";"mingónde ngónde";"";"";""
"";"Minya";"Espinhas. Puas que revestem certas plantas.";"minha ia rikolongo";"";"";""
"";"Minya";"Pêta | Mentira.";"minha le";"";"";""
"";"Mió";"Expressão significativa de molhado.";"milele ku mukulu mió";"";"";""
"";"Miongóngo";"Fibras.";"miongóngola ribebe";"";"";""
"";"Misambu";"Rezas; salmos. | Práticas; sermões.";"misambu ia Ngana";"";"";""
"";"Misambu";"Falas; palavras.";"hombo a i muena ku jingela, mon'a mutu ku misambu ia kusuela";"";"";""
"";"Misányi";"Desfiaduras.";"misanhimisánhimisanhi";"";"";""
"";"Miseju";"Verduras; verdes.";"kurla miseju";"";"";""
"";"Misúnda";"Monstruosidades. | Coisas extraordinárias ou contrárias à ordem natural da natureza.";"kuzuela misúnda";"";"";""
"";"Misúsu";"As dores do parto. | Pesares. | Estertor; vascas. | Convulsões; ânsias; náuseas.";"misúsu ia Kalunga";"";"";""
"";"Mite";"abreviatura de mikuta, etc.";"mite uâna";"";"";""
"";"Mite";"abreviatura de mikuta, etc.";"mite tatu";"";"";""
"";"Mite";"abreviatura de mikuta, etc.";"mite samanu";"";"";""
"";"Mitéle";"Tregeitar.";"kuta mitéle";"";"";""
"";"Mítolo";"Grelos. | Gemas que se desenvolvem nas plantas.";"mítolo ta masa";"";"";""
"";"Mítolo";"Grelar; espigar.";"kuta mítolo";"";"";""
"";"Mitutu";"O que planeamos fazer. Projetos; desígnios. Fito.";"kuta mitutu";"";"";""
"";"Mixibha";"Nervos; veias; artérias. Conjunto e aspeto dos músculos do corpo humano. Representação da musculatura.";"mixíba i a mu tande";"";"";""
"";"Míxima";"Entranhas. Vísceras; fígados.";"míxima ni mirla";"";"";""
"";"Mixinda";"Traços verticais. Marcas; listras (em sentido longitudinal)";"ku polo mixinda ku rima mildri";"";"";""
"";"Mixinga";"Surra; açoites. Ação de flagelar ou bater.";"Kubana mixinga";"";"";""
"";"Mixínji";"Planos; projetos; ideias.";"kuta mixínji";"";"";""
"";"Mizúmbu";"Rebordos.";"mizúmbu ia'mbia";"";"";""
"";"Móma";"Estes; estas.";"makeziú móma";"";"";""
"";"Mondo";"Palavra com que se forma o futuro dos verbos. | Hão-de.";"o makiximondomona paxi; o menhamondokutexika, etu.";"";"";""
"";"Móndo";"Desonra, vergonha. | Opróbrio.,, Exprobar; dizer abjeções.";"u a ngi katulamóndobu'axaxi k'akuetu";"";"";""
"";"Móndo";"Desonra, vergonha. | Opróbrio.,, Exprobar; dizer abjeções.";"Kutamóndo";"";"";""
"";"Mono";"Semente e fruto de rícino.";"mâji ma mono";"";"";""
"";"Mosana";"Cópia.";"kukatula mosana";"";"";""
"";"Mose";"in def. pl. Completos. Todas; todos.";"manhanguamosem'âbi";"";"";""
"";"Móxi";"Na parte interior; dentro.";"móxia mulele";"";"";""
"";"Móxi";"No meio de; Entre., com os seus botões; lá consigo.";"móxiamóxirie";"";"";""
"";"Móxi";"adj. Unido; ligado; junto. Paralelo; igual.";"Kumóxi";"";"";""
"";"Mu";"que indica relação de tempo; de lugar: —rivumu; de modo; de preço; de espaço.";"muusuku";"";"";""
"";"Mu";"que indica relação de tempo; de lugar: —rivumu; de modo; de preço; de espaço.";"murivumu";"";"";""
"";"Mu";"que indica relação de tempo; de lugar: —rivumu; de modo; de preço; de espaço.";"mukuzuela, mukuenda";"";"";""
"";"Mu";"que indica relação de tempo; de lugar: —rivumu; de modo; de preço; de espaço.";"muhama jiiari";"";"";""
"";"Mu";"que indica relação de tempo; de lugar: —rivumu; de modo; de preço; de espaço.";"mukanga; muimbambe";"";"";""
"";"Mu";"(o, a)";"eme ngimumona u azuala";"";"";""
"";"Mu-riá";"Entre eles ou elas; aribeta -.";"ènemu-riá";"";"";""
"";"Mu'ónga";"Razão; causa. | Facto.";"mu'ónga ua kituxi";"";"";""
"";"Mu'ónga";"Calúnia; palavra injuriosa";"u a ng'ambemu'ónga";"";"";""
"";"Mu'xi";"que designa terra, sítio, lugar onde: —idmt (mu ix)";"mu'xiia Ngola";"";"";""
"";"Muâmua";"Remigio.";"muâmua'a ndíua";"";"";""
"";"Muande";"Comilão; comedor. | Devorador.";"muandea jipuku";"";"";""
"";"Muangatatá";"Aberto de par em par. | Às escâncaras.";"ribitu u arixisa muangatatá";"";"";""
"";"Muângu";"Trave; viga. | Pau de fileira.";"muângu ua'nso";"";"";""
"";"Muâri";"Marido.";"-udmi";"";"";""
"";"Muâri";"O mais velho, o de mais idade.";"muâri'ê";"";"";""
"";"Muâri";"adj. e sub. Adulto; ancião; velho. Maior; superior.";"muâri'a klmi";"";"";""
"";"Muase";"Fisgador; arpoador.";"muase a miúndu";"";"";""
"";"Múauna";"Parte; quinhão; lucro.";"ku a ngi kalamúauna";"";"";""
"";"Múbande";"Que sobe | Que ascende. | Trepador.";"múbande a mitundu";"";"";""
"";"Mubanduluti";"Apaciguador | Apartador; mediador.";"mubanduluti a jinvunda";"";"";""
"";"Múbange";"Que faz, pratica ou compõe. | Fabricante; construtor; obreiro.";"múbange à malemu";"";"";""
"";"Múbange";"Pecador; criminoso; malfeitor.";"múbange a ikuma";"";"";""
"";"Múbange";"peixeira; escamador.";"múbange a mbiji";"";"";""
"";"Múbange";"Bom fasejo.";"múbange a mbote";"";"";""
"";"Mubáse";"Rachador. | Que estrangalha; que faz lascas. | Lenhador.";"mubáse a jihuinhi";"";"";""
"";"Múbe";"Árvore fam. das combretáceas (combretum holocericium), de madeira própria para carvão.";"makala ma múbe";"";"";""
"";"Mubébe";"Emboçador.";"mubébe a jinzo";"";"";""
"";"Múbebu";"Cânula; pipo; canudo.";"múbebu ua pêxi";"";"";""
"";"Mubéji";"Adorador; venerador.";"a iteke";"";"";""
"";"Mubekexi";"Ofertador.";"mubekexi a ulnji";"";"";""
"";"Mubhanga";"Árvore de grande porte da família das leguminosas (Acacia welwitschii) de grandes vagens lenhosas e escuras, boa madeira para curtimento.";"Auinhi ia múbanga";"";"";""
"";"Mubhanga";"Planta solanácea de cuja madeira se faz carvão. | Cambroeira.";"makala ma múbanga";"";"";""
"";"Mubheze";"Idólatra.";"mubéze a iteke";"";"";""
"";"Mubhinge";"Suplicante; pedinte. Mendigo. Pedinchão.";"múbinge a makezu";"";"";""
"";"Mubhinyi";"Cabo. Manivela. Extremidade por onde se pega.";"múbinhi ua poko";"";"";""
"";"Mubilúri";"Que faz mudar de posição. Homem que muda facilmente de opinião, de hábitos. Virador.";"mubilúri ua mixi";"";"";""
"";"Mubilúri";"Que faz mudar de posição. Homem que muda facilmente de opinião, de hábitos. Virador.";"mubilúri ua maka";"";"";""
"";"Mubindumuni";"Celebrador. Recebedor. Ramificador; repartidor.";"mubindumuni ua makongo";"";"";""
"";"Múbiri";"Mártir. Pessoa que sofre aflições, tormentos ou a morte por uma ideia ou causa.";"múbiri ua kalandula";"";"";""
"";"Múbitse";"Passador.";"múbitse a uênji";"";"";""
"";"Mubónge";"Apanhador | Que arrecada o que encontra.";"mubónge a matari";"";"";""
"";"Mubongolori";"Acumulador. | Que recolhe.";"a irima";"";"";""
"";"Mubube";"Arremessador; apedrejador.";"mubube a matarí";"";"";""
"";"Múbuise";"Acabador; que faz cessar, acabar.";"múbuise a jinvunda";"";"";""
"";"Múbuluri";"Libertador; salvador; que faz escapar (de um perigo)";"múbuluri a kixixi";"";"";""
"";"Mubunganu";"Vagueador; errante; que não tem rumo ou destino certo; vagabundo.";"risanga ria mubunganu xirlen'ê hata";"";"";""
"";"Mubunguluri";"Que remexe; renovador.";"mubunguluri a lkóza";"";"";""
"";"Múburi";"Quebrador; que parte ou arromba.";"múburi a malonga";"";"";""
"";"Múburi";"Britador; triturador.";"múburi a matari";"";"";""
"";"Múbute";"Cabeleireiro.";"múbute a. jindemba";"";"";""
"";"Múbute";"Barbeiro.";"múbute a miézu";"";"";""
"";"Mubúze";"Depenador.";"mubúze a jinjila";"";"";""
"";"Muele";"Que tem ou cometeu culpa.";"muele ua kituxi";"";"";""
"";"Muele";"Condenado.";"muele ua kufua";"";"";""
"";"Muêlu";"Abertura; entrada.";"muêlu uá nzo";"";"";""
"";"Muêlu";"Umbral; soleira.";"muêlu ua ribitu";"";"";""
"";"Muêlu";"adj. e sub. (I) Porteiro. | Guarda-portão.";"Mukua muêlu";"";"";""
"";"Muemi";"Vinhateiro.";"muemi a maluvu";"";"";""
"";"Muene";"(I) Mesmo. Próprio; que não sofreu alteração.";"muéne muene";"";"";""
"";"Muene";"Efetivamente; de certo. | Assim; deste modo; deveras. | Exatamente.";"kîêne muene";"";"";""
"";"Muene";"Efetivamente; de certo. | Assim; deste modo; deveras. | Exatamente.";"kîri muene";"";"";""
"";"Muêne";"(I) Senhor; dom; mandante; possuidor: —'xl, ngana, El-Rei de Angola, suas leis ou representantes. | O Senhor da terra em que se está ou trabalha., s. Ex.ª, sua grandeza | Título honorífico us. pelos nobres e suas famílias. O próprio; ele mesmo | Aí mesmo (dentro). Nesse mesmo lugar. | Art. us. nos subs. compostos, etc. | El (o Rei, o Senhor)";"muêne Ngola";"";"";""
"";"Muêne";"(I) Senhor; dom; mandante; possuidor: —'xl, ngana, El-Rei de Angola, suas leis ou representantes. | O Senhor da terra em que se está ou trabalha., s. Ex.ª, sua grandeza | Título honorífico us. pelos nobres e suas famílias. O próprio; ele mesmo | Aí mesmo (dentro). Nesse mesmo lugar. | Art. us. nos subs. compostos, etc. | El (o Rei, o Senhor)";"muêne nvuale";"";"";""
"";"Muêne";"(I) Senhor; dom; mandante; possuidor: —'xl, ngana, El-Rei de Angola, suas leis ou representantes. | O Senhor da terra em que se está ou trabalha., s. Ex.ª, sua grandeza | Título honorífico us. pelos nobres e suas famílias. O próprio; ele mesmo | Aí mesmo (dentro). Nesse mesmo lugar. | Art. us. nos subs. compostos, etc. | El (o Rei, o Senhor)";"muêne muene";"";"";""
"";"Muêne";"(I) Senhor; dom; mandante; possuidor: —'xl, ngana, El-Rei de Angola, suas leis ou representantes. | O Senhor da terra em que se está ou trabalha., s. Ex.ª, sua grandeza | Título honorífico us. pelos nobres e suas famílias. O próprio; ele mesmo | Aí mesmo (dentro). Nesse mesmo lugar. | Art. us. nos subs. compostos, etc. | El (o Rei, o Senhor)";"muêne 'omo";"";"";""
"";"Muêne";"(I) Senhor; dom; mandante; possuidor: —'xl, ngana, El-Rei de Angola, suas leis ou representantes. | O Senhor da terra em que se está ou trabalha., s. Ex.ª, sua grandeza | Título honorífico us. pelos nobres e suas famílias. O próprio; ele mesmo | Aí mesmo (dentro). Nesse mesmo lugar. | Art. us. nos subs. compostos, etc. | El (o Rei, o Senhor)";"muêne Kongo; muêne Putu";"";"";""
"";"Muêne";"(I) Senhor; dom; mandante; possuidor: —'xl, ngana, El-Rei de Angola, suas leis ou representantes. | O Senhor da terra em que se está ou trabalha., s. Ex.ª, sua grandeza | Título honorífico us. pelos nobres e suas famílias. O próprio; ele mesmo | Aí mesmo (dentro). Nesse mesmo lugar. | Art. us. nos subs. compostos, etc. | El (o Rei, o Senhor)";"abreviado de muêne momo";"";"";""
"";"Muenu";"Em vós mesmo; em vossas próprias pessoas.";"muenu enu";"";"";""
"";"Muetu";"Em nós mesmo.";"muetu etu";"";"";""
"";"Múfile";"Órfão. | Desamparado: sem família. | Só.";"múfile ua tata ni mama";"";"";""
"";"Múfule";"Insone — a kilu.";"Insone múfule a kilu";"";"";""
"";"Múfuma";"fruto (cápsula da mafumeira, que dá a isca)";"Ngúngu múfuma";"";"";""
"";"Mufúndi";"Corporário fúnebre; enterrador; coveiro. | Sepultureiro.";"pangu a ibula muxuiu, ltote ia kalunga a ibula mufúndi";"";"";""
"";"Mufúte";"Pagador.. | Que remunera.";"mufúte a makanga";"";"";""
"";"Muhaburi";"Devorador; tragador.";"muhaburi a mênha";"";"";""
"";"Muhámba";"Artefacto de hastes e folhas de palmeira engradadas para levar em viagem; Cesto comprido. Frete; carreto.";"Inzo la muhámba";"";"";""
"";"Muhámba";"Artefacto de hastes e folhas de palmeira engradadas para levar em viagem; Cesto comprido. Frete; carreto.";"xuambata muhámba";"";"";""
"";"Muhuhu";"Orla; debrum.";"muhuhuua rixisa";"";"";""
"";"Muhuhu";"Vergueta; costas.";"muhuhuua poko";"";"";""
"";"Muimi";"Frutificador.";"o luanha muimi ua irima";"";"";""
"";"Muindi";"Entrançador.";"muindi a jingindu";"";"";""
"";"Muíngi";"Velador. Que exerce vigilância.";"muíngi ua finjila";"";"";""
"";"Muínji";"Caroço.";"muínji ua manga";"";"";""
"";"Mujibhe";"Matador. Magarefe; assassino.";"mujíbe a jinhoka";"";"";""
"";"Mújime";"Apagador. Extinto.";"mújime a tubia";"";"";""
"";"Mujimise";"Que manda apagar. Que faz extinguir.";"mujimise a makala";"";"";""
"";"Mújinji";"Ferrolho de madeira; carmona.";"mújinji ua ribitu";"";"";""
"";"Mújinji";"A ponta da faca, da enxada ou outra ferramenta, que se mete no pau que lhe serve de cabo.";"– ua poko";"";"";""
"";"Mujitu";"Respeitador; atencioso; honesto.";"mutu ua mujitu";"";"";""
"";"Múju";"Fio ou cordão fino (de ouro) de trazer ao pescoço.";"múju va xingu";"";"";""
"";"Mukabanga";"Cabriolar; cabritar.";"Kuta mukabanga";"";"";""
"";"Mukalatata";"Als. Série de cousas ou pessoas dispostas ombro a ombro. Fileira.";"arile ku mukalatata";"";"";""
"";"Múkambu";"Pau de fileira; cumicira.";"múkambuua'nzo";"";"";""
"";"Múkanda";"Mensagem que se dirige a qualquer.";"ng'a mu tumixisa múkanda";"";"";""
"";"Múkanda";"Mensagem que se dirige a qualquer.";"ng'a mu tumikisa múkanda";"";"";""
"";"Múkandanda";"Superfície; planura | O comprimento e a largura considerados sem profundidade.";"uamúkandandaxalunga";"";"";""
"";"Múkandanda";"Superfície; planura | O comprimento e a largura considerados sem profundidade.";"kumúkandandaua mênha";"";"";""
"";"Múkandanda";"Superfície; planura | O comprimento e a largura considerados sem profundidade.";"múkandandaua rivumu";"";"";""
"";"Mukánde";"e sub. Que abre valas, fossos, covas, etc.";"mukándea makungu";"";"";""
"";"Mukangalu";"Travessão; travessa.";"mukangalu ua hdma";"";"";""
"";"Mukangalu";"Verga ou padieira da porta ou janela.";"mukangalu ua ribitu";"";"";""
"";"Mukangalu";"Coisa deitada de través.";"Kuzeka mukangalu";"";"";""
"";"Múkange";"Torrador.";"múkange a nguba";"";"";""
"";"Múkangu";"Torrado; tostado.";"ímbia ia múkangu";"";"";""
"";"Múkanu";"Delictuar; condenar: tornar culpas a.";"Kukuata múkanu";"";"";""
"";"Múkanu";"Ser encontrado em falta. Ser suscetível de condenação.";"Kufa múkanu";"";"";""
"";"Mukanze";"Valador; sapador. | Soldado ou agente empregado em trabalhos de valor.";"mukanze ua jixi";"";"";""
"";"Múkanze";"Desfolhador; colhedor.";"múkanze a fimbutu";"";"";""
"";"Múkanze";"Pessoa encarregada da apanha de frutos.";"múkanze a jindungu";"";"";""
"";"Múkanzu";"Corte ao longo da mata para servir de limite.";"múkanzu ua jixi";"";"";""
"";"Mukása";"Planta trepadeira fam. das meliáceas (carapa procera), de utilidade ornamental.";"mukása kumbi";"";"";""
"";"Mukata";"Saco de folhas de mutôo para transporte.";"mukata ua makanha";"";"";""
"";"Múkau";"Percurso entre dois lugares.";"múkau ua Kifangondo";"";"";""
"";"Mukengeji";"Clarão; reflexo.";"mukengeji ua tubla";"";"";""
"";"Mukengeji";"Espírito.";"mukengeji ua Nzambi";"";"";""
"";"Mukenze";"Escoador. Que coa.";"mukenze a maluvu";"";"";""
"";"Múkila";"adj. Caudato.";"Mukua múkila";"";"";""
"";"Mukita";"Deus da noite.";"mukita suku";"";"";""
"";"Múkite";"Transformador; produtor. Gerador; obreiro.";"múkite a uálua";"";"";""
"";"Mukiululu";"Aguado; destemperado; simples. Desencabido; sem sabor.";"muzonge ua mukiululu";"";"";""
"";"Múkoke";"Que rola ou arrasta.";"múkoke ídugu";"";"";""
"";"Múkolo";"Cordão.";"múkolo ua kabila";"";"";""
"";"Múkombe";"Varredor.";"múkombe a maxita";"";"";""
"";"Múkombe";"Tromba de elefante.";"nsamba k'aneman'é múkombe ue";"";"";""
"";"Mukona";"Caverna (de uma embarcação). Curvadura.";"rihonjo riamukona";"";"";""
"";"Mukona";"Infelicidade; azar. Enguiço; engano. O ir na curva.";"k'u ngi bekelamukona";"";"";""
"";"Múkondi";"Mitigador; que consola. Carinhoso. Pessoa que proporciona cuidados.";"múkondia úxiri";"";"";""
"";"Múkondo";"Contristação; banzo. Tristeza. Atitude pensativa de quem tem pena.";"u a rixuatamúkondo";"";"";""
"";"Mukondondo";"Que inclina a cabeça para o lado. Que faz ter o pescoço torto.";"u ala nimukondondo";"";"";""
"";"Mukosa";"Hesitação; recelo; medo.";"u ala nimukosaua minha";"";"";""
"";"Mukoto";"Pata; mão de vaca.";"mukotoua ngómbe";"";"";""
"";"Mukuá";"Outro; semelhante: o ngulo.";"o nguld,mukuáni kifusa";"";"";""
"";"Mukuá";"Outro; semelhante: o ngulo.";"mukuáni kifusa";"";"";""
"";"Mukuá";"Alocução adjetiva que qualifica o substantivo; atributo.";"mukuángánli";"";"";""
"";"Mukuá";"Alocução adjetiva que qualifica o substantivo; atributo.";"mukuáhenda";"";"";""
"";"Mukuá";"Alocução adjetiva que qualifica o substantivo; atributo.";"mukuákituxi";"";"";""
"";"Mukuá";"Nome significativo de origem, procedência, naturalidade; —'xl.";"mukuápulu";"";"";""
"";"Mukuá";"Tb. designa domínio, propriedade, posse.";"mukuá'nzo";"";"";""
"";"Mukubulu";"De bruços., Estar contristado, penalizado. Estar de barriga para baixo.";"Kurita mukubulu";"";"";""
"";"Mukubulu";"De bruços., Estar contristado, penalizado. Estar de barriga para baixo.";"kuzeka mukubulu";"";"";""
"";"Mukúlu";"Encosta; vertente. | Outeiro.";"lunde nsenza mbambemukúlu";"";"";""
"";"Mukúlu";"Encosta; vertente. | Outeiro.";"lunde nsenza mbambe mukúlu";"";"";""
"";"Mukulukuxu";"Sem mastigar. | Sem triturar.";"kuminhamukulukuxu";"";"";""
"";"Mukulukuxu";"Sem mastigar. | Sem triturar.";"kuminha mukulukuxu";"";"";""
"";"Múkumbu";"Gemido; som. | Condescendência; anuência.";"ne-ne mulokoso";"";"";""
"";"Mukundi";"Comunicador.";"mukundi a mahezu";"";"";""
"";"Mukúnga";"Carreira; série; fileira. Alinhamento.";"mukúnga ua jinso";"";"";""
"";"Mukungúlu";"(II) Longitudinal.";"u azeka mukungúlu";"";"";""
"";"Mukungúlu";"Tronco de coqueiro ou palmeira derrubado para se lhe extrair o suco. Longueza. Paralelo.";"maluvu ma mukungúlu";"";"";""
"";"Mukungúlu";"Nome por que era conhecida a espingarda «Snyder»";"uta u mukungúlu";"";"";""
"";"Múkuni";"Semeador; sementeiro.";"múkuni a jimbutu";"";"";""
"";"Mukunza";"Milho cozido que se come no dia do funeral.";"mukunzaua tambi";"";"";""
"";"Múkuui";"Semeador.";"múkuuia uangila";"";"";""
"";"Múkuui";"Que propala ou espalha notícias, calúnias. | Boateiro.";"múkuuia maka";"";"";""
"";"Mukúxi";"Que impinge patranhas. | Que pespega falsidade. | Embusteiro; mentiroso.";"mukúxia makutu";"";"";""
"";"Mulánde";"Perseguidor. O que vai na pista ou encalço de. Seguidor.";"mulánde a manhanhu";"";"";""
"";"Múlebi";"O que, com palavras enganosas, pretende saber o que outrem quer ocultar. Engorador.";"múlebiua maka";"";"";""
"";"Múlebi";"sub. (II) Peixinho.";"múlebilébi";"";"";""
"";"Muléla";"Cobra de cor amarelo-pálido, conhecida por «cobra rateira»";"nhoka lamuléla";"";"";""
"";"Mulemba";"Pov. e sede do posto da circ. civ. de Minungo, distr. da Lunda, prov. de Malanje.";"Kapenda-ka mulemba";"";"";""
"";"Mulemba";"hist. Local a 6 km a NE de Luanda onde a rainha Ginga-Mbande (D. Ana de Sousa) mandara plantar, em 22 de Abril de 1622, quando da viagem de embaixada ao governador João Correia, a árvore testemunhando por ali a sua passagem.";"mulembaua-xa-Ngola";"";"";""
"";"Mulembu";"(II) Dedo. Cada uma das partes ou frutos sustentados pelos seus pecíolos ao eixo comum. Tudo que tiver a conformação de um dedo., dedo polegar., dedo meudinho ou mínimo.";"mulembu ua rihónjo";"";"";""
"";"Mulembu";"(II) Dedo. Cada uma das partes ou frutos sustentados pelos seus pecíolos ao eixo comum. Tudo que tiver a conformação de um dedo., dedo polegar., dedo meudinho ou mínimo.";"mulembu ua Kixota";"";"";""
"";"Mulembu";"(II) Dedo. Cada uma das partes ou frutos sustentados pelos seus pecíolos ao eixo comum. Tudo que tiver a conformação de um dedo., dedo polegar., dedo meudinho ou mínimo.";"mulembu ua Kafexeteke";"";"";""
"";"Mulemese";"Ateador. Aquele que atiça o lume.";"-a lubla";"";"";""
"";"Múlenge";"(II) Vento; sopro; faro dos animais. Impulso; causa; motivo Epilepsia; gota.";"múlenge ua'nhi ua ku beka?";"";"";""
"";"Múlenge";"(II) Vento; sopro; faro dos animais. Impulso; causa; motivo Epilepsia; gota.";"uhaxi ua múlenge";"";"";""
"";"Múlenge";"(II) Vento; sopro; faro dos animais. Impulso; causa; motivo Epilepsia; gota.";"múlenge ua'nhi ua ku beka";"";"";""
"";"Mulenvu";"Coutada. Lugar defeso às justiças. Refúgio.";"museke ua mulenvu";"";"";""
"";"Múlese";"Lambeiro; lambedor.";"múlese a malonga";"";"";""
"";"Mulóji";"Mandingueiro; infame; feiticeiro.";"tuta ria nvula ri avula menha; polo ia mulóji i avula masóxi";"";"";""
"";"Mulóko";"almofariz em que se prepara o juramento do mbuluugu.";"Kinu kia mulóko";"";"";""
"";"Mulokóso";"Ato de restolhar.";"múxumbu ni mulokóso";"";"";""
"";"Mulolo";"Anona; seu fruto.";"mulolo a mbulu";"";"";""
"";"Mulóloke";"Perdão, dívida ou pena.";"kubinga mulóloke Remissão da culpa";"";"";""
"";"Mulômbe";"Azul. | fig. Maldição.";"-a ngánza";"";"";""
"";"Múlongo";"Moscadeira. | Seu fruto.";"múlongo longo";"";"";""
"";"Múlu";"Demasia. Excesso com que se fica no preço de um objeto mandado comprar por outrem.";"kurtamúlu";"";"";""
"";"Múlu";"Em cima; ao alto.";"kuimikamúlu";"";"";""
"";"Mulúke";"Nomeador; designador. Alcunhador.";"mulúke a majina";"";"";""
"";"Mulúke";"Nomeador; designador. Alcunhador.";"mulúkea majina";"";"";""
"";"Mulumba";"tétano.";"mulumba ua tandala";"";"";""
"";"Mulumba";"adj. (I) Corcunda; giboso. Tetânico.";"Muxua mulumba";"";"";""
"";"Múlume";"Marido; cônjuge. Qualquer animal do sexo masculino.";"múlume'ami";"";"";""
"";"Mulundu";"Serra; montanha; morro: mutu u banda.";"kumulunduu a ku zukama";"";"";""
"";"Mulundu";"Penedo; rocha.";"mulundu ua matari";"";"";""
"";"Mulúngi";"Orientador; dirigente | Pessoa que estabelece diretrizes, que faz seguir uma direção ou rumo.";"mulúngi a kifuxi";"";"";""
"";"Muluriki";"Fazedor; arranjador. | Fator; armador.";"muluriki a lulu";"";"";""
"";"Múmbamba";"as excrescências da planta utilizadas como peitoral.";"Miezu ia múmbamba";"";"";""
"";"Múmbanga";"Leira. Terra preparada para plantação de cana sacarina, batata doce, etc.";"hota ia múmbanga";"";"";""
"";"Mumbi";"Oleiro. Fabricante de louça de barro.";"mumbi a jimbia";"";"";""
"";"Múmbonji";"e intr. Apitar; silvar.";"Kuxika múmbonji";"";"";""
"";"Múmbumbu";"Homem sem educação. fig. Faca embotada. Instrumento tosco, ordinário.";"poko ia múmbumbu";"";"";""
"";"Mumbúndu";"";"mumbúndu ua'nvo mu mbuuda";"";"";""
"";"Múmbungu";"Planta exótica, geralmente conhecida por «bambú» | Cana.";"múxi ua múmbungu";"";"";""
"";"Múmono";"Rícino. | Carrapateiro; palma-christi.";"mûxi ua múmono";"";"";""
"";"Muná";"Ali (dentro) Além; no interior.";"mu'onzo muná";"";"";""
"";"Munanéxi";"Exagerador. | Aumentador.";"munanéxi a maka";"";"";""
"";"Múnangu";"Passadio; vida; costume. | Diário.";"ng'anange múnangu ua ngênji";"";"";""
"";"Múndele";"Ilustrado; civilizado; urbano. | Que adota hábitos e trajes de europeu. | Que tem boas maneiras. | Asseado; fino.";"mublk'a múndele, múndeleue";"";"";""
"";"Múndele";"Ilustrado; civilizado; urbano. | Que adota hábitos e trajes de europeu. | Que tem boas maneiras. | Asseado; fino.";"múndeleua ritala";"";"";""
"";"Mûndu";"Grande número. | Multidão; vaga. | Povo [...].";"mûnduu'atu";"";"";""
"";"Múnduniji";"Serve de servo.";"múnduniji ku tandu a kita kia hutnhi";"";"";""
"";"Mungângu";"A parte oposta ao fio dos instrumentos cortantes. Costas.";"mungângu ua poko";"";"";""
"";"Mungângu";"A parte oposta ao fio dos instrumentos cortantes. Costas.";"mungângu ua njangu";"";"";""
"";"Mungénge";"planta fam. das moráceas (Bosqueia angolensis), de fruto comestível.";"mungénge ua muxitu";"";"";""
"";"Múngua";"Sal.";"múngua ua múxi";"";"";""
"";"Munguriná";"Depois de amanhã. No outro dia., três dias depois. Nos dias seguintes.";"munguriná xu";"";"";""
"";"Munjându";"Tamanho; grande; volumoso.";"munjându ua mbangala";"";"";""
"";"Munjându";"Carnudo.";"munjându ua xingu";"";"";""
"";"Munona";"Fila; renque. | Série de pessoas ou coisas colocadas umas atrás das outras. | Cadeia; leva.";"arite kumunona";"";"";""
"";"Munyinge";"Pessoa que faz rolos, rodilhas.";"munhinge a jihata";"";"";""
"";"Munyurgu";"Vagado; tontura; vertigem.";"nga'bana munhurgu";"";"";""
"";"Munzelembete";"Que está na puericía. | Adolescente. | Animal novo. | fig. Moço; rapaz.";"hombomunzelembete, ingo kabalu";"";"";""
"";"Munzênza";"Forasteiro; adventício. | Que não está habituado aos usos da localidade. | Novato; ignorante.";"sanjilamunzênza";"";"";""
"";"Munzonga";"Bradar; chamar alto; gritar.";"Kutamunzonga";"";"";""
"";"Munzônge";"Caldo. | Sopa; canja.";"munzônge ua sánji";"";"";""
"";"Munzônge";"Caldo. | Sopa; canja.";"kukumbulamunzônge";"";"";""
"";"Munzumbi";"Chuva que amanhece e se conserva toda a manhã. | Chuva miúda. | Cereais recolhidos debaixo de chuva.";"nvula tamunzumbi";"";"";""
"";"Muómbe";"Crepúsculo.";"kumbi ria muómbe";"";"";""
"";"Muondo";"Comparar: zombar; escarnecer.";"Kuta muondo";"";"";""
"";"Muondo";"Comparar: zombar; escarnecer.";"Kutamuondo";"";"";""
"";"Muondóna";"Fortuna; fado; ventura.";"kala mutu nimuondónaue";"";"";""
"";"Muongóngo";"Coluna, espinha dorsal.";"kunda «'akal'ê xotamuongóngon'akale ndênge";"";"";""
"";"Mupiôpio";"Assobiar. Chamar ou cantar (assobiando)";"Kuxita mupiôpio";"";"";""
"";"Mupuluxua";"Purgueira (jatropha curcas). Sua semente, de que se extrai um suco corrosivo. Euforbina.";"mâfi mamupuluxua";"";"";""
"";"Múri";"adj. Melívoro.";"múri a ulki";"";"";""
"";"Múri";"carnívoro.";"múri o xitu";"";"";""
"";"Múri";"antropófago.";"múri 'alu";"";"";""
"";"Múri";"planta trepadeira medicinal.";"múri a-hombo";"";"";""
"";"Muriáte";"Pisador. | Espesinhador.";"muriáte a jindende";"";"";""
"";"Murími";"Agricultor; lavrador. | Hortelão; trabalhador de campo.";"o poku u rídmurímiu zeka ni nzala?";"";"";""
"";"Murími";"Agricultor; lavrador. | Hortelão; trabalhador de campo.";"o poku u rídmurímiu zeka ni nzala";"";"";""
"";"Murimune";"Avisador. | Que põe de sobreaviso; que faz despertar, ter cautela.";"mûte a ifitamurimunea ngâmbi";"";"";""
"";"Múringe";"Estrangulador. | Matador.";"múringe a jisangi";"";"";""
"";"Muríri";"Préfica; carpideira. | Chorador. | fig. Chorão.";"muríri a jitambi";"";"";""
"";"Muririke";"Arranjador. | Preparador; arrumador.";"muririke a ialu";"";"";""
"";"Musáka";"Cápsula que envolve a semente. | Casulo.";"musáka ua nguba";"";"";""
"";"Musakala";"Gazúa. | A parte da chave que faz girar a lingueta da fechadora. | A própria chave.";"musakala ua sûbi";"";"";""
"";"Musakexi";"Vascolejador. | Aquele que limpa utensílios sacudindo.";"musakexi a jimbinda";"";"";""
"";"Musála";"planta fam. das apocináceas (diplorynchus psilopus), de flores brancas e aromáticas, de que há várias espécies. | Jasmim; sua flor.; munhombo.";"musála kanjanga";"";"";""
"";"Musambalakata";"Prontidão; diligência em fazer algo. | Desenvoltura; pré-timo; desembaraço. | Recompensa; estímulo.";"xubana musambalakata";"";"";""
"";"Musambalakata";"adj. Serviçal; prestante; desembaraçado.";"Muxua musambalakata";"";"";""
"";"Músanga";"Rosário.";"músanga ua ngómbo";"";"";""
"";"Músanga";"Planta trepadeira de propriedades medicinais.";"músanga ua ngengenha";"";"";""
"";"Musanu";"Raridade; casualidade. Objeto raro.";"ki monexena musanu";"";"";""
"";"Músanza";"Vastidão; extensão dilatada.";"ku músanza ua kalunga";"";"";""
"";"Músanza";"Ao largo; ao longe. No mar alto.";"ulungu ng'abaxele boba ngi u muena ku músanza";"";"";""
"";"Múscko";"A palma de igreja (no domingo de ramos). | Palmito.";"múscko, u tundila Pasu";"";"";""
"";"Múseju";"Ferrã; pasto. Acidez do fruto que não está bem maduro.";"ritamba ria múseju";"";"";""
"";"Museku";"Cozedura; comida ligeira.";"kubanga museku";"";"";""
"";"Muselengenye";"Diz-se da faca sem cabo.";"poko iamuselengenhe";"";"";""
"";"Musése";"Costa; praia | Orla; faixa marginal. | Crina.";"musése ua Sandinhá";"";"";""
"";"Músese";"Escultor | Gravador | O que modela figuras em madeira, pedra, marfim, etc.";"músese a iteke";"";"";""
"";"Músete";"Embutido de madeira ou metal. | Gravura.";"músete ua klela";"";"";""
"";"Musónge";"Aparelhador.";"musónge a mabaia";"";"";""
"";"Musongeri";"Autor; inventor.";"musongeri a fundanga";"";"";""
"";"Musóngo";"Aguço; espeto. Qualquer objeto agudo e penetrante. Estoque; lança; seta. Ponteiro; haste.";"nzamba ki atengunha-ua mu ase";"";"";""
"";"Musóngo";"filamento da haste da palmeira.";"musóngo sése";"";"";""
"";"Musóngo";"filamento da haste da palmeira.";"musóngosése";"";"";""
"";"Musóngo";"cúspides; pico. Monte alto terminado em bico. A ponta aguda e dura dos capacetes militares.";"musóngo songo";"";"";""
"";"Musóngo";"cúspides; pico. Monte alto terminado em bico. A ponta aguda e dura dos capacetes militares.";"musóngosongo";"";"";""
"";"Musuéke";"Receptador. Que dá abrigo a fugitivos ou a criminosos. Que oculta ou esconde.";"musuéke a jingombo";"";"";""
"";"Musuixu";"Bainha (de costura). | Orla; borda; fímbria. | Limbo. | Adorno na margem ou na extremidade do pano. | Contorno.";"musuixuua mulele";"";"";""
"";"Musúke";"Que enxota ou conduz o gado ao pasto. | Afugentador; perseguidor.";"musúkea jlhombo";"";"";""
"";"Musukise";"Açulador. | Que faz irritar ou embravecer (os cães)";"musukisea jímbua";"";"";""
"";"Musukuiri";"Lavadeiro. | Lavadeira.";"musukuiria milele";"";"";""
"";"Músule";"Forjador. | Malhador. | fig. Trabalhador.";"músulea matemu";"";"";""
"";"Músumbe";"Suscetível de compra. | Compradiço";"bu ala omúsumbex'atelá-bu sabu";"";"";""
"";"Músumu";"Pressagiar; vaticinar. | fig. Maldizer.";"Kuta músumu";"";"";""
"";"Musúnda";"Inverso; contrário.";"kukala musúnda";"";"";""
"";"Músungu";"Araçari; tucazo.";"músungu ua ndungo";"";"";""
"";"Músungu";"adj. Albino.";"músungu ua hasa";"";"";""
"";"Musunúnu";"Estiolado; hirto; retesado.";"u azeko musunúnu";"";"";""
"";"Musunúnu";"Desataviado; simples. | fig. Nú.";"uai musunúnu";"";"";""
"";"Musúsu";"Dor. | Pesar; sofrimento moral";"musúsu ua riju";"";"";""
"";"Musúsu";"Dor. | Pesar; sofrimento moral";"Convulsão musúsu ua Kalunga";"";"";""
"";"Mútabe";"Aguadeiro. | Pessoa que vai à fonte, rio ou mar tirar água.";"mênha m'alongolota mútabe";"";"";""
"";"Mútala";"Árvore fam. das leguminosas (millettia nudiflora) de madeira própria para construções.";"mútala menha";"";"";""
"";"Mútala";"diz da mandioca ou batata aguda.";"mútala kumbi";"";"";""
"";"Mutále";"Esfolador. Indivíduo que esfola animais mortos.";"mutále a jixitu";"";"";""
"";"Mútange";"Que conta ou lê. Narrador.";"mútange a mikanda";"";"";""
"";"Mutári";"Gomo. Talhada.";"mutári ua rikeru";"";"";""
"";"Mutáte";"Lamentador. Que manifesta sentimento por. Queixoso.";"mutáte a malamba";"";"";""
"";"Mútate";"Amarrador. Que cinge.";"mútate a malumbu";"";"";""
"";"Múte";"Enunciados. Que exorime.";"múte a ífika murimune a ngambi";"";"";""
"";"Múteke";"Pessoa que conduz água da fonte, rio ou mar.";"múteke a mênha";"";"";""
"";"Mutéxe";"Urucueiro; arbusto flacurtiáceo. Diz-se das plantas tintórias.";"o mumbunse mutéxe ua jindomba";"";"";""
"";"Muthu";"Alguém: ele ué'u?";"ele ué'u ?";"";"";""
"";"Mútoko";"Pedaço.";"mútoko ua mulnge";"";"";""
"";"Mutolole";"Partidor.";"mutolole a mlênge";"";"";""
"";"Mutombo";"Mandioca amolecida tirada da água.";"kiringu kia mutombo";"";"";""
"";"Mutombo";"Mandioca amolecida tirada da água.";"nguingi la mutombo";"";"";""
"";"Mutomo";"Os primeiros produtos de um rebanho; os primeiros frutos da terra: ibundu la —. Os primeiros resultados de um trabalho.";"Ibundu la mutomo";"";"";""
"";"Mutoto";"Figulina; argila | Marga; greda; barro branco com que se barravam as paredes das casas.";"mutoto ua ngómbe";"";"";""
"";"Mutotori";"Britador. | Triturador.";"mutotori ua matari";"";"";""
"";"Mutúlu";"Catarata.";"ku atuama o risu, mutúlu K'akeng'ê-ku kiriri.";"";"";""
"";"Mútumbe";"Pessoa que faz curativos.";"mútumbe a mabute.";"";"";""
"";"Mútumbe";"Pessoa que faz curativos.";"mútumbe a mabute";"";"";""
"";"Mutumbuluri";"Anulador.";"mutumbuluri a mikanda.";"";"";""
"";"Mutumbuluri";"Anulador.";"mutumbuluri a mikanda";"";"";""
"";"Mutumine";"Comandante; chefe.";"mutumine a Jingunza.";"";"";""
"";"Mutumine";"Comandante; chefe.";"mutumine a Jingunza";"";"";""
"";"Mutungu";"Fundo, extremidade inferior (de vários utensílios)";"mutungu ua'mbia";"";"";""
"";"Múturi";"Viúvo.";"viúva múturi ua jindomba";"";"";""
"";"Múuike";"Acendedor.";"múuike a tâbia";"";"";""
"";"Muvímba";"Inteiro; completo; intacto.";"mutu ua muvímba";"";"";""
"";"Muvutwile";"Restituidor. Aquele que faz a restituição.";"muvutuile a maxongo";"";"";""
"";"Múxi";"Deixador; doador. D sob igd.";"múxi luanda";"";"";""
"";"Múxi";"Pessoa que se exime de um dever ou repudia uma obrigação. Renunciante; abandonador.";"múxi Kongo";"";"";""
"";"Múxi";"Árvore. Vara de madeira tal como se cortou da árvore. Pau; cacete.";"múxi ua mungénge";"";"";""
"";"Múxi";"Árvore. Vara de madeira tal como se cortou da árvore. Pau; cacete.";"múxi ua kimbûngu";"";"";""
"";"Múxi";"Nome genérico de todo o vegetal que dá madeira. Tronco.";"múxi ua paku";"";"";""
"";"Múxi";"planta fam. das combretáceas (combretum milhuense), de madeira apreciável.";"múxi ua nzúmba";"";"";""
"";"Múxi";"planta medicinal utilizada como contraveneno.";"múxi ua ngola";"";"";""
"";"Múxibe";"Chupado. Absorvente.";"múxibe a uálua";"";"";""
"";"Múxibu";"Maldição oposta ao que nos quer mal.";"múxibu u arile Kimbole";"";"";""
"";"Múxike";"Tocador. Tangedor; que faz soar.";"múxike a marimba";"";"";""
"";"Múximbe";"Cortador de paus, de madeira. Derrubador (de troncos)";"múximbe a mixi";"";"";""
"";"Muxinga";"O cabelo do elefante.";"muxinga ua nzamba";"";"";""
"";"Múxinge";"Que dirige injúrias.";"múxinge a jindaka";"";"";""
"";"Muxíni";"Esmagador; torturante.";"muxíni a jixitu";"";"";""
"";"Múxitu";"Mato. | Bosque denso e emaranhado | Grenha; matagal.";"mu–ua hoji m'ngo";"";"";""
"";"Múxitu";"Peru do mato.";"Kingungu'a–";"";"";""
"";"Múxixi";"Friccionador | Untador.";"–a mâji";"";"";""
"";"Múxumunu";"A parte ponteaguda das armas dos animais. A parte aguçada da cornucópia. Piso.";"u xiba ku múxumunu";"";"";""
"";"Muzambu";"Adivinhar.";"kuta–";"";"";""
"";"Múzanga";"Uzança; uso | Continuação; emprego frequente.";"izuatu ioSo u a i te ku–";"";"";""
"";"Muzánge";"Danificco; nocivo. | Estragador; destruidor | Extravagante; esbanjador.";"kiáma kia irima";"";"";""
"";"Muzánge";"Danificco; nocivo. | Estragador; destruidor | Extravagante; esbanjador.";"pelekese – a mabata";"";"";""
"";"Muzári";"Estendedor.";"muzári a maxisa";"";"";""
"";"Muzeki";"Dormidor. Aquele que pernoita onde não é costume ficar.";"mulembekimuzeki";"";"";""
"";"Muzeki";"Dormidor. Aquele que pernoita onde não é costume ficar.";"mulembeki muzeki";"";"";""
"";"Muzelese";"Limpador. Que faz assear.";"muzelese ua malonga";"";"";""
"";"Muzénge";"Brandidor. Ameaçante. Que faz menção de atacar ou atirar.";"muzénge ua matari";"";"";""
"";"Múzonga";"Brado; clamor. | Chamamento em voz alta";"kuta múzonga";"";"";""
"";"Muzónge";"Medidor; pesador; avaliador. | Agrimensor.";"muzónge ua jiri";"";"";""
"";"Muzônge";"Sopa; caldo. | Molho.";"kutambula muzônge";"";"";""
"";"Muzuéri";"Loquaz; verboso; falador. | Aquele que outorga.";"muzuéri ua kiri a mu kita poxi";"";"";""
"";"Muzuike";"Amolador.";"muzuike ua jinjangu";"";"";""
"";"Muzuíri";"Espicha | Enfiada | Fio de uma série de coisas.";"muzuíri ua jingondo";"";"";""
"";"Múzuke";"Pilador | Que tritura por meio de pilão";"múzuke a fuba";"";"";""
"";"Muzukita";"Diz-se dos alimentos ou frutos que cozem ao calor (no borralho)";"risa ri abimuzukita";"";"";""
"";"Muzúmbu";"Rebordo; orla; lábio; beiço | Focinho. | Boca | Bucelário; medianeiro | Tradutor; intérprete.";"muzúmbu ua ngulu";"";"";""
"";"Muzúmbu";"Rebordo; orla; lábio; beiço | Focinho. | Boca | Bucelário; medianeiro | Tradutor; intérprete.";"ucnda ni muzúmbu ki k'ajimbiril'ê";"";"";""
"";"Muzúmbu";"Rebordo; orla; lábio; beiço | Focinho. | Boca | Bucelário; medianeiro | Tradutor; intérprete.";"muzúmbu ua ngana";"";"";""
"";"Muzúne";"Descarnador.";"-ua jixitu";"";"";""
"";"Muzúngu";"poupa (das aves)";"muzúngu zungu";"";"";""
"";"Múzuua";"Planta tb. conhecida por Kikole.";"múzuua ngongo";"";"";""
"";"Mwa";"de lugar. Em, no, dentro de.";"muandanhà";"";"";""
"";"Mwambe";"Dizedor.";"muámbea máka";"";"";""
"";"Mwanu";"loc. adv. Longe de mim tal pensar. | Deus me defenda.";"muânu 'ami";"";"";""
"";"Mwanu";"loc. adv. Longe de mim tal pensar. | Deus me defenda.";"muânu'ami";"";"";""
"";"Mwanya";"A luz do dia em que o sol não brilha. | Claridade; transparência; limpidez (do dia)";"o kingumba ki alenge mu muânha";"";"";""
"";"Mwanya";"saudação; cumprimento. | Muânh'o (a que se responde), ( «bom dia te dê Deus» — «seja este o bom dia».)";"muânha iú";"";"";""
"";"Mwanya";"saudação; cumprimento. | Muânh'o (a que se responde), ( «bom dia te dê Deus» — «seja este o bom dia».)";"muânha ó";"";"";""
"";"Mwanya";"saudação; cumprimento. | Muânh'o (a que se responde), ( «bom dia te dê Deus» — «seja este o bom dia».)";"equivalência à saudação portuguesa muânha";"";"";""
"";"Mwanya";"saudação; cumprimento. | Muânh'o (a que se responde), ( «bom dia te dê Deus» — «seja este o bom dia».)";"e a resposta muânha";"";"";""
"";"Mwanyu";"Vagar; lentidão; pachorra. | Tempo; paciência. Calma.";"ki banga o kima muânhu";"";"";""
"";"Mwanyu";"adj. e sub. Paciente; pachorrento; zeloso.";"Mukua muânhu";"";"";""
"";"Mwebhu";"Sobrinho., sobrinho de maior idade.";"muêbu ua kimi";"";"";""
"";"Mwendexi";"Guiador. | Aquele que conduz. | Encaminhado, | fig. Orientador; mestre.";"guia:muendexi a lfófo";"";"";""
"";"Mwendexi";"Guiador. | Aquele que conduz. | Encaminhado, | fig. Orientador; mestre.";"guia muendexi a lfófo";"";"";""
"";"Mwenge";"Planta da família das gramíneas (saccharum officinarum), de que se faz o açúcar. | Cana doce., Planta da família das ericáceas, de utilidade medicinal. | Brejo; urze branca. | Torga.";"muênge ua hîma";"";"";""
"";"Mwenyu";"(II) Alma. A existência, a força espiritual. | Vida. | Valor; coragem. | fig. Coração; o órgão da vida: u a mu tela ku–.";"mutu ua muénhu";"";"";""
"";"Mwenyu";"Folegar; respirar fundo., Suspirar; dar um gemido.";"Kutula–";"";"";""
"";"Mwenyu";"Folegar; respirar fundo., Suspirar; dar um gemido.";"Kusunga–";"";"";""
"";"Mwenyu";"adj. e sub. Ressuscitador. | Que dá vida.";"Kiba–";"";"";""
"";"Mwezu";"Barba.";"muézu ua muari'a-kimi a u sunga ni ndunge";"";"";""
"";"Mwiji";"adj. e sub. Parente; derivado; familiar.";"Mukua muíji";"";"";""
"";"Mwinya";"Espinha. Cravo (na pele); espeto.";"muinha ua mbiji";"";"";""
"";"Myezu";"Barbas. Pêlos que guarnecem o focinho de certos animais.";"miézu sa humbo";"";"";""
"";"Myezu";"Barbas. Pêlos que guarnecem o focinho de certos animais.";"miézu ia nguingi";"";"";""
"";"N'eye";"Contigo | Em tua companhia; dependente da tua vontade.";"ula n'eie";"";"";""
"";"Ná";"Abreviatura de ngana (senhor)";"ná Nzuá";"";"";""
"";"Ná";"Abreviatura de ngana (senhor)";"ná Ionhi";"";"";""
"";"Ná";"Contração da prep. mi e adj. pess. pl. êne. Com eles. | Em companhia de quem se fala.";"ng'atakana ná mu njila";"";"";""
"";"Ná";"Contração da prep. mi e adj. pess. pl. êne. Com eles. | Em companhia de quem se fala.";"ng'endele ná ku bata";"";"";""
"";"Naju";"A eles; lh'os; lh'as.";"mu Katulénaju";"";"";""
"";"Naju";"Com clas.; contigo.";"o jihombo zánaju";"";"";""
"";"Naju";"Em companhia da pessoa que, de quem, ou com quem se fala.";"o jingombe ng'iza; o jingulu kutanaju";"";"";""
"";"Nâke";"Oitavo. Que ocupa o oitavo lugar.";"nâkeria Kizuua";"";"";""
"";"Naku";"Em companhia de quem ou com quem se fala.";"o Kahombo kaná ng'atundu naku mu mbole";"";"";""
"";"Nakyu";"Lh'a; lh'o.";"o kima kiki ng'a mu tambula nakiu mu ikoka";"";"";""
"";"Nakyu";"Comigo; contigo; consigo.";"ng'atundu -ku bata";"";"";""
"";"Nâna";"Gratuitamente; de graça.";"ja kaxinj'a-ngele ja kuvuka o máji, ja kabuja nganga ja xuria nâna";"";"";""
"";"Nâna";"Pov. e posto da circ. civ. do Alto Zambeze, distr. do Moxico, prov. do Bié, 12.995 hab.";"nânaKandundu";"";"";""
"";"Nânbua";"gémeos (constelação zodiacal)";"nânbuani Samba";"";"";""
"";"Nânbua";"Pov. e sede do posto civ. do Ambriz, distr. e prov. de Luanda, 17.534 hab., ambul. sanit. e escola rural.";"nânbuangongo";"";"";""
"";"Nangu";"Lugar de passar o dia.";"hunangu ia manhanga";"";"";""
"";"Nanyi";"Qual; quem.";"nanhiu abange kiki?";"";"";""
"";"Nanyi";"Qual; quem.";"nanhiu abange kiki";"";"";""
"";"Naú";"Com ele; ela.";"mulele u einaú";"";"";""
"";"Nayu";"Lhe; lh'o. | Contigo; com ele. | Em companhia de quem ou com quem se fala.";"ng'a mu bananaiu";"";"";""
"";"Nayu";"Lhe; lh'o. | Contigo; com ele. | Em companhia de quem ou com quem se fala.";"o ngombe tundanaiu";"";"";""
"";"Nayu";"adv. Juntamente.";"O mbeji u ai naiu Kuê?";"";"";""
"";"Nayu";"adv. Juntamente.";"O mbeji u ai naiu Kuê";"";"";""
"";"Nda";"que exprime várias relações. | Para | A fim de; para que.";"ngi bekele menha nda ngi nue";"";"";""
"";"Nda";"que exprime várias relações. | Para | A fim de; para que.";"ivua nda u kijiie";"";"";""
"";"Nda";"copul. Mais; e | Também.";"kuata o mbamba nda uende";"";"";""
"";"Nda";"cordeiro; carneiro novo | Anho; ovelhinha";"Mon'a nda";"";"";""
"";"Nda";"Mulher nobre | Dona: Ndona Maria; Ndona Ngalaxi.";"nda Maria";"";"";""
"";"Nda";"Mulher nobre | Dona: Ndona Maria; Ndona Ngalaxi.";"nda Ngalaxi";"";"";""
"";"Ndaka";"Dizer obscenidades; descompor.";"Kubana ndaka";"";"";""
"";"Ndakale";"Gramínea alimentar para gado cerdoso (suíno).";"K'afu'ê ku luanha mon'a mutu k'afu ê ku ibúbu";"";"";""
"";"Ndându";"Abraço.";"ngi be ndându";"";"";""
"";"Ndangálu";"O rosto de um barco | Proa | A parte dianteira da embarcação no terço do seu comprimento.";"ndangálu ia ulungu";"";"";""
"";"Ndánji";"Parte inferior das plantas que entra na terra e pela qual os vegetais se fixam no solo | Raiz | Rizoma | Base.";"i kuata o mulemba ndánji";"";"";""
"";"Ndánji";"Penedo | Rocha | Filão; mina.";"ritari ria ndánji";"";"";""
"";"Ndánji";"Peça oscilante que faz soar o [sino, à campainha, etc.";"] ndánji continua na coluna seguinte";"";"";""
"";"Ndánji";"Pequeno pau embolado de borracha com que se toca a marimba.";"ndânji ia marimba";"";"";""
"";"Ndânji";"Rio seco.";"ndânji ia loza";"";"";""
"";"Ndânji";"Povoação e sede do posto deste nome, circunscrição civil de Cambambe, Intendência do Cuanza-Norte, distrito e província de Luanda, com 4.577 habitantes.";"Ndânji a Menha";"";"";""
"";"Ndanyá";"Indiferente; inativo | Neutro | Neutral; simples; alheio | De modo indiferente; que não se decide para nenhuma das partes | Que é estranho a tudo.";"u ala mua ndanhá";"";"";""
"";"Ndê";"Vá sem receio; afoitamente.";"ndê maie";"";"";""
"";"Ndéba";"Zoologia. Diz-se do animal que interior ( ) ou exteriormente ( ) vive à custa da substância de outro.";"riuindu";"";"";""
"";"Ndéba";"Zoologia. Diz-se do animal que interior ( ) ou exteriormente ( ) vive à custa da substância de outro.";"ína";"";"";""
"";"Ndele";"Espírito vingador; espírito de sacrificado; fantasma; espírito perturbado por delitos dantes cometidos.";"uêza ndele";"";"";""
"";"Ndele";"Espírito de sacrificador de vítimas, ou de criminoso que se supõe vaguear pela terra para atormentar, perseguir ou imolar os seus próprios descendentes.";"ndele ia rinhanga ria kituxi";"";"";""
"";"Ndémba";"povoação e sede do posto civil do mesmo nome, da circunscrição da Quissama, margem esquerda do rio Cuanza, distrito e província de Luanda, com 2.531 habitantes.";"Ndémb'a xiu";"";"";""
"";"Ndênde";"diz-se do caroço do dendém partido com o coconote agarrado ao caco, próprio para queimar.";"Kibala ndênde";"";"";""
"";"Ndênge";"Menor. Inferior. Adolescente. Fraco; pequeno. Que tem pouca idade; jovem. Que tem pouca extensão, altura ou volume.: ínfimo. Muito pequeno; minúsculo.";"Ndênge toba urie ni makota";"";"";""
"";"Ndênge";"Menor. Inferior. Adolescente. Fraco; pequeno. Que tem pouca idade; jovem. Que tem pouca extensão, altura ou volume.: ínfimo. Muito pequeno; minúsculo.";"Ndênge ia ndengelele";"";"";""
"";"Ndênge";"Criança. Menino. Pequerrucho. Moço. Pl. jindenge.";"mon'a ndênge";"";"";""
"";"Ndo";"Do português 'dó'. Luto; vestuário preto; demonstração de tristeza.";"Kuta ndo";"";"";""
"";"Ndo";"Do português 'dó'. Luto; vestuário preto; demonstração de tristeza.";"Kukala mu ndo";"";"";""
"";"Ndómbe";"Sombrio; em que não há claridade ou luz suficiente; obscuro; que não é claro; baço; moreno; trigueiro; empanado, sem o brilho que lhe é próprio; preto, mate. fig.: falto de alegria; triste.";"mu'nzo ia ndómbe";"";"";""
"";"Ndómbe";"Sombrio; em que não há claridade ou luz suficiente; obscuro; que não é claro; baço; moreno; trigueiro; empanado, sem o brilho que lhe é próprio; preto, mate. fig.: falto de alegria; triste.";"mundele ua ndómbe";"";"";""
"";"Ndómbe";"Sombrio; em que não há claridade ou luz suficiente; obscuro; que não é claro; baço; moreno; trigueiro; empanado, sem o brilho que lhe é próprio; preto, mate. fig.: falto de alegria; triste.";"risanga ria ndómbe";"";"";""
"";"Ndómbe";"Ndómbe a polo: certa qualidade de cobra.";"Ndómbe 'a polo";"";"";""
"";"Ndombo";"Gema que se desenvolve na semente | Grelo | Parte da semente de que se forma a planta | Germe | Plântula | Galadura.";"k'u i fuile kubekela, i afua o ndombo";"";"";""
"";"Ndônda";"Facto de que provém outro; causa; princípio; fonte; origem; ponto de partida; promanação; procedência; tronco de descendência.";"bu ndônda ia maka";"";"";""
"";"Ndônda";"Facto de que provém outro; causa; princípio; fonte; origem; ponto de partida; promanação; procedência; tronco de descendência.";"u a mu te bu ndônda";"";"";""
"";"Ndongo";"igreja; catedral; templo; casa de oração em que se adora uma divindade; lugar onde os fiéis se reúnem para culto divino; sinagoga";"ng'asengele menha mu ndongo";"";"";""
"";"Ndóngo";"Forma regular de um culto externo; cerimónia; solenidade; formalidades convencionais para certos atos; cerimonial; preceito; corpo deliberativo superior; reunião onde se emitem pareceres…";"kubanga o pangu ni ndóngo";"";"";""
"";"Ndóngo";"Forma regular de um culto externo; cerimónia; solenidade; formalidades convencionais para certos atos; cerimonial; preceito; corpo deliberativo superior; reunião onde se emitem pareceres…";"mu ndóngo";"";"";""
"";"Ndonji";"lógico; que sugere ideias; que aconselha, que entusiasma; indutor, inspirador";"ndonji ia maka";"";"";""
"";"Ndu";"(preposição) indicativa de limite, termo, fim; até";"tunde boba ndu baná";"";"";""
"";"Ndúa";"(adjetivo) Diz-se das doenças causadas por derramamento ou excesso de sangue.";"uhaxi ua ndúa";"";"";""
"";"Ndúa";"Em que predomina o sangue; sanguinolento; que derrama muito sangue.";"muamua' ndúa";"";"";""
"";"Ndúa";"(botânica) Planta venenosa com cuja raiz ou casca se prepara o juramento do mbulungu; sanguinheiro (ipotoxicaria).";"kûnua ndúa";"";"";""
"";"Ndúa";"O sangue pútrido que os cadáveres deitam pelo nariz; vermelhidão; o que tem a cor do sangue.";"hubana ndúa";"";"";""
"";"Nduálu";": convertido.";"Mukua nduálu";"";"";""
"";"Nduálu";": convertido.";"Mukuanduálu";"";"";""
"";"Nduézu";"Grande cansaço; esfalfamento; fraqueza; enfraquecimento moral mórbido; debilidade; perda de energia; tudo o que oprime, molesta ou cansa; peso; falta de forças.";"uala ni nduézu";"";"";""
"";"Nduka";"Diz-se das pessoas que têm o mesmo nome; homónima.";"jina ria nduka";"";"";""
"";"Nduku";"Que tem o mesmo nome que outro (falando de pessoas); tocaio; que tem o nome igual ao dos pais, ou a ele relativo; patronímico; (fig.) nome; apelido.";"nduku ia tala";"";"";""
"";"Ndulúlu";"Vesícula aderente ao fígado; fel; bílis; vesícula do fel; amargor; fig. rancor, ódio.";"u alula kala ndulúlu";"";"";""
"";"Ndûmba";"Abundante; numeroso.";"ndûmba ri'atu";"";"";""
"";"Ndûmba";"Muito; tanto.";"ndûmba ria îma";"";"";""
"";"Ndûmba";"(plural) Senhos; muitos.";"ndûmba ria jikandandu";"";"";""
"";"Ndûmbe";"(adjetivo) Macho; do sexo masculino.";"ngulu ia ndûmbe";"";"";""
"";"Ndûmbe";"(adjetivo) Macho; do sexo masculino.";"hombo ia ndûmbe";"";"";""
"";"Ndúmbu";"Prostituta; rameira; meretriz; mulher da vida.";"ndúmbu ia múla";"";"";""
"";"Ndumu";"(verbo transitivo, na locução 'kuta —') Intimidar; ameaçar; meter medo.";"Kuta ndumu";"";"";""
"";"Ndunda";"Omissão; culpa.";"nguami ni u ng'ambate ndunda";"";"";""
"";"Ndúndu";"Dores nos músculos ou nas articulações; reumatismo; reumático.";"uhaxi ua ndúndu";"";"";""
"";"Ndúndu";"Cadáver; cheiro cadavérico.";"kunúa ndúndu";"";"";""
"";"Ndúndu";"Putrefato.";"ku ndúndu";"";"";""
"";"Ndúndu";"Podre.";"u abiluka ndúndu";"";"";""
"";"Ndûndu";"Herdeiro.";"ndûndu ia pang' ie";"";"";""
"";"Ndûndu";"Praia.";"ulungu u akuaka ku ndûndu";"";"";""
"";"Ndúnge";"Aptidão; jeito.";"i banga o kîma ndúnge";"";"";""
"";"Ndúnge";"Habilidade; esperteza.";"kulónga ndúnge";"";"";""
"";"Ndúnge";"Destreza; perícia; arte: o muarí'e u mu betela ku marima.";"k'u mu betel'ê ku ndúnge";"";"";""
"";"Ndúnge";"Destreza; perícia; arte: o muarí'e u mu betela ku marima.";"ndúnge ja kota j'avula";"";"";""
"";"Ndúnge";"Mukua —, adj. Jeitoso";"mukua ndúnge";"";"";""
"";"Ndungu";"fruto da planta citaminácea de forma arredondada, para condimentar.";"ndungu ia kahumbo";"";"";""
"";"Ndungu";"pimenta miúda, muito picante, também conhecida por piripiri.";"ndungu ia kaleketa";"";"";""
"";"Ndungu";"fruto de cardamomo (utilizada como condimento)";"ndungu ia Kongo";"";"";""
"";"Ne";"e pron. poss. def. (contr. da prep. ni e do pron. pess. muéne) com ele: em companhia dele.";"ng'atakana ne";"";"";""
"";"Ne";"e pron. poss. def. (contr. da prep. ni e do pron. pess. muéne) com ele: em companhia dele.";"ndê ne";"";"";""
"";"Ne";"Consigo.";"u alane";"";"";""
"";"Né";"Apesar de; mesmo que.";"néu axulu";"";"";""
"";"Né";"Embora; não: de maneira nenhuma.";"néngo";"";"";""
"";"Né";"Ainda que.";"némbe";"";"";""
"";"Né";"nada.";"néKima";"";"";""
"";"Nga";"Abreviatura de ngana; senhor; senhora.";"Mbaxi";"";"";""
"";"Nga";"Abreviatura de ngana; senhor; senhora.";"Nêxi";"";"";""
"";"Ngaji";"Glutão; que gosta de gulodices; guloso.";"ngaji ia kúria";"";"";""
"";"Ngaji";"Sôfrego; diz-se da criança que mama muito, com sofreguidão.";"ngaji ia kuamua";"";"";""
"";"Ngála";"Vestimenta que não é de luto; trajo claro para atos solenes.";"milele ia ngála";"";"";""
"";"Ngálu";"Balaio.";"kusumbila masa bu ngálu";"";"";""
"";"Ngálu";"Açafate.";"ngálu ia Pungu'a Ndongo";"";"";""
"";"Ngâmba";"Emissário; mensageiro; mandado.";"a ngi tumisa ngâmba";"";"";""
"";"Ngâmbe";"Nem; pelo menos; só quer; ao menos; não.";"ngâmbe ngo mukumbu anga mulokoso";"";"";""
"";"Ngâmbi";"Delator; linguarudo.";"o ngâmbi ki ku mu tele maka";"";"";""
"";"Ngana";"O que possui honras ou dinheiro; Senhor; dono; possuidor; dominador; Cavalheiro; homem de bons sentimentos.";"ngana ia ribata";"";"";""
"";"Ngana";"ngana-ia-riala. Veja-se nganhala.";"ngana ia riiala";"";"";""
"";"Ngana";"ngana-ia-muhatu. Veja-se ngamuhatu.";"ngana ia muhatu";"";"";""
"";"Ngânda";"Pureza de corpo e de alma; Ação, gesto ou palavra que denota pudor; Pudicícia. Carácter do que é pudico.";"ma luanda mu afnamana o ngânda, jimbua j'enda tuxi";"";"";""
"";"Ngándu";"Esteira grossa feita de mâbu, vulgarmente conhecida por luando.";"nga mu zalela rixisa ni ngándu";"";"";""
"";"Nganga";"Salina; lagamar.";"nganga ia múngua";"";"";""
"";"Ngánga";"Sacerdote; profeta; que tem ou revela grande saber | Douto; mestre | Padre; doutor de igreja. | Clérigo; abade | Sábio consumado; jurisconsulto | Mago; mágico | Adivinho.";"nganga ia misambu";"";"";""
"";"Ngánga";"Sacerdote; profeta; que tem ou revela grande saber | Douto; mestre | Padre; doutor de igreja. | Clérigo; abade | Sábio consumado; jurisconsulto | Mago; mágico | Adivinho.";"nganga 'a Nzambi";"";"";""
"";"Ngánga";"Sacerdote; profeta; que tem ou revela grande saber | Douto; mestre | Padre; doutor de igreja. | Clérigo; abade | Sábio consumado; jurisconsulto | Mago; mágico | Adivinho.";"nganga 'a muhongo";"";"";""
"";"Ngánga";"Sacerdote; profeta; que tem ou revela grande saber | Douto; mestre | Padre; doutor de igreja. | Clérigo; abade | Sábio consumado; jurisconsulto | Mago; mágico | Adivinho.";"ngángaia misambu";"";"";""
"";"Ngánga";"Sacerdote; profeta; que tem ou revela grande saber | Douto; mestre | Padre; doutor de igreja. | Clérigo; abade | Sábio consumado; jurisconsulto | Mago; mágico | Adivinho.";"ngánga' a Nzambi";"";"";""
"";"Ngánga";"Sacerdote; profeta; que tem ou revela grande saber | Douto; mestre | Padre; doutor de igreja. | Clérigo; abade | Sábio consumado; jurisconsulto | Mago; mágico | Adivinho.";"ngánga 'a muhongo";"";"";""
"";"Ngánga";"indivíduo que nas cerimónias do juramento ministra o mbulungu ao paciente | Espécie de mestre de cerimónias | Aquele que dá o ndúua ao suposto culpado.";"nganga mbulungu";"";"";""
"";"Ngánga";"indivíduo que nas cerimónias do juramento ministra o mbulungu ao paciente | Espécie de mestre de cerimónias | Aquele que dá o ndúua ao suposto culpado.";"ngánga mbulungu";"";"";""
"";"Ngánga";"aleivoso | Caluniador | Difamador | Que comete aleivosia | Charlatão";"nganga sêse";"";"";""
"";"Ngánga";"aleivoso | Caluniador | Difamador | Que comete aleivosia | Charlatão";"ngángasêse";"";"";""
"";"Ngánga";"Perdulário | Pródigo | Que dissipa a sua fortuna com gastos excessivos | Pessoa pródiga.";"nganga 'a iangu";"";"";""
"";"Ngánga";"Perdulário | Pródigo | Que dissipa a sua fortuna com gastos excessivos | Pessoa pródiga.";"ngánga 'a iangu";"";"";""
"";"Ngánga";"sub. Peixe fisóstomo murénida | Enguia.";"nganga 'a-muriángu";"";"";""
"";"Ngánga";"sub. Peixe fisóstomo murénida | Enguia.";"ngánga 'a-muriángu";"";"";""
"";"Ngánga";"Escátula | Caixinha em que se recolhem as relíquias dos antepassados de uma família, de uma tribo, de um Estado | Boceta | Sacrário | Lugar reservado às coisas que apreciamos e respeitamos. | Pl. jingánga.";"nganga 'a ndala";"";"";""
"";"Ngánga";"Escátula | Caixinha em que se recolhem as relíquias dos antepassados de uma família, de uma tribo, de um Estado | Boceta | Sacrário | Lugar reservado às coisas que apreciamos e respeitamos. | Pl. jingánga.";"ngánga 'a ndala";"";"";""
"";"Ngángu";"Bofetada.";"a mubana ngángu";"";"";""
"";"Ngángu";"Bofetada.";"Tendu ia ngángu";"";"";""
"";"Ngángu";"Fermentado; ardido. Azedo.";"kunúâ ngángu";"";"";""
"";"Ngangúla";"Operário que trabalha em ferro. Ferreiro. Forjador. Fabricante de obras de ferro.";"u atulama ku kunda ria ngangúla k'atul' è soso";"";"";""
"";"Nganji";"Julgador. Pessoa que julga. Juiz. Desembargador. Árbitro.";"nganji ia maka";"";"";""
"";"Nganji";"Que come muito. Comilão.";"nganji ia kuria";"";"";""
"";"Ngánji";"atrevido; soberbo. Malcriado; insolente.";"ngánji ngánji k'eni' é rijinu";"";"";""
"";"Ngánji";"atrevido; soberbo. Malcriado; insolente.";"Mukua ngánji";"";"";""
"";"Nganyâla";"Tratamento dado ao homem casado. Senhor. Amo. (Corrupção de ngana ia ritala.)";"muári nganhâla";"";"";""
"";"Nganza";"Copo, caneca sem asa. Pequena cabaça, vaso para beber água, vinho, etc. (fig.) Bebedeira.";"nganza ia malúvu";"";"";""
"";"Ngánza";"Escuro. Ferrete (cor escura). Cor de ferro. Tirante a ferro.";"mulombe'a ngánza";"";"";""
"";"Ngaxâxa";"Movimento convulsivo dos músculos das vias respiratórias seguido de explosão ruidosa do ar; esternutação; espirro.";"Kuta ngaxâxa";"";"";""
"";"Ngéki";"Do mesmo modo que; assim como; conforme; como; quando; logo que; se; uma vez que.";"tu loloke o makongo ngéki tu loloka m'aketu";"";"";""
"";"Ngéki";"Do mesmo modo que; assim como; conforme; como; quando; logo que; se; uma vez que.";"eie uiza ngéki ene ki ngitunda";"";"";""
"";"Ngéla";"O ocidente; o lado onde o sol se põe; ocaso.";"mu ngéla";"";"";""
"";"Ngêla";"Cada uma das pontas sólidas de alguns animais; chavelho; corno; chifre para usos domésticos.";"ngêla ia ngómbe";"";"";""
"";"Ngelelu";"O que se come habitualmente com pão, funji, farinha, etc.; condimento; conduto.";"u bana o mbiji, u bana ni ngelelu";"";"";""
"";"Ngéma";"Bocado";"ngéma ia kiringu";"";"";""
"";"Ngéma";"Pessoa que prepara ou recolhe da palmeira o vinho";"ngéma u aribembula, uia ni maluvu me";"";"";""
"";"Ngémi";"Vindimador";"ngémi a maluvu";"";"";""
"";"Ngénda";"Cova de feras; covil";"ngénda ia jihoji";"";"";""
"";"Ngene";"Alheio";"kima kia ngene";"";"";""
"";"Ngene";"Estranho; desviado";"mutu ua ngene";"";"";""
"";"Ngene";"Pessoa boa";"muhatu ua ngene";"";"";""
"";"Ngene";"Os que não são da nossa casa ou família";"atu a ngene";"";"";""
"";"Ngênga";"Que se separa ou serve de separação";"u ala mu ngênga";"";"";""
"";"Ngênga";"A coisa que separa ou serve para separar";"kuta ngênga";"";"";""
"";"Ngênga";"A parte separada do todo";"kala kima ni ngêngale";"";"";""
"";"Ngênga";"Separadamente | Isoladamente | A sós; à parte.";"mu ngênga";"";"";""
"";"Ngénge";"Cujo sabor é azedo; ácido; acre; (fig.) ladino, esperto.";"u âbia kala ngénge";"";"";""
"";"Ngênji";"Viajante; forasteiro; estrangeiro; caminhante; passageiro; negociador; peregrino; romeiro.";"ngênji ni muhamba ue";"";"";""
"";"Ngi";"Me; mim; a mim; minha pessoa.";"ngi bâne";"";"";""
"";"Ngi";"Me; mim; a mim; minha pessoa.";"ngi tâle";"";"";""
"";"Ngijí";"Riacho | Ribeiro | Pequeno rio.";"bu ngijí ia menha";"";"";""
"";"Ngijí";"Conhecido; que conhece; pessoa que nos é conhecida; do nosso conhecimento.";"mutu ua ngijí";"";"";""
"";"Ngijí";"Conhecido; que conhece; pessoa que nos é conhecida; do nosso conhecimento.";"atu à ngijí";"";"";""
"";"Ngímbi";"Que canta | Pessoa que sabe cantar | Cantor | Cantador.";"ngímbi k'arimb'ê, nganga ia imbanda k'arisak'ê";"";"";""
"";"Ngínda";"Antes; melhor | De preferência | Pelo contrário.";"ngínda kuzuela kianbote lumoxi, kana kuzuela kutondala";"";"";""
"";"Ngínda";"Para que.";"ngínda muxima u betuke";"";"";""
"";"Ngínde";"Notável; ilustre; dom | Insigne.";"ug'akexile ngínde, ngínde ia ngene, ku ngene u akolo o muenhu";"";"";""
"";"Ngînga";"Pl. jinginga.";"ngînga ia risa";"";"";""
"";"Ngínza";"Campainha de latão ou folha que se agita como sineta | Chocalho (para bois, cabras, etc.). | Pl. jingínza.";"ngínza j'a xiki pombo j'abandula";"";"";""
"";"Ngiri";"(IX) Parente; familiar; amigo | Pessoa de nossa intimidade, de nossa família | Semelhante.";"ngiri u bínda-ie";"";"";""
"";"Ngixí";"Que | O seguinte.";"ngixí u alungu'ê";"";"";""
"";"Ngó";"Só; sòzinho | Não acompanhado | Único | Sem mais nada | Sem ornatos ou pompas | Vasto; seco | Singelo; simples; puro; não corrompido | Árido, enfadonho. | Dado, concedido de graça | Gratuito.";"uala ngó";"";"";""
"";"Ngó";"Só; sòzinho | Não acompanhado | Único | Sem mais nada | Sem ornatos ou pompas | Vasto; seco | Singelo; simples; puro; não corrompido | Árido, enfadonho. | Dado, concedido de graça | Gratuito.";"umoxi ngó";"";"";""
"";"Ngó";"Só; sòzinho | Não acompanhado | Único | Sem mais nada | Sem ornatos ou pompas | Vasto; seco | Singelo; simples; puro; não corrompido | Árido, enfadonho. | Dado, concedido de graça | Gratuito.";"mukuri ua ngó";"";"";""
"";"Ngó";"Só; sòzinho | Não acompanhado | Único | Sem mais nada | Sem ornatos ou pompas | Vasto; seco | Singelo; simples; puro; não corrompido | Árido, enfadonho. | Dado, concedido de graça | Gratuito.";"mutu ua ngó";"";"";""
"";"Ngó";"Só; sòzinho | Não acompanhado | Único | Sem mais nada | Sem ornatos ou pompas | Vasto; seco | Singelo; simples; puro; não corrompido | Árido, enfadonho. | Dado, concedido de graça | Gratuito.";"kubanga ngó";"";"";""
"";"Ngó";"Serviço prestado gratuitamente | Favor | Serviço recebido sem retribuição | Proteção; amparo.";"kukalakala kua ngó";"";"";""
"";"Ngó";"Apenas; sòmente | Gratuitamente | Unicamente | Sem suavidade; sem importância | Gratis.";"ng'ambe ngó";"";"";""
"";"Ngó";"Apenas; sòmente | Gratuitamente | Unicamente | Sem suavidade; sem importância | Gratis.";"ula ngó mûngu";"";"";""
"";"Ngó";"Apenas; sòmente | Gratuitamente | Unicamente | Sem suavidade; sem importância | Gratis.";"kima kia ngó";"";"";""
"";"Ngoê";"(IX) Choro lamentoso | Lástima | Lamentação | Choro plangente por perda de pessoa querida.";"ngoê,âta ku' alunga a ngi tolola o xingu";"";"";""
"";"Ngóho";"Só; Dado, concedido de graça; Gratuito.";"a ki bana ngóho";"";"";""
"";"Ngôji";"Corda; prisão; cadeia.";"a mu te bu ngôji";"";"";""
"";"Ngôji";"Membrana que prende a língua pela parte inferior; Freio; Ligamento do prepúcio.";"ngôji ia rimi";"";"";""
"";"Ngôji";"genealogia; sequência.";"ngôji ia rívumu";"";"";""
"";"Ngôji";"placentário ou cordão umbilical";"ngôji ia hoa";"";"";""
"";"Ngókio";"Inutilmente; Debalde; Em vão; Baldadamente; De graça; gratuitamente";"a ki bange ngókio";"";"";""
"";"Ngôla";"Nome do rei do Dongo, dado ao território que compreende a mais vasta e rica província de Angola.";"ixi ia ngôla";"";"";""
"";"Ngôla";"Diz-se daquele que, em campo de batalha, dirige as operações da guerra. Equivale ao Chefe dos Exércitos";"ngôla ' a mâta";"";"";""
"";"Ngôla";"Instrumento musical semelhante a bandolim; Espécie de pandeiro com braço como o da viola; Banjo.";"ngôla mata";"";"";""
"";"Ngôla";"Título equivalente a superintendente das despesas da casa real; Mordomo-mor; Título e funções de administrador dos bens do rei; Veador.";"ngôla mbole";"";"";""
"";"Ngôla";"Planta herbácea, cuja raiz, em bebida, emprega-se como contra-peçonha.";"ngôla muxi";"";"";""
"";"Ngôla";"4.º rei de Angola, com corte no conc. de Ambaca (Hari), convertido ao cristianismo em 1614, em que se transferiu para Pungo-Adongo.";"ngôla Kanini";"";"";""
"";"Ngôla";"4.º rei de Angola, com corte no conc. de Ambaca (Hari), convertido ao cristianismo em 1614, em que se transferiu para Pungo-Adongo.";"Neto de ngôla Kiluanji";"";"";""
"";"Ngôla";"adj. Angolense; De Angola; Natural ou pertencente às terras de 'Ngola (Angola)";"Mukua ngôla";"";"";""
"";"Ngolokela";"Prevenção: aviso; notícia | Pregão | Bando | Grupo de indivíduos que percorrem a localidade anunciando um acontecimento | Édito | Anúncio.";"mu ngongo mu abiti ngolokela";"";"";""
"";"Ngolôlo";"Arruaça | Gritaria | Assuada | Alarido; berreiro.";"a mu te ngolôlo";"";"";""
"";"Ngóloxi";"Espaço do dia compreendido entre a meia tarde e o escurecer | Tarde | O fim do dia | Tardinha | A tarde | Véspera | O ocaso | O anoitecer.";"mu ngóloxi";"";"";""
"";"Ngóloxi";"expressão equivalente à «boa tarde; esta tarde»";"ngóloxi'ei";"";"";""
"";"Ngóma";"Instrumento músico feito de comprido pau oco, tendo na extremidade de maior largura uma pele tensa, sobre que se toca com a mão. | Tambor | Bombo | Som produzido pelo tanger do tambor | Rufo | Sinal de alarme";"ngóma 'a putu";"";"";""
"";"Ngómbo";"Deus da Verdade | Deus dos Deuses.";"kuxingila ngómbo";"";"";""
"";"Ngómbo";"Doença cerebral caracterizada por síncopes convulsas | Epilepsia | Gota coral.";"uhaxi ua ngómbo";"";"";""
"";"Ngondo";"com que se forma o futuro dos verbos, correspondente à 1.ª pessoa do sing.: hei-de, etc.";"ngondo ria";"";"";""
"";"Ngondo";"com que se forma o futuro dos verbos, correspondente à 1.ª pessoa do sing.: hei-de, etc.";"ngondo zeka";"";"";""
"";"Ngondo";"com que se forma o futuro dos verbos, correspondente à 1.ª pessoa do sing.: hei-de, etc.";"ngondo tala";"";"";""
"";"Ngôndo";"O próprio metal (ouro)";"kitari kia ngôndo";"";"";""
"";"Ngônga";"Doença cutânea que se manifesta sob diversos aspectos: a erisipela; a escrófula; a titinga; o cancro, e os defeitos naturais de pessoas ou coisas.";"sa njia ngônga";"";"";""
"";"Ngônga";"Cofre | Caixa para guardar dinheiro ou outros valores.";"kubaka kitari mu ngônga";"";"";""
"";"Ngônga";"Antiga povoação do corog. concelho de Massangano, freguesia de N.S. da Vitória, circunscrição civil de Cambambe, província de Luanda.";"ngônga 'a ndala";"";"";""
"";"Ngônge";"Cada um dos segmentos que formam o corpo dos animais articulados | Artículo | Falange | Junta | Juntura dos ossos | Articulação.";"ngônge ia mulembu";"";"";""
"";"Ngônge";"Osso comprido dos membros | Cana | Lugar (do corpo) correspondente a uma articulação | Extremidade | Pulso.";"ngônge ia kinama";"";"";""
"";"Ngônge";"Osso comprido dos membros | Cana | Lugar (do corpo) correspondente a uma articulação | Extremidade | Pulso.";"ngônge ia lukuaku";"";"";""
"";"Ngônge";"Banda; beira; margem (de rio): -ni";"ngônge ni";"";"";""
"";"Ngônge";"— ki bu kal'ê márinda";"ngônge ki bu kal'ê márinda";"";"";""
"";"Ngônge";"Cada uma das divisões da cana de açúcar; do caniço, etc.";"ngônge ia muênge";"";"";""
"";"Ngônge";"Cada uma das divisões da cana de açúcar; do caniço, etc.";"ngônge ia ritetele";"";"";""
"";"Ngóngo";"Sofrimento | Tribulação | Padecimento | Martírio | Pesar.";"kumona ngóngo";"";"";""
"";"Ngóngo";"Trabalho forçado; desgraça | Aperto; dificuldade | O mundo, a labuta, o meio, a vida | Modo de viver | Pelo mundo, pela vida fora.";"kuia mu ngóngo";"";"";""
"";"Ngóngo";"Trabalho forçado; desgraça | Aperto; dificuldade | O mundo, a labuta, o meio, a vida | Modo de viver | Pelo mundo, pela vida fora.";"kuvuala ku 'arile o kanjila mu ngóngo";"";"";""
"";"Ngóngo";"Alimentação e necessidades da vida | Sociedade | Convivência.";"sumba ndungu ku sakuke, ki ûia mu ngóngo ku sakele";"";"";""
"";"Ngongolo";"Grupo de pessoas | Magote | Rancho.";"mu ngongolo i'atu";"";"";""
"";"Ngongólo";"Que tem a cor da casca de castanha | Castanho.";"rikoua riangongólo";"";"";""
"";"Nguá";"Não querem | Não admitem; não aceitam; não consentem.";"nguá kûria";"";"";""
"";"Ngúba";"Fruto de amendoeira, de difícil extinção no solo | Bago de ginguba | Amêndoa";"ngúba k'abuê bôxi, mulonga k'abuê ku muxima.";"";"";""
"";"Nguim!";"para significar o encarniçamento dos olhos.";"mesu nguim!";"";"";""
"";"Nguim!";"Expressão significativa do encarnado vivo.";"menha m'êri nguim!";"";"";""
"";"Ngulatata";"De cor de carne. Encarniçado. Vermelho como carne viva. Tinto de sangue.";"mêsu ngulatata";"";"";""
"";"Ngúlu";"Género tipo da fam. suida | Porco; cevado | A carne deste animal | Género de peixes, assim chamados em razão da sua gordura. | fig. Comilão; alarve.";"xitu ia ngúlu";"";"";""
"";"Ngúlu";"adj. Triquinado | Triquinoso | Diz-se do porco padecente de triquinas.";"ngúlu ia masa";"";"";""
"";"Ngulungu";"Antílope malhado de tamanho maior que a corça | Gazela | Veado.";"kuzeka bu kiba kia ngulungu ku kingila-bu kizuua kûkia";"";"";""
"";"Ngulungu";"Antílope malhado de tamanho maior que a corça | Gazela | Veado.";"ngulungu io u bita ndemba ku mulue j'a mu kusuka";"";"";""
"";"Nguma";"(IX) Traidor | Perigoso sem o parecer | Que faz mal inesperadamente | Inimigo | Traiçoeiro; pérfido.";"ndundu nguma";"";"";""
"";"Ngumba";"Amigo do trabalho | Operário; oficial (do ofício). Jornaleiro | fig. Antiga moeda de cobre no valor de 3 ctv. (30 reis)";"ng'a mu bana ngumba";"";"";""
"";"Ngumba";"sub. Inseto género dos himenópteros, cuja larva é parasita em outros insetos | Icneumon.";"ngumba tete";"";"";""
"";"Ngundu";"Restos de edifícios; destroços; ruínas | Diz-se dos lugares dantes habitados, ou de povoações desaparecidas | Restos de civilizações passadas. | Despovoado | Lugar desabitado.";"bu sanzala bu axala ngundu";"";"";""
"";"Ngúndu";"— 'a-ndula, Ave dentirostra que canta de madrugada | Rouxinol | fig. Pessoa que canta bem.";"Ngúndu 'a-ndula";"";"";""
"";"Ngúnga";"Qualquer instrumento sonoro | Sino | Som produzido pela pancada dada no sino | Badalada | fig. Tagarela. Pessoa que fala muito ou não guarda segredos.";"kuxika ngúnga";"";"";""
"";"Ngúnga";"Corrente (de canal, de rio) | Marcha de um líquido em determinada direção. | Movimento de ar ou fluido em certa direção.";"ngúnga ia muîji";"";"";""
"";"Ngúnga";"Corrente (de canal, de rio) | Marcha de um líquido em determinada direção. | Movimento de ar ou fluido em certa direção.";"mungúngaia mulenge";"";"";""
"";"Ngúnga";"Correnteza | Fileira; série ininterrupta | Ímpeto no avançar | Impetuosidade | Uso.";"mu ngúnga ia mulundu";"";"";""
"";"Ngúnga";"Correnteza | Fileira; série ininterrupta | Ímpeto no avançar | Impetuosidade | Uso.";"u endela mu ngúnga";"";"";""
"";"Ngúnga";"Que vai correndo ou passando. | Que se agita com ímpeto | Que se arroja com violência | Impetuoso; veemente.";"mu ngúnga ia kizuua";"";"";""
"";"Ngúnga";"Correntemente; com desembaraço | Familiarmente; sem obstáculo.";"kutangela mukanda mu ngúnga";"";"";""
"";"Ngungu";"Superior; maioral; de alta posição ou categoria | Comandante; chefe | O maior de todos | fig. Governador.";"uná muene o ngungu";"";"";""
"";"Ngúngu";"Peru do mato á-njila.";"ngúngu 'a-njila";"";"";""
"";"Ngúngu";"Abutre | Devorador de carnes 'a xitu.";"ngúngu 'a-xitu";"";"";""
"";"Ngúngu";"Fruto ou casca da mafumeira";"ngúngu mufuma";"";"";""
"";"Ngúnji";"Pilar que sustenta abóbada ou entablamento | Coluna | Pau que, devido à sua grossura e resistência, se coloca nos cantos da casa para a fortificar | Sustentáculo | Escora; apoio; encosto; base.";"ngúnji ia'nzo";"";"";""
"";"Ngúnji";"Hipoteca; penhor | O que nos garante contra o perigo | Segurança | Firmeza | O que serve de garantia | Faculdade | Poder.";"kuta ngúnji";"";"";""
"";"Ngúnji";"Hipoteca; penhor | O que nos garante contra o perigo | Segurança | Firmeza | O que serve de garantia | Faculdade | Poder.";"u banga o kima u kala ni ngúnji";"";"";""
"";"Ngúnza";"Personagem nascida de um ser divino e outra mortal | Herói | Varão ilustre e grande por feitos de coragem | Semi-deus; Senhor dos exércitos.";"ngúnza iu îta";"";"";""
"";"Ngúnza";"Objeto que exerce grande influência ou poder | Divindade | Deus.";"kiene ki a ngi xinda ngúnza";"";"";""
"";"Ngunzu";"De pouca duração | Efémero | Que dura pouco | Inconsistente.";"muenhu ua ngunzu";"";"";""
"";"Ngunzu";"De pouca duração | Efémero | Que dura pouco | Inconsistente.";"kîma kia ngunzu";"";"";""
"";"Nguri";"Pai; procriador; progenitor | Que produz a geração | Tronco; raiz.";"nguri 'âna";"";"";""
"";"Ngûtu";"Utensílio para levar à boca substâncias brandas | Colher | Ferramenta de pôr argamassa nas paredes | Instrumento em forma de colher.";"ngûtu ia kulambela";"";"";""
"";"Nguvulu";"Aquele a quem se confia o governo de um distrito ou província | Governador | Chefe do governo.";"nguvulu ia xi";"";"";""
"";"Ngúzu";"Faculdade de operar, de executar, de mover | Força | Valentia | Vigor | Rijeza; poder da musculatura | Firmeza; energia | Esforço; resistência | Violência.";"kubela kua'mbua, ngúzu mu ifuba";"";"";""
"";"Ngúzu";"Faculdade de operar, de executar, de mover | Força | Valentia | Vigor | Rijeza; poder da musculatura | Firmeza; energia | Esforço; resistência | Violência.";"kuxinjika ni ngúzu";"";"";""
"";"Ngúzu";"O grosso ou a parte principal de alguma coisa. | Solidez.";"ngúzu ia poko ku mubinhi";"";"";""
"";"Ngwami";"loc. adv. De maneira nenhuma | Não pode ser | Não posso consentir.";"nguámi ami";"";"";""
"";"Ngwé";"e pron. interrog. Não queres ou não quer.";"ngué kûnua.";"";"";""
"";"Ngwé";"e pron. interrog. Não queres ou não quer.";"ngué kûnua";"";"";""
"";"Ngwenu";"e pron. interrog. pl. Não quereis; não consentis.";"nguénu kulamba";"";"";""
"";"Ngwenu";"De forma nenhuma. Não podeis consentir.";"nguénu 'enu";"";"";""
"";"Ngwetu";"Não queremos. Não aceitamos. Não consentimos: Não aceitamos de maneira nenhuma. Não podemos consentir.";"nguétu kitari";"";"";""
"";"Ngwetu";"Não queremos. Não aceitamos. Não consentimos: Não aceitamos de maneira nenhuma. Não podemos consentir.";"nguétu 'etu";"";"";""
"";"Ni";"copulativa. E; mais; também.";"emeniele";"";"";""
"";"Ni";"Preposição que estabelece várias relações: de companhia; de modo; causal, etc.";"ng'alniNgúxi";"";"";""
"";"Ni";"Preposição que estabelece várias relações: de companhia; de modo; causal, etc.";"kukalaxalaningúzu";"";"";""
"";"Ni";"Preposição que estabelece várias relações: de companhia; de modo; causal, etc.";"kulekelanimbâmbi";"";"";""
"";"Njîlu";"Desjejua.";"kurianjîlu";"";"";""
"";"Njímba";"Dança indígena.";"kukina njímba";"";"";""
"";"Njímbu";"Pequeno búzio pescado na costa oposta da ilha de Luanda e que circulava como moeda no antigo reino do Congo. | Moeda; dinheiro: mu luanda mu afumana o ngânda | Cauri.";"muia njímbu";"";"";""
"";"Njímbu";"Pequeno búzio pescado na costa oposta da ilha de Luanda e que circulava como moeda no antigo reino do Congo. | Moeda; dinheiro: mu luanda mu afumana o ngânda | Cauri.";"ki mu vutuk'ê njímbu";"";"";""
"";"Njímbu";"Galeria; túnel. | Compartimento alongado para guardar ou esconder objetos de valor | Quadrúpede do género dos braquípodes, que vive em túneis que faz debaixo da terra e se alimenta de ervas e de térmitas. | Tamanduá.";"rikungu ria njímbu";"";"";""
"";"Njímbu";"ave sindáctila.";"mu luanda mu afumana o ngânda, muia njímbu, ki mu vutuk'ê njímbu";"";"";""
"";"Njímbu";"ave sindáctila.";"kilangala njímbu";"";"";""
"";"Njimu";"Inteligente | Esperto | Prudente; culto | Diligente; que tem habilidade | Engenhoso | fig. Astuto; velhaco.";"ribunda ri akutu njimu kioua k'arikutunun'ê.";"";"";""
"";"Njimu";"Inteligente | Esperto | Prudente; culto | Diligente; que tem habilidade | Engenhoso | fig. Astuto; velhaco.";"kurimuka kua kioua ku atunda kunjimu";"";"";""
"";"Njimu";"Inteligente | Esperto | Prudente; culto | Diligente; que tem habilidade | Engenhoso | fig. Astuto; velhaco.";"ribunda ri akutu njimu kioua k'arikutunun'ê";"";"";""
"";"Njinda";"Ira; indignação; raiva | Cólera; fúria | Inimizade.";"ng'a mu kuatela njinda";"";"";""
"";"Njînji";"Quadrúpede do gén. cão | Raposa.";"njînji u lenga o nvula";"";"";""
"";"Njînji";"mamífero carniceiro felídeo, maior que a raposa | Lobo cerval | Lince.";"njînji 'a ngo";"";"";""
"";"Njînji";"formiga brava | Formiga que ferra";"njînji 'a songo";"";"";""
"";"Njongo-njongo";"Coisa mínima, insignificante.";"kama ka njongo-njongo";"";"";""
"";"Njungu";"Branco e alourado. Louro. Que tem a cor e o cabelo louro. Por extensão: Fino; educado; correto. De maneiras delicadas.";"mundele ua njungu";"";"";""
"";"No";"substantivo. Expressão que traduz «o estar calados». Nem pio; silêncio.";"u ilano";"";"";""
"";"Nvúnga";"v.tr. Ameaçar.";"kutanvúnga";"";"";""
"";"Nvunji";"Gravidez em que não cessa a menstruação.";"kuimitanvunji";"";"";""
"";"Nvunji";"Caninana.";"nvunjia nhoxa";"";"";""
"";"Nvwale";"Nativo; nato., s. sª (senhor, senhora)";"Muenenvuale";"";"";""
"";"Nyáku";"Cheio até não mais. Repleto; prenhe. | É tb. interj.";"rivumunháku";"";"";""
"";"Nyánga";"Abrev. de rinhanga. Caçador (É tb. nome próprio)";"nhángaria ngenga";"";"";""
"";"Nyánga";"sacrificador; assassino confesso.";"nhángaria xituxi";"";"";""
"";"Nyange";"Ave branca de bico comprido.";"nhange nhange";"";"";""
"";"Nyange";"Pov. e sede do posto civ. da circ. de Cambambe, margem do rio Quanza, no caminho que vai do Dondo para Pungo-Andongo.";"nhangea Pepe";"";"";""
"";"Nyanya";"Bocejar.";"Kuta-nhanha";"";"";""
"";"Nyanya";"Bocejar.";"Kutanhanha";"";"";""
"";"Nzabá";"Sabão., Ensaboar.";"kuta nzabá";"";"";""
"";"Nzabá";"Sabão., Ensaboar.";"kutanzabá";"";"";""
"";"Nzámba";"Associação.";"Inzo ianzámba";"";"";""
"";"Nzāmbi";"o Ser Supremo; o Todo Poderoso.";"nzāmbiPungu";"";"";""
"";"Nzāmbi";"Ídolo.";"nzāmbiia muxi";"";"";""
"";"Nzângu";"Parelha; par: —la jingombe.";"nzângula jIngombe";"";"";""
"";"Nzângu";"Toscura.";"mesene lunzângu";"";"";""
"";"Nzânza";"A prumo.";"kuimana nzânza";"";"";""
"";"Nzebêle";"Insensível; estupefato.";"u axala nzebêle";"";"";""
"";"Nzébu";"Mucosidade que soltam alguns animais.";"nzébula hole";"";"";""
"";"Nzébu";"Conferva; limo.";"nzébula mênha";"";"";""
"";"Nzéke";"Envólucro feito da entrecasca do imbondeiro para condução de cereais.";"nzéke la fuba";"";"";""
"";"Nzêmba";"Regaço; seio; conforto.";"o nzêmba i ambatele o mama, i ambata o mona";"";"";""
"";"Nzênda";"Margem, beira do precipício.";"u axikamena kunzênda";"";"";""
"";"Nzenza";"Nome do rio Bengo.";"ng'a mu tumine menha mu nzenza ngandu tau mu ambata";"";"";""
"";"Nzenzela";"Enfiada; fio (de pérolas, etc.)";"nzenzela la jingondo";"";"";""
"";"Nzêri";"Piruetar.";"kuta nzêri";"";"";""
"";"Nzéta";"Fresco; tenro.";"Kiringu klanzéta";"";"";""
"";"Nzéta";"Saído há pouco da terra ou da haste.";"masa manzéta";"";"";""
"";"Nzéu";"Formigão.";"ngi tunga ninzéu, kisonde u muanga o ribata";"";"";""
"";"Nzói";"Sonhar; fantasiar.";"Kuanda nzói";"";"";""
"";"Nzóngo";"Etapa. Distância; itinerário; marcha.";"nzóngo ia njila";"";"";""
"";"Nzûmba";"Eclipse.";"usuku uanzûmba";"";"";""
"";"Nzûmba";"A cor roxa (que toma a lua num eclipse)";"ni boxi ni bulu axikinenzûmba";"";"";""
"";"Nzûmba";"Amojo.";"mele manzûmba";"";"";""
"";"Nzûmba";"O planeta Marte.";"ngananzûmba";"";"";""
"";"Nzûmbi";"Luende; alma penada. | Espírito que se supõe vaguear pelo mundo a atormentar os vivos. | Espírito perturbado, atormentado, perseguido.";"nzûmbiia kilangulangu";"";"";""
"";"Nzûna";"Cenho; carranca.";"Mukuanzûna";"";"";""
"";"Nzûna";"Cenho; carranca.";"Kutanzûnaku p:lo";"";"";""
"";"Nzunga";"Ambulância; artigo de venda ambulante.";"xima kianzunga";"";"";""
"";"Nzunga";"adj. Ambulante.";"Mukuanzunga";"";"";""
"";"Nzunga";"vagabunda; mulher da rua, dada aos prazeres.";"Kirianzunga";"";"";""
"";"Nzungu";"Triste; ermo; desolado. Desabitado; despovoado.";"o'xii axala nzungu";"";"";""
"";"Nzungule";"Pleno.";"munzunguleia kizuua";"";"";""
"";"Nzungule";"Durante. No decorrer de.";"munzunguleia mûvu";"";"";""
"";"Nzungule";"Durante. No decorrer de.";"munzunguleia múvu";"";"";""
"";"O";"adjetivo e pronome demonstrativo. Este, essa, esses, essas: o mutu'—u abele; o axong'—alenge.";"o mutu'ou abele";"";"";""
"";"O";"adjetivo e pronome demonstrativo. Este, essa, esses, essas: o mutu'—u abele; o axong'—alenge.";"o axong'oalenge";"";"";""
"";"Oio";"advérbio. Por aí; por esse lado ou caminho. Por aí fora.";"endela o njil'oio";"";"";""
"";"Ojo";"Esses; essas.";"o jingut'ojoj'anhungu.";"";"";""
"";"Oko";"Abreviatura do advérbio kóko. Aí.";"ku mbanduoko";"";"";""
"";"Oko";"e pron. demonstrativo (X). Essa, esse.";"o kangutu'oko, k'atoloxa.";"";"";""
"";"Olo";"Esse; essa.";"o lumbu'ololu abengalala";"";"";""
"";"Omo";"Abreviação do adv. de lugar mómo. Aí (dentro)";"m'onz'omomu avaudu";"";"";""
"";"Omo";"e pron. demonstrativo pl. (VII) Esses; essas.";"o malumuenu'omo, ma ngene";"";"";""
"";"Ondo";"Prefixo com que se forma o futuro dos verbos. Hão-de.";"eneondoxuenda lelu";"";"";""
"";"Orio";"e pron. demonstrativo (IV) Esse, essa. Abreviação de riório.";"o ritari'oriori aneme";"";"";""
"";"Othó";"Manancial. | Fonte. | fig. Princípio, origem.";"oto la wênha";"";"";""
"";"Ozo";"Palavra equivalente ao sufixo -lam dos verbos portugueses: andar-iam; vir-lam, etc., etc.";"ozomona";"";"";""
"";"Ozo";"Palavra equivalente ao sufixo -lam dos verbos portugueses: andar-iam; vir-lam, etc., etc.";"ozokuenda";"";"";""
"";"Ozo";"Palavra equivalente ao sufixo -lam dos verbos portugueses: andar-iam; vir-lam, etc., etc.";"ozolenga";"";"";""
"";"Pakála";"Antiga medida de capacidade. Taleiga.";"pakálala fuba";"";"";""
"";"Paku";"Arruda. Planta fam. das rutáceas (Zauthaxylum nitens) de madeira resistente, própria para medicação e construções.";"múxi uapaku";"";"";""
"";"Paku";"Arruda. Planta fam. das rutáceas (Zauthaxylum nitens) de madeira resistente, própria para medicação e construções.";"múxi ua paku";"";"";""
"";"Paku";"Todos, todas. | Sem exceção. | Tudo.";"atu paku alenge";"";"";""
"";"Paku";"Todos, todas. | Sem exceção. | Tudo.";"paku di";"";"";""
"";"Paku";"Totalmente; ao todo.";"atupakualenge";"";"";""
"";"Paku";"Totalmente; ao todo.";"pakudi";"";"";""
"";"Paku";"Totalmente; ao todo.";"pakuene";"";"";""
"";"Paku";"A soma; o conjunto.";"pakupakua xi banga";"";"";""
"";"Paku";"ene, todos eles; sem restrição. | ——, adj. indef. Uns ou umas (entre vários). | Quaisquer.";"pakupaku a xi banga";"";"";""
"";"Paku";"todos; tudo.";"pakulolo";"";"";""
"";"Paku";"todos; em peso; por junto.";"pakuriá";"";"";""
"";"Paláia";"Nome com que d'antes era designada a parte baixa da cidade de Luanda.";"mupaláia";"";"";""
"";"Palánga";"Localidade nos subúrbios de Luanda.";"museke uapalánga";"";"";""
"";"Palánga";"Localidade nos subúrbios de Luanda.";"museke ua palánga";"";"";""
"";"Paláte";"Prata (metal)";"kitari kiapaláte";"";"";""
"";"Pamá";"Pasmaceira. | Contemplação parvoa. | Diz-se da pessoa admirada e de boca aberta.";"u eripamá";"";"";""
"";"Pambala";"Metempsicose. | Pessoa em cujo corpo se crê ter transmigrado outra alma.";"mona uupambala";"";"";""
"";"Pambu";"Atalho. | Caminho que, fora da estrada comum, encurta as distâncias. | Caminho que se separa do principal; corte.";"pambu ta njila";"";"";""
"";"Pambu";"Perjurar; transgredir.";"Kusombokapambu";"";"";""
"";"Pandanda";"Falange; falangeta. | Haste.";"pandanda ia mulembu";"";"";""
"";"Panza";"Batotar.";"huta panza";"";"";""
"";"Pe";"copul. E; porém; contudo: eie–inga u lenga. Ora; portanto; à vista de tal.";"ki ng'amono. pe kiná, inga ngi rixib'ami";"";"";""
"";"Pe";"causat. Por.";"ndêpe";"";"";""
"";"Pe";"Então; nesse caso.";"eiepeu a ki bangelu'nhi?";"";"";""
"";"Pe";"Então; nesse caso.";"eiepeu a ki bangelu'nhi";"";"";""
"";"Pé";"(IX) abrev. de pai (no sentido de o mais velho, o mais antigo numa casa)¹ Nome da letra P.";"pé Nzuá";"";"";""
"";"Pé";"(IX) abrev. de pai (no sentido de o mais velho, o mais antigo numa casa)¹ Nome da letra P.";"pé Manguxi";"";"";""
"";"Pé";"Limpo; sem mancha.";"ku rilu ku etpé";"";"";""
"";"Péleka";"Perda. Prejuízo";"ng'abangepéleka";"";"";""
"";"Pelendende";"ssado. | Muito limpo.";"bu kanga bu azelepelendende peku";"";"";""
"";"Pélu";"Hóstia; prova.";"kubana";"";"";""
"";"Pémbe";"Mate; ebúrneo (Que tem a cor de marfim)";"hombo ia pémbe";"";"";""
"";"Pembele";"Bom êxito. Graça; mercê.";"a mu viala mupembeleia Nzambe";"";"";""
"";"Pembele";"Bom êxito. Graça; mercê.";"a mu viala mupembele ia Nzambe";"";"";""
"";"Pembele";"de exortação, de aplauso | Bravo! Muito bem! Eu te saúdo!";"pembele 'olo!";"";"";""
"";"Péngula";"Escasso; diminuto.";"mulele u axala péngula";"";"";""
"";"Pêtu";"Almofada.";"pêtu ia kubetuíla";"";"";""
"";"Phanda";"Vasilha de barro com asas; ânfora.";"pánda ia maluvu";"";"";""
"";"Phangu";"Novidade; o que se vê ou faz pela primeira vez.";"kutubula pangu";"";"";""
"";"Phangu";"Refrão; expressão inconscientemente repetida a cada passo.";"pangu i eza mu tiembu";"";"";""
"";"Phangu";"Preceito; dever.";"kubanga pangu ni ndóngo";"";"";""
"";"Phangu";"Ritual; norma; doutrina, matote ma Kalunga a ma ibula mufundl. | Citação; texto.";"pangu a tbula mukulu";"";"";""
"";"Phangu";"Pov. e posto do couc. e circ. civ. dos Dembos, distr. e prov. de Luanda, 3.853 hab.";"pangu 'a lukenhi";"";"";""
"";"Phemba";"Mafarsico; Satanás; Anjo mau.";"Karia pemba";"";"";""
"";"Pholo";"Na presença; diante de.";"polo ni polo k'amb'ê mukuá";"";"";""
"";"Pholo";"Adiante; além.";"ndê ringi ku polo";"";"";""
"";"Pholo";"Depois. No futuro.";"ku polo ju kuenda";"";"";""
"";"Phonda";"Cinta.";"pónda ia mbunda";"";"";""
"";"Phonda";"Cinto.";"pónda la mala";"";"";""
"";"Phonda";"o círculo máximo da esfera.";"pónda la riúlu";"";"";""
"";"Phuku";"leirão.";"puku ia rixinji";"";"";""
"";"Phuku";"lontra.";"puku ia nzúndu";"";"";""
"";"Phuku";"som produzido pelo abano do pano ou bandeira, ao ser agitado.";"puku puku";"";"";""
"";"Phulu";"adj. Odioso; maldoso; rancoroso.";"Mukua púlu";"";"";""
"";"Phumbulu";"Vísceras; fato Miudezas; leves.";"pumbulu ia nguari";"";"";""
"";"Phupha";"A parte mais recôndita, mais íntima. O âmago. Coração, espírito; alma.";"ku púpa ta muxima";"";"";""
"";"Phutu";"Português; a língua portuguesa. | Português (pessoa)";"kuzuela putu";"";"";""
"";"Pí";"Chiton! Caluda! Nem piu.";"u ila pí";"";"";""
"";"Pí";"Silenciosamente; sem ruído.";"u éri pí";"";"";""
"";"Piáta";"Som imitativo do ato de cuspir ou lançamento da sujidade do pato. (É pejorativo )";"piáta ng'a ku tela máte";"";"";""
"";"Pió";"Completamente vazio; adj. Limpo; sem restar coisa alguma.";"bu kanga bu êri-";"";"";""
"";"Pisa";"Esporão.";"la sanji";"";"";""
"";"Pitu";"Fórmula; regra.";"banga o-uanga ni u lue";"";"";""
"";"Póle-póle";"significativa dos olhos que se abrem e fecham a miúde.";"mesu póle-póle";"";"";""
"";"Póte-póte";"significativa dos olhos que se abrem e fecham a miúde.";"mesu póte-póte";"";"";""
"";"Poxi";"Lógico; sábio; argumentador inteligente.";"mnzueri ua kirla mu kita poxi";"";"";""
"";"Pukúlu";"Espoleta.";"ûta ua pukúlu";"";"";""
"";"Púnga";"Pagem; mensageiro | Emissário.";"púnga ia soba";"";"";""
"";"Púnga";"Montão; feixe; punhado | Braçado.";"púnga ia tangu";"";"";""
"";"Púnga";"Montão; feixe; punhado | Braçado.";"púnga ia makanha";"";"";""
"";"Pungu";"Omnipotente; que não tem igual. sub. O grande; o maior.";"Nzambi pungu";"";"";""
"";"Pungu";"e hist. Antigo presídio então conhecido pelo nome das «Pedras Negras», fundado em 1597. Está situado a 9° 4' 42"" de lat. S. e 1 020 mtr. de alt.";"pungu ta Ndongo";"";"";""
"";"Púri";"Construção, cárcere subterrâneo. | Caverna; masmorra; furna.";"ku mbonge ia púri";"";"";""
"";"Rubute";"adj. Chaguento; ulceroso.";"Mukua rubute";"";"";""
"";"Sabhu";"Adágio; provérbio. Sentença moral. Ditado.";"bu ala o musumbe k'atel'á-bu sabu";"";"";""
"";"Sâka";"Território compreendido entre o moceque Kamama e Calumbo e onde se acoitavam salteadores.";"kubita mu njila ia sâka";"";"";""
"";"Sakála";"Jarro; planta fam. das aroides, de que há várias espécies. A sua raiz ou tubérculo de sabor adocicado e semelhante à batata.";"kiringu kia sakála";"";"";""
"";"Sâki";"adj. Arrogante; ufano.";"Mukua sâki";"";"";""
"";"Sala";"Aquele que é verdadeiro, legítimo.";"mon'asala";"";"";""
"";"Sala";"adv. Em charola; em triunfo; entre ovações.";"sala muinga";"";"";""
"";"Salála";"Taleigo. Saco de fibras de bananeira para condução de farinhas.";"salála ia fuba";"";"";""
"";"Salála";"Taleigo. Saco de fibras de bananeira para condução de farinhas.";"salálaia fuba";"";"";""
"";"Sámba";"Corte.";"musámbaia suba";"";"";""
"";"Sámba";"Pessoa que vive na intimidade de alguém ou faz parte da sua família.";"tumba mukaj'e sámba mukuavalu-ke";"";"";""
"";"Sámba";"Constelação do zodíaco.";"nâmbua nisámba";"";"";""
"";"Sámba";"as três estrelas centrais da constelação de Órion.";"sámba lujiji";"";"";""
"";"Sámba";"Pov. e sede do posto deste nome, conc. de Ambica, distr. do Quanza-Norte, prov. de Luanda, 20.332 hab. e est. telegr.-postal de 3.ª classe.";"sámbani kajú";"";"";""
"";"Sâmbu";"Ponta de vestido | Fímbria.";"sâmbu ia mulele";"";"";""
"";"Sambwa";"Borda; margem; banda.";"ku sambua ia Lukala";"";"";""
"";"Sándu";"Ser espiritual. | Mammon.";"sándu ia Kazola";"";"";""
"";"Sang'a-ndombe";"Antigo bairro da cidade de Luanda, nas traseiras do edifício das Obras Públicas e onde se fabricavam bilhas de barro preto ( )";"masanga ma ndombe";"";"";""
"";"Sanza";"Pov. e sede da circ. civ. do Pombo, distr. do Congo, prov. de Luanda, a 3º e 10' de lat. S., 990 mts. de alt., 9.612 hab., est. postal, 2.ª C.I.I. e ambul. sanitária.";"sanza pombo";"";"";""
"";"Sanzu";"Saneamento; alargamento; ceifa.";"sanzu ia jixi";"";"";""
"";"Sanzu";"Vergontea; chibata.";"sanzu la mulemba";"";"";""
"";"Sâsa";"Beberagem para suscitar o amor, kulumbula sámba.";"kusokanasâsa, kulumbula sámba";"";"";""
"";"Sâsa";"Beberagem para suscitar o amor, kulumbula sámba.";"kusokana sâsa";"";"";""
"";"Sé";"Sem.";"sé kituxi";"";"";""
"";"Sé";"Sem.";"sé mulonga";"";"";""
"";"Sekulu";"Tio: k'l kuriá o rimi riê.";"sekulu 'ê ndênge";"";"";""
"";"Sembele";"Sofrível; suportável. Que não é mau de todo, Pouco melhor.";"o tósembele";"";"";""
"";"Sembele";"Sofrível; suportável. Que não é mau de todo, Pouco melhor.";"o háxi i ala sembele";"";"";""
"";"Semenyi";"(IX) Mesquinho; infame; vil.";"ele u semenhi";"";"";""
"";"Sênge";"Povoação; vila; cidade.";"mu sênge ia Malanji";"";"";""
"";"Sêsa";"O dia de sexta-feira";"kla sêsa";"";"";""
"";"Sêsa";"Ato e efeito de se levantar tarde.";"Kuta sêsa";"";"";""
"";"Sêsa";"Prémio que, nas danças ou jogos de prendas, o infrator paga pelo erro cometido.";"Kufuta sêsa";"";"";""
"";"Seséle";"(IX) Que principia; incipiente.";"seséle, seséle, mu Kukiaa";"";"";""
"";"Sexi";"Corça.";"sexi jilari mbambi ndênge";"";"";""
"";"Sobha";"Palavra que o proponente de um nongonongo pede aos que não souberem decifrá-lo.";"ngibe sôba";"";"";""
"";"Sóko";"Familiar; contemporâneo.";"sóko riâmi";"";"";""
"";"Sólo";"Certo jogo de crianças: —, soringa.";"sólo soringa";"";"";""
"";"Solokoto";"Planta da família das cucurbitáceas, armada de pequenos tufos espinhosos. É mais usado no plural jisolokoto.";"solokoto i axila o mábata, nganga ta imbanda i asáka o maláji";"";"";""
"";"Sombo";"Diz-se do fruto da palmeira de dendém (Elaeis guineensis) de muita polpa e pequeno caroço mole.";"ndênde ia sombo";"";"";""
"";"Sóngo";"Dor no pulmão; pontada.";"urisesela o sóngo k'aritena'ê ndóto";"";"";""
"";"Sóngo";"Rau.";"sóngo ja kumbi";"";"";""
"";"Sóngo";"adj. Aleivoso. | Calunioso | Que difama.";"sóngosêse";"";"";""
"";"Sonyi";"Pejo; pudor; vergonha. | Lecôro.";"u akambe o sonhi";"";"";""
"";"Sonyi";"As partes pudendas; rins.";"An'asonhi";"";"";""
"";"Soso";"Faísco; fona | Fagulha | É m us. no pl jisoso.";"soso ia tubla";"";"";""
"";"Sua";"Impassível; imperturbável | Diz-se da pessoa que, encontrada em falta, não se altera | Sereno; indiferente.";"ku polo ie sua";"";"";""
"";"Suàmba";"Agastamento; arrufo; zanga.";"ia muhatu ni riiela";"";"";""
"";"Suéte";"Demoradamento. | Diz-se do olhar atento e prolongado lançado a alguém.";"u amuirisuéte";"";"";""
"";"Suke";"Na medida; no fim.";"bu sukerie";"";"";""
"";"Suku";"Deus da Morte, dos abismos.";"suku ia Kalunga";"";"";""
"";"Suku";"Tb. se diz.";"suku 'alunga";"";"";""
"";"Suluka!";"Levanta-te! Ressurge! Caminha! Expressão equivalente a surge et ambula!";"suluka!, muhatu'a panda lunga vi axeta ku mbuela!";"";"";""
"";"Suluka!";"Levanta-te! Ressurge! Caminha! Expressão equivalente a surge et ambula!";"Levanta-te! Ressurge! Caminha! suluka!";"";"";""
"";"Sûngi";"Seroar.";"Kuta sûngi";"";"";""
"";"Swalala";"fig. Inimigo; traidor.";"kingundu sualala";"";"";""
"";"Tala";"de rítala. adv. Ao alto; em cima.";"bu tala ndóngo";"";"";""
"";"Tala";"de rítala. adv. Ao alto; em cima.";"butala' amutue";"";"";""
"";"Talúla";"Lado da cama que corresponde aos pés.";"matekena ku mutuelu ni uzubile ku-ia mama";"";"";""
"";"Tambakanya";"e intr. Faltar ao juramento prestado.";"Kuta tambakanha";"";"";""
"";"Tânda";"Que não tem humidade; seco.";"ngulngi iatânda";"";"";""
"";"Tande";"Encosta; siba.";"bandesa o ulungu mutande";"";"";""
"";"Tanga";"Tecido grosso de duas faces (de antes usado como colcha ou xale)";"tanga ia putu";"";"";""
"";"Tanga";"Fazenda de bom pano, grosseiro.";"tanga ia kimbúndu";"";"";""
"";"Tanga";"Entretela; estofo; chumaço.";"tanga ia muhola";"";"";""
"";"Tánga";"Abrev. de ritanga. Abóbora.";"Kunde a mu kuna ku imbambe tánga a mu kuna ku njila";"";"";""
"";"Tange";"Lido. Sabido; contado.";"o mukanda a u tange kia";"";"";""
"";"Tangu";"Esgalho; haste; ramo.";"tangu ia mulemba";"";"";""
"";"Tângu";"Peixinho de rio, de que se alimentam certas aves; —, kûria kua kansôue.";"tângu kûria kua kansôue";"";"";""
"";"Tari";"Abrev. de ritari. Pedra; tablaz; tampo. Pedra da lei ou de afiar.";"tari ria mêza";"";"";""
"";"Tari";"Abrev. de ritari. Pedra; tablaz; tampo. Pedra da lei ou de afiar.";"kûlua kua pôko ku atânda bu tari";"";"";""
"";"Tari";"Povoação do concelho de S. A. do Zaire, distrito do Congo, província de Luanda.";"tari tari";"";"";""
"";"Tâta";"Padrinho.";"tâta ' a múngua";"";"";""
"";"Tâta";"Padrasto; tio.";"tâta ' a ndenge";"";"";""
"";"Tâta";"Homem idoso, grave e digno. Senhor; chefe de família.";"tâta ' a ngana";"";"";""
"";"Tâta";"Paternal. Paterno.";"henda la tâta ni mâma";"";"";""
"";"Taua";"Mágoa que uma pessoa leva de outra; melindre; censura.";"u ambata taua";"";"";""
"";"Taua";"adj. Responsável; que tem culpa.";"mukua taua";"";"";""
"";"Teia-feia";"Com muitas dores.";"mukutu -";"";"";""
"";"Tekú";"Expressão significativa de desamparo, abandono. Sem amparo; ao Deus dará.";"mona u a mu xísa tekú";"";"";""
"";"Telesa";"Terça";"kia telesa";"";"";""
"";"Télu";"Modo, forma, maneira de dizer | Princípio; exórdio";"télu ria sábu";"";"";""
"";"Télu";"Modo, forma, maneira de dizer | Princípio; exórdio";"télu ria maka";"";"";""
"";"Tembuá";"Às cascas | Abertamente.";"ribltu u arixisa tembuá";"";"";""
"";"Tenda";"Pequena cabaça para guardar óleos. | Recipiente; vaso.";"tenda mu akexile o mâji i kumb'ê kulelama";"";"";""
"";"Ténde";"Sardão.";"ténde kumbua-kuambua";"";"";""
"";"Tênde";"Hirto; firme; teso | Que não oscila.";"múxi u emana tênde";"";"";""
"";"Tendu";"Caco de castanha de dendém, próprio para queimar.";"Kibala tendu";"";"";""
"";"Tendu";"Diz-se do coco-nete fermentado, ardido.";"tendu ia ngángu";"";"";""
"";"Tenga";"Artefato de chifre ou cabaça para fumar haxixe.";"tenga ia riámba";"";"";""
"";"Tengene";"Caído. adv. Desamparadamente. Diz-se do corpo que ao deitar-se cai sem procurar amparar-se.";"u ai ngo tengene";"";"";""
"";"Téta";"Tenro; fresco.";"kiringu kia téta";"";"";""
"";"Tete";"Pevide; ia mbinda.";"tete ia rinhangua";"";"";""
"";"Tetele";"Abrev. de rite: tele; — ria mbulu, bot. Género de plantas fam. das gramíneas (andropogon goyanus) utilizada em obras de verga e usos domésticos.";"tetele ria mbulu leké-leke; u artmina rikanga rimeneke";"";"";""
"";"Thambi";"Qualidade de feijão branco com pintas castanhas tb. conhecido por karisu.";"tambi ia ngátu";"";"";""
"";"Thandu";"A parte superior do objeto elevado.";"ku tandu la mulundu";"";"";""
"";"Thandu";"Cima; além.";"xutandula Sasa";"";"";""
"";"Thembu";"Pov. e sede do posto deste nome, circ. do Cambo distr. e prov. de Malanje, 16.575 hab.";"témbu a luma";"";"";""
"";"Thunda";"Ponto ou lugar muito afastado das terras do litoral. | O sertão; o interior.";"ng'atundu mutunda";"";"";""
"";"Thungi";"Esquina; ângulo; cunhal; canto.";"tungita' nzo";"";"";""
"";"Thungi";"Artelho.";"menha mu mu bena mutungiia kináma";"";"";""
"";"Thuxi";"Despido; sem roupas.";"u ala–";"";"";""
"";"Thuxi";"Nu.";"–a taxala";"";"";""
"";"Tiba";"Tb. serve para designar prato cheio (de comida)";"a mu tela funji bu rilonga tiba";"";"";""
"";"Tóka";"Unicamente; sem tirar nem pôr.";"hama jitatu tóka";"";"";""
"";"Tome";"Bebível.";"menha ma tome";"";"";""
"";"Tóto";"e pron. demonstr. (VII) Essa; esse.";"o tubiatótotu ajimi";"";"";""
"";"Tóto";"(X) Essas; esses.";"o tungombe-tu anéte";"";"";""
"";"Tóto";"De.";"lu mburitótopange'ami";"";"";""
"";"Tu-sange";"para saudar um recém-vindo (seja bem vindo, senhor)";"–, ngana";"";"";""
"";"Tuakamuxua";"Outra; outro.";"o fubia tuakamuxua tu auamu";"";"";""
"";"Tuakamuxua";"(X) outros; outras; diferentes. Não estes.";"ngibekele o lungoji tuakamuxua";"";"";""
"";"Tuanyanya";"(IX) Fulgurante; Resplendente; Luminoso; claro.";"rléjituanhanha";"";"";""
"";"Tuânyi";"interrog. pl. (contr. da prep. tua e do pron. relat. inhi). Quais. Que coisas (entre várias) De que?";"tungondotuânhi?";"";"";""
"";"Tuânyi";"interrog. pl. (contr. da prep. tua e do pron. relat. inhi). Quais. Que coisas (entre várias) De que?";"tungondotuânhi";"";"";""
"";"Tubú";"Só.";"uiza – múngu";"";"";""
"";"Tuêngi";"Outros. | Diferentes.";"tuâna tuêngi";"";"";""
"";"Tuhaxi";"dim. de jihaxi. | Diz-se das crianças quando doentes.";"ng'ala ni ku bata";"";"";""
"";"Tuiari";"Dois.";"tumbinda tuiari";"";"";""
"";"Tuim";"para significar o esbugalhamento dos olhos.";"mésu tuim";"";"";""
"";"Tuku";"Cauda | As penas que constituem o rabo das aves; njila u rila muenhu. | Uropigio. | burl. Cu.";"njila u rila muenhu, k'aril'ê tuku";"";"";""
"";"Tuku";"Cauda | As penas que constituem o rabo das aves; njila u rila muenhu. | Uropigio. | burl. Cu.";"k'aril'êtuku";"";"";""
"";"Túku";"Abr. de ritûku. | Curva | Volta.";"bu–ria njila";"";"";""
"";"Tukuxi";"Quantos? Que número ou quantidade.";"tuhima tukuxi?";"";"";""
"";"Tukuxi";"Quantos? Que número ou quantidade.";"tuhima tukuxi";"";"";""
"";"Tulu";"Peito; sua cavidade.";"u ala kuzumina mu tulu";"";"";""
"";"Tulu";"Franqueza; sinceridade de sentimentos; lealdade.";"jikula o tulu";"";"";""
"";"Tulu";"Opinião; conselho; parecer.";"kubana tulu";"";"";""
"";"Tulu";"Discrição; reserva; segredo.";"muhatu u mu tela maka k' u mu zubile tulu";"";"";""
"";"Tumba";"Aparentado.";"kene tumba, xene samba";"";"";""
"";"Tumba";"Personagem mítica";"tumba 'u Ndala";"";"";""
"";"Tûmba";"Naco; pedaço (de carne). Morsegão.";"kubekela ku abekêla mbemba, kilombelombe ku a mu tukula tûmba";"";"";""
"";"Tunda!";"Arredai! Fora.";"tunda!ku";"";"";""
"";"Tunde";"Desde; a começar, a contar de | Depois de.";"tundemûza";"";"";""
"";"Tûnga";"adj. Escrupuloso. | Que hesita.";"Mukuatûnga";"";"";""
"";"Túngu";"Fábrica. | Casa ou lugar onde se fabrica alguma coisa.";"mutúnguia míbele";"";"";""
"";"Tunya";"Expressão com que se exprime o efeito de um objeto que tomba.";"biki biki,tunha";"";"";""
"";"Tuta";"– ria nvula, bot. Gramínea carnosa glabra, fam. das ciossuláceas (Kalanchoe Wel.) de efeitos corrosivos e utilização ornamental.";"– ria nvula riavula mênha, polo ia muloji i avula masoxi–";"";"";""
"";"Tutánu";"Composto de cinco unidades.";"tungutu–";"";"";""
"";"Tutatu";"Composto de três unidades.";"tungalu–";"";"";""
"";"Tutu";"Severo; que não cede.";"o koxo, ku–";"";"";""
"";"Tútu";"Estes; estas.";"fumbua–tu auaba";"";"";""
"";"Tuwana";"Quatro.";"tûmbua–";"";"";""
"";"Twa";"Suas; seus (deles)";"o tunjilatuatu atuka";"";"";""
"";"Twa";"Verdadeiramente seus.";"tuaene";"";"";""
"";"Twami";"Meus; minhas. De mim.";"tunguarituamitu áfu";"";"";""
"";"Twami";"Propriamente meus.";"tuamiéme";"";"";""
"";"Twana";"crianças de pouca idade. Criançada.";"tuâna tua ndenge";"";"";""
"";"Twenu";"Vossas; vossos. | De vós.";"Kirikenu o tuâna tuenu";"";"";""
"";"Twenu";"propriamente vossos; de mais ninguém.";"tuenuenu";"";"";""
"";"Twetu";"Nossas; nossos. | Das pessoas que falam. | De nós.";"o tuhombo tuetu tu ai mu mbole";"";"";""
"";"Twetu";"verdadeiramente nossos.";"tuetuetu";"";"";""
"";"Twonene";"Um pouco maiores. | Pouco volumosos.";"tungulu tuônene";"";"";""
"";"Twoso";"Todos; todas | Inteiros, completos.";"tusanjituoso tu ajimbirila";"";"";""
"";"Twoso";"A soma; o conjunto; a totalidade. | Tudo.";"tumatuosotu ajinatela mu'nzo";"";"";""
"";"Twoso";"adv. Completamente; sem exceção ou restrição. | Absolutamente tudo.";"tuosololo";"";"";""
"";"Ua";"e pron. demonstr. pl. Delas; deles.";"mûxi ua";"";"";""
"";"Ua";"que une ao nome o seu complemento: mukolo mateba.";"mukoto ua ngombe";"";"";""
"";"Ua";"Do mesmo modo; também.";"ême ua alenge";"";"";""
"";"Uaia";"Onomat. do ruído produzido pelo derramamento de água ou areia | Zás.";"kisekele moxi a rivunda uaia";"";"";""
"";"Uakamukuá";"e pron. indef. (I) Outra; outro | Diferente; restante.";"umoxi u âfu, – u abuluku";"";"";""
"";"Uâku";"Vilmente; com rudeza.";"u azuela uâku";"";"";""
"";"Uâlua";"cervejeiro., vendedor de cerveja.";"Mubange a uâlua";"";"";""
"";"Uâlua";"cervejeiro., vendedor de cerveja.";"Musumbise a uâlua";"";"";""
"";"Uambotelu";"(V) Forma de levar, de transportar algo, Maneira de conduzir.";"uambotelu ua ngénji";"";"";""
"";"Uanda";"Presente a uma criança pelos seus primeiros passos.";"mbinza ia-";"";"";""
"";"Uanexenu";"Maneira de expor ao sol, de estender roupa.";"uanexenuu a mutu u avula";"";"";""
"";"Uangéla";"Sésamo; planta bignoneácea (sesamum indicum). | Gergelim. | A sua semente.";"uangéla k'imbij'ê";"";"";""
"";"Uári";"Jogo (geralmente de azar). | Jogatina.";"Kuta uári";"";"";""
"";"Uariekimi";"Anciania; estado de velhice. | Dito ou ato próprio de pessoa velha e apegada aos usos antigos.";"u abixila kuuariekimi";"";"";""
"";"Ubabelu";"Maneira de acalentar. | Forma de fazer adormecer crianças.";"o ió ubabelu u a mu îba";"";"";""
"";"Ubakelu";"Forma de guardar. | Maneira de conservar algo.";"ubakelu ua Kiximba";"";"";""
"";"Ubandelu";"Forma de trepar, de subir.";"u axuata ubandelu ua nhoka";"";"";""
"";"Ubangêlu";"Forma de pelejar, de brigar, de lutar.";"ubangêlu ua jisánji";"";"";""
"";"Úbangelu";"Maneira de fazer.";"Kala mutu ni úbangelu ue";"";"";""
"";"Ubári";"Comissão ou percentagem de venda por conta de outrem.";"ubári ua vênji";"";"";""
"";"Ubatwilu";"Forma de talhar, de cortar.";"ubatuilu ua kiximba";"";"";""
"";"Ubebelu";"Maneira de lisonjear.";"u akuata ubebelu ua hombo";"";"";""
"";"Úbelele";"Recentíssimo; muito novo.";"xima kia ûbe ni úbelele ue";"";"";""
"";"Úbelu";"Forma de dar, de oferecer.";"úbelu ua kutombekeza";"";"";""
"";"Ubhane";"Prometido; dado.";"ki a úbane k'isokuê mi ki a usumbe";"";"";""
"";"Ubhanga";"Festa de casamento. Boda.";"makinu ma úbanga";"";"";""
"";"Ubhe";"Novo; recente.";"mûvu ua ûbe";"";"";""
"";"Ubheka";"Solidão; isolamento.";"ng'axala mu ubeka";"";"";""
"";"Ubheka";"Isolado; só.";"ubeka uâmi";"";"";""
"";"Ubhika";"Serviço militar.";"ubika ua Muene-tutu";"";"";""
"";"Ubhika";"Sujeição; cativeiro.";"u ola mu ubika";"";"";""
"";"Ue";"Seu; sua (dele ou dela)";"o mukóko u abengalala";"";"";""
"";"Ue";"Do mesmo modo; também: muene — u alenge";"muene ue u alenge";"";"";""
"";"Ue";"Consequentemente; outrossim: u amba mukua ni muene —.";"u amba mukua ni muene ue";"";"";""
"";"Uê";"Teu; tua.";"o muzuua uê anhungu";"";"";""
"";"Uê";"Teu; tua.";"o mûxi uê u atoloka";"";"";""
"";"Uê";"De ti; pertencente à tua pessoa.";"o ulungu uê u alébe";"";"";""
"";"Uê";"Igualmente.";"u amba mukuenu n'éie uê";"";"";""
"";"Uélu";"Sovinaria. | Estado de pessoa que não dá. | Somiticaria.";"o uélu ufua-nau";"";"";""
"";"Uêmbu";"adv. À boa paz; em sossego.";"Mu uêmbu";"";"";""
"";"Ueri";"Marido da mulher mais velha, ou vice-versa.";"ueri 'a kimi";"";"";""
"";"Úfele";"Pouquidade; pequenês.. | Inferioridade; pouca valia ou tamanho.";"maiaki ma úfele";"";"";""
"";"Úfele";"Qualidade de miúdo.";"úfele féle";"";"";""
"";"Úfele";"Pequenino.";"kâma ka úfele féle";"";"";""
"";"Ufolo";"Alfarria. | Baixa (de serviço)";"mukanda ua ufolo";"";"";""
"";"Ûfunu";"Profissão; ofício. Emprego; modo de vida., adj. Profissional; artista. | Militar graduado.";"mukua ûfunu";"";"";""
"";"Ûfúsa";"Praticar indecências; imoralidades.";"kubanga ûfúsa";"";"";""
"";"Uhabuilu";"Forma de abocar, de devorar, de tragar. | Forma de comer (como os cães)";"uhabuilu ua'mbua";"";"";""
"";"Úhete";"Esmero; perícia. Bom gosto (em fazer algo)";"úheteu avulu katete u abula o maiaki";"";"";""
"";"Uïji";"Sarro; sedimento que o tabaco deixa nos cachimbos, canudos ou boquilhas.";"uïjiua makanha";"";"";""
"";"Uílu";"adj. Ganancioso; esfomeado.";"Mukua uílu";"";"";""
"";"Uîna";"Toca.";"bengu u arlmukina bu uîna ue";"";"";""
"";"Ujikitilu";"Forma de atar.";"u akuata ujikitilu ua mukua kiasu";"";"";""
"";"Ujîtu";"Delicadeza; decência.";"kota kizaka bu ujîtu, kaná ngombe bu malebu";"";"";""
"";"Ujîtu";"Presente; oferta; mimo.";"a mu bange ujîtu";"";"";""
"";"Ukalelu";"Modo, maneira de estar, de conviver, de residir.";"ukalelu ua ugênji mu'xi ia ngene";"";"";""
"";"Ukámba";"Amizade.";"ukámba ua ndénge u atunda mu Kuxanga";"";"";""
"";"Ukaselu";"Modo de amarrar, atar, prender.";"ukaselu ua kiximba";"";"";""
"";"Ukavalu";"adj. e sub. Pessoa com quem se tem relações de amizade.";"Mukuaukavalu";"";"";""
"";"Ukavalu";"Afeioçoado; íntimo.";"mukuaukavaluke";"";"";""
"";"Úkembu";"Joia; artigo de luxo.";"mbamba taming'a i sumbitaúkembu";"";"";""
"";"Úkembu";"O que se adota para disfarçar a vulgaridade, môxi isuta.";"úkembu ua petu";"";"";""
"";"Ukokelu";"Maneira de podar.";"ukokeluua kixtna · ulu";"";"";""
"";"Ukuatelu";"Maneira de pegar, de agarrar: u ekuta k' n xlnge nzala.";"nzala u avulaukuatelu";"";"";""
"";"Ukuenze";"Demonstração de força, de coragem.";"kurikizaukuenze";"";"";""
"";"Ukukutu";"Qualidade de seco.";"kima kiaukukutu";"";"";""
"";"Ùkulu";"Vetustez; o que é antigo, velho.";"inzo iaùkulu";"";"";""
"";"Ùkulu";"De há muitos anos.";"kima kiaùkulu";"";"";""
"";"Ùkulu";"Longínquo; remoto.";"ùkulu kulu";"";"";""
"";"Ùkulu";"adv. Antigamente; noutros tempos.";"muùkulu";"";"";""
"";"Ùkulu";"Desde então.";"tundeùkulu";"";"";""
"";"Ukulundundu";"Remotíssimo.";"ukulu uaukulundundu";"";"";""
"";"Ukulundundu";"Na noite dos tempos.";"u ajimbirila mu ukulundunduua izuua";"";"";""
"";"Ukúmbu";"Jactância; vaidade.";"kubangaukúmbu";"";"";""
"";"Úkumbu";"Honraria; dignidade.";"a mu tumbula o rijina niúkumbuue";"";"";""
"";"Úkundu";"A cerveja feita da raiz desta planta, u a ku bana o uáma k'u mu tol'ê.";"u a ku bana oúkunduk'u mu kunduju l'ê";"";"";""
"";"Ûkusu";"Substância encarnada.";"ng'a mu bana o pemba ni ûkusu";"";"";""
"";"Uláji";"Vesania; maluquice.";"u endele mu uláji k'akamb'ê masambisambi";"";"";""
"";"Ulanda";"Certo tecido de algodão que se distribuía aos serviçais embarcadiços.";"mulele uaulanda";"";"";""
"";"Uleselu";"Forma de lamber.";"uleselu ua nhoka";"";"";""
"";"Ulouelu";"Maneira de pescar.";"kala mutu ni–ue";"";"";""
"";"Ulouelu";"Forma de enfeitiçar.";"ulouelu ua mulóii u avula";"";"";""
"";"Ulozelu";"Modo de dar tiros.";"ulozelu ua mótumbu";"";"";""
"";"Úmba";"Morgado; adotivo.";"tanga tmoxi uluxi, mona umoxi úmba";"";"";""
"";"Úmba";"Indígena; comum.";"rijina ria úmba";"";"";""
"";"Úmba";"Qualidade da pessoa que só tem um filho.";"kuvala kua úmba";"";"";""
"";"Umbánda";"Arte ou maneira de encantar, de curar.";"kubanga umbánda";"";"";""
"";"Umbele";"adj. e sub. Que está ao serviço de uma família. Encarregado de uma feitoria.";"Mukua umbele";"";"";""
"";"Umbuémbue";"Murmuração.";"maka ma umbuémbue";"";"";""
"";"Umbúndu";"(V) Tipo, forma, estilo de preto. Pretidão.";"mumbundu niumbúnduue";"";"";""
"";"Umbúndu";"À maneira de preto.";"xuzuelaumbúndu";"";"";""
"";"Umbúndu";"À maneira de preto.";"kubangaumbúndu";"";"";""
"";"Úmonyi";"Riqueza; fartura; prosperidade.";"o ibundu lêne o úmonhi uu murimi";"";"";""
"";"Umwene";"Assim, assim; sem alteração.";"o hâxi azekele kiaumuêne";"";"";""
"";"Uná";"Diferente.";"unáunà";"";"";""
"";"Unangenu";"Passadio; forma de viver.";"unangenuua ngênji";"";"";""
"";"Undandu";"Consanguinidade; parentesco.";"Kusokana ku buá, undanduuxála";"";"";""
"";"Undele";"Forma, usos ou maneiras de branco.";"o mundele niundeleue";"";"";""
"";"Undele";"Brancura.";"arifiata oundeleua";"";"";""
"";"Undu";"Sagração; batismo; crisma.";"kutaundu";"";"";""
"";"Únene";"O que é grandioso.";"kima kla únene";"";"";""
"";"Ungamba";"Profissão ou hábito de carregador.";"kuzokela o hata bu fûndu, kurimuesaungamba";"";"";""
"";"Ungana";"A hóstia que os católicos tomam pela comunhão.";"ng'atambula o-ng'a u te mu tulu";"";"";""
"";"Uómbe";"O ocidente; o ocaso. | Estado de fusco, de obscuro.";"Ku funda ni ku uómbe";"";"";""
"";"Uondo";"Palavra com que se forma o futuro dos verbos. Há-de.";"uondo kuiza";"";"";""
"";"Uônge";"Encéfalo; miolo. | Medula. | Tutano.";"uônge ua mûtue";"";"";""
"";"Uônge";"Encéfalo; miolo. | Medula. | Tutano.";"uônge ua ifuba";"";"";""
"";"Uri";"Calado; silencioso.";"mu ni) mu eri uri";"";"";""
"";"Úrilu";"Maneira de comer.";"o úrilu ua sanji, kumoma";"";"";""
"";"Uririlu";"Forma, maneira de chorar, de uivar.";"uririlu ua kimbungu";"";"";""
"";"Usalajéndu";"Posto, graduação de sargento.";"xibata ng'a i sumbila usalajéndu";"";"";""
"";"Úsu";"Diz-se do dendém meio maduro.";"ndênde iaúsu";"";"";""
"";"Úsuku";"Noite. | Noitada. | fig. Obscuridade; ignorância.";"úsuku kitombe";"";"";""
"";"Úsuku";"eclipse.";"úsuku ua nzûmba";"";"";""
"";"Úsuku";"De noite. | Durante a noite.";"u eza úsuku";"";"";""
"";"Úsuku";"saudação equivalente a «boa noite»";"úsuku 'o";"";"";""
"";"Usuri";"Preguiça. | Mandria; estado de preguiçoso.";"lelu ng'ala niusuri ua kukalakala";"";"";""
"";"Utalale";"Relento; humidade. | Sensação causada pela temperatura baixa. | Resfriamento. | Invernia.";"u atambula utalale";"";"";""
"";"Utangelu";"Maneira de ler, narrar, contar. | Forma de comunicar, anunciar, dizer.";"utangelu u akua kilénge";"";"";""
"";"Utealelu";"Estridência. | Agudeza de som; estridor.";"utealelu ua rizui";"";"";""
"";"Útelu";"Maneira de se expressar, de pôr. | Forma de falar. | Modo, estilo, costume.";"útelu ua maka";"";"";""
"";"Útelu";"Maneira de se expressar, de pôr. | Forma de falar. | Modo, estilo, costume.";"útelu ua sábu";"";"";""
"";"Utóko";"Galanteio.";"kubangautóko";"";"";""
"";"Utongo";"Pêlo.";"utongo ua paKasa";"";"";""
"";"Útu";"O ser consciente; o «eu» pessoal de cada um.";"kala mutu ntútu ue";"";"";""
"";"Útumbu";"Farelo.";"kurifanga ni-jingulu ji ku fura";"";"";""
"";"Utuxi";"Nudez.";"ngi samba kuxi ngi mukuautuxi, ngi rima kuxi ngi mukua nzala";"";"";""
"";"Uuisu";"Crueza; verdor.";"uuisuua mîvu";"";"";""
"";"Uvariue";"Natural. Produzido pela natureza.";"mona uauvariue";"";"";""
"";"Uvukilu";"Maneira de fabricar azeite.";"kala ribata niuvukiluua";"";"";""
"";"Úxi";"Meleiro.";"úximária uki; ngema mânue'a maluvu";"";"";""
"";"Uyala";"Resistência.";"Kikalanguúialau a mu bakela-bu";"";"";""
"";"Uzekelu";"O dormir.";"o uzekeluua sanji, mu tue mu ribaba";"";"";""
"";"Uzuikilu";"Maneira de amolar navalhas. Forma de enfarpelar.";"ouzuikiluuê, uêngi";"";"";""
"";"Uzwelelu";"Dicção; estilo; linguagem. Forma de se expressar.";"hombo a mu muena ku jingela; mon'a mutu kuuzuelelu";"";"";""
"";"Vúmu";"Barriga.";"vúmuk'a tumbul'ê";"";"";""
"";"Vúnda";"Moita.";"ngi xónga hulnhi lamivúndak'u tungute";"";"";""
"";"Vwa";"Nove. O número 9. O último numa série de nove. Precedido da prep. ria, este adj. concorda com os prefixos de todas as cl.; —ria malunueun etc.";"vuári'atu";"";"";""
"";"Vwa";"Nove. O número 9. O último numa série de nove. Precedido da prep. ria, este adj. concorda com os prefixos de todas as cl.; —ria malunueun etc.";"vuária ibaxu";"";"";""
"";"Wami";"e pron. poss. (contr. da prep. ua e do pron. poss. eme) Meu; minha.";"mûxiuâmiu atoloka";"";"";""
"";"Wami";"Também. Egualmente.";"emeuâming'ia";"";"";""
"";"Wasu";"Goma drástica extraída de eufórbios. | Látex. | Visco; resina.";"uâsu ua kunuminumi";"";"";""
"";"Wasu";"Goma drástica extraída de eufórbios. | Látex. | Visco; resina.";"uâsu ua mulemba";"";"";""
"";"Webhi";"Qual? | Que pessoa (entre várias)";"uêbi u anhana?";"";"";""
"";"Webhi";"Qual? | Que pessoa (entre várias)";"uêbi u anhana";"";"";""
"";"Wene";"Palavra que designa função, autoridade ou mando.";"uêne, o ungana";"";"";""
"";"Wengi";"Aquele que se não pode confundir com outro. | Diverso; diferente.";"mutu uêngi";"";"";""
"";"Wengi";"Aquele que se não pode confundir com outro. | Diverso; diferente.";"mûxi uêngi";"";"";""
"";"Wenji";"Transação lucrativa. | Tráfico; negócio. | Compra e venda de artigos de comércio.";"kula uênji";"";"";""
"";"Wenji";"Transação lucrativa. | Tráfico; negócio. | Compra e venda de artigos de comércio.";"mute'a uênji";"";"";""
"";"Wenu";"Vossa; vosso | De vosso lado.";"mulonga uenu u âbu kiá";"";"";""
"";"Wenu";"enu, Propriamente vosso, vossa; de vós mesmos.";"o mulele iô uenu enu";"";"";""
"";"Wetu";"Nosso; nossa. | De nossa parte.";"mutu uetu";"";"";""
"";"Wetu";"De nós próprios.";"uetu étu";"";"";""
"";"Wiki";"Mel.";"turie-xi tu lombuele i banga nhuixi";"";"";""
"";"Wôma";"Medo. | Temor., adj. Medroso; tímido.";"ng'ala ni uôma ua kuenda ubeka";"";"";""
"";"Wôma";"Medo. | Temor., adj. Medroso; tímido.";"Mukua uôma";"";"";""
"";"Wonene";"Grande; notável: de alta jerarquia | Que é de tamanho maior que o ordinário. (Melhor grafar ua unene)";"mutu uônene";"";"";""
"";"Wonene";"Grande; notável: de alta jerarquia | Que é de tamanho maior que o ordinário. (Melhor grafar ua unene)";"mûxi uônene";"";"";""
"";"Woso";"Todo; inteiro: completo. | Cada; qualquer.";"mûxi uoso u âbi";"";"";""
"";"Woso";"Todo; inteiro: completo. | Cada; qualquer.";"uoso u bita";"";"";""
"";"Woso";"— uoso, Um de entre muitos sem escolher ou que não seja aquele de que se fala.";"uoso uoso";"";"";""
"";"Woso";"Seja qual for: — uoso mu xarianda kenu.";"uoso uoso mu xarianda kenu";"";"";""
"";"Wowa";"Tolice; idiotice; sandice.";"mu kuenu k'a ku long'ê uóua u a ku sanga ntuê";"";"";""
"";"Wowa";"Saburra.";"máte mauóua";"";"";""
"";"Wowa";"engano; logro: indução em erro ou ideia falsa.";"Narta uóua";"";"";""
"";"Xáhulu";"Tempos passados; antiguidade remota. | A noite dos tempos.";"muxáhuluxa.nganga";"";"";""
"";"Xáhulu";"Tempos passados; antiguidade remota. | A noite dos tempos.";"muxáhuluxa";"";"";""
"";"Xanganga";"Longínquo; imemorável.";"xa uluxanganga";"";"";""
"";"Xata";"De vez. Para sempre.";"u ai-babá";"";"";""
"";"Xi";"de afirmação ou anuência. | Sim; efetivamente.";"xingana";"";"";""
"";"Xikixiki";"Repleto; muito cheio.";"bu xanga bu ezala xikixiki";"";"";""
"";"Xikixiki";"Completamente escuro; excessivamente preto.";"xikixiki ndoi";"";"";""
"";"Xíku";"Empatar; impedir.";"kuta xíku";"";"";""
"";"Xíku";"Empatar; impedir.";"kutaxíku";"";"";""
"";"Xila";"Convencido de que; talvez.";"nga mu ixana – u ozo saxiuka";"";"";""
"";"Xilu";"Amuleto; pequeno chifre de magicarias.";"xilu ia udnga";"";"";""
"";"Xílu";"Quarto de dormir.";"inzo iaxílu";"";"";""
"";"Ximba";"Pássaro fam. das cotingidas, cujo canto, mavioso, assimila o assobio humano.";"ximba ia ngúndu'a kulenga";"";"";""
"";"Ximba";"Mamífero roedor. Pika.";"Mbalaximba";"";"";""
"";"Ximba";"Planta fam. das cucurbitáceas, de propriedades medicinais.";"Matui maximba";"";"";""
"";"Xiri";"e intr. Estar na expectativa, na esperança de.";"Kuta xiri";"";"";""
"";"Xóbo";"Expressão imitativa do ruído do objeto que cai em atoleiro ou água.";"kima ki a ngi sonoka mu menha xóbo";"";"";""
"";"Xóna";"Exposto.";"mon'a xóna";"";"";""
"";"Xongota";"Aguardente; fumaças de álcool.";"u ala ni xongota";"";"";""
"";"Xóto";"— ia kafifi bufa.";"xóto ia kafifi bufa";"";"";""
"";"Xoué";"Apoucado; engunhado; seco. Murcho.";"u éza xoué";"";"";""
"";"Xoxa";"Chacota; mofa; surriada com que alguém é corrido. Zombaria.";"a mu te xoxa";"";"";""
"";"Yami";"(contr. da prep. ia e do pron. pess. eme). Meu; minha | De mim | Pertencente à minha pessoa.";"o ngombe iâmi i afu";"";"";""
"";"Yami";"Meus; minhas.";"imuna iâmi i anete";"";"";""
"";"Yanda";"Seres sobrenaturais | Seres deformados | Divindades mitológicas | Deuses dos desertos, dos montes ou das lagoas | Ninfas.";"kutelekela ianda";"";"";""
"";"Yanda";"Palavra com que, nesta classe, se forma o fut. pl. dos verbos. Hão-de.";"o milemba ianda kutoloka";"";"";""
"";"Yangu";"Nome vulgar e genérico de várias plantas, anuais ou vivazes, gramíneas, ciperáceas ou forraginosas, que secam depois da frutificação (andropogon amulatus). | Erva. | Planta espontânea de terreno inculto | Capim | Relva | Terreno coberto de relva.";"iângu ia kandâmbia";"";"";""
"";"Yangu";"Nome vulgar e genérico de várias plantas, anuais ou vivazes, gramíneas, ciperáceas ou forraginosas, que secam depois da frutificação (andropogon amulatus). | Erva. | Planta espontânea de terreno inculto | Capim | Relva | Terreno coberto de relva.";"ng'endele muiângu";"";"";""
"";"Yangu";"Cascas; invólucros de frutas, cápsulas, etc.";"iângu ia makunde";"";"";""
"";"Yangu";"Quantidade de folhas de árvore secas | Cascabulho | Feno | Forragem | Pasto.";"iângu ia mungenge";"";"";""
"";"Yangu";"Quantidade de folhas de árvore secas | Cascabulho | Feno | Forragem | Pasto.";"kuéne o ngómbe kueniê iângu";"";"";""
"";"Yangu";"Varreduras | O que se recolhe varrendo | Cisco | Palha | Lixo.";"kukukulaiângu";"";"";""
"";"Yangu";"V. kauéue.";"iângu ia kauéue";"";"";""
"";"Yangu";"planta medicinal da família das ambrosiáceas mais conhecida por «herva Santa Maria». | Ambrósia.";"iângu ia nzambi";"";"";""
"";"Yangu";"Capinzal | Terra de capim | Terreno onde cresce capim.";"ixi iaiângu";"";"";""
"";"Yaye";"Teus, tuas";"imuna iáie";"";"";""
"";"Yene";"loc. adv. É exatamente.";"iêne muene";"";"";""
"";"Yengi";"Que não pode confundir-se com outro | Distinto; diferente | Outro | Que não faz parte de outro | Diverso. | Não o mesmo; que forma corpo à parte | Não este.";"éza ni hombo iêngi";"";"";""
"";"Yengi";"Que não pode confundir-se com outro | Distinto; diferente | Outro | Que não faz parte de outro | Diverso. | Não o mesmo; que forma corpo à parte | Não este.";"u azekele bu hama iêngi";"";"";""
"";"Yengi";"Que não pode confundir-se com outro | Distinto; diferente | Outro | Que não faz parte de outro | Diverso. | Não o mesmo; que forma corpo à parte | Não este.";"u atungu inzo iêngi";"";"";""
"";"Yengi";"Mais um; seguinte. | Pl. jêngi | adj. e pron. indef. pl. (III) Diferentes | Outras; outros | Diversos; distintos | Que não fazem parte de outros | Seguintes.";"sánji iêngi i akuata";"";"";""
"";"Yengi";"Mais um; seguinte. | Pl. jêngi | adj. e pron. indef. pl. (III) Diferentes | Outras; outros | Diversos; distintos | Que não fazem parte de outros | Seguintes.";"u abeka ima iêngi";"";"";""
"";"Yengi";"Mais um; seguinte. | Pl. jêngi | adj. e pron. indef. pl. (III) Diferentes | Outras; outros | Diversos; distintos | Que não fazem parte de outros | Seguintes.";"axikama ku idlu iêngi";"";"";""
"";"Yengi";"Mais um; seguinte. | Pl. jêngi | adj. e pron. indef. pl. (III) Diferentes | Outras; outros | Diversos; distintos | Que não fazem parte de outros | Seguintes.";"ku êza imbânda iêngi";"";"";""
"";"Yengi";"(II) Que não podem confundir-se com outros. | Não os mesmos.";"a mu kasela mikolo iêngi";"";"";""
"";"Yengi";"(II) Que não podem confundir-se com outros. | Não os mesmos.";"u abatula mixi iêngi";"";"";""
"";"Yenu";"(contr. da prep. ia e do pron. pess. pl. énu). Vossos; vossas | Pertencente às pessoas com quem se fala: (II)";"mikolo ienu i abatuka; miênge ienu i akukuta";"";"";""
"";"Yenu";"(contr. da prep. ia e do pron. pess. pl. énu). Vossos; vossas | Pertencente às pessoas com quem se fala: (II)";"ienu 'enu";"";"";""
"";"Yenu";"Das vossas pessoas: (III)";"inama ienu i axiri; inda ienu i akuka";"";"";""
"";"Yenu";"Da terra em que nascestes.";"ku' xi ienu ku auâha";"";"";""
"";"Yenu";"Vosso; vossa | De vós.";"o nhoka ienu i afu; o poko ienu i axibi";"";"";""
"";"Yetu";"(contr. da prep. ia e do pron. pess. pl. etu). Nossa; nosso | Das nossas pessoas | Pertencentes às pessoas que falam: (II) (III)";"mixi ietu i abolo";"";"";""
"";"Yetu";"(contr. da prep. ia e do pron. pess. pl. etu). Nossa; nosso | Das nossas pessoas | Pertencentes às pessoas que falam: (II) (III)";"o imánga ietu i aburika";"";"";""
"";"Yetu";"Nossa; das nossas pessoas: (IX)";"ku'xi ietu rikanga; o ngómbe ietu i anéte";"";"";""
"";"Yetu";"' etu, adv. e pron. pl. Propriamente nossos: (II) | De mais ninguém: (III) | Verdadeiramente, propriamente nossos.";"o mixi iná ietu etu";"";"";""
"";"Yetu";"' etu, adv. e pron. pl. Propriamente nossos: (II) | De mais ninguém: (III) | Verdadeiramente, propriamente nossos.";"o im'ei ietu etu; o imun'oio ietu etu";"";"";""
"";"Yi";"demonstr. que designa coisa que está presente, ou mais próxima de quem fala. Esta; este: (IX)";"poko ii";"";"";""
"";"Yi";"demonstr. que designa coisa que está presente, ou mais próxima de quem fala. Esta; este: (IX)";"pokoii";"";"";""
"";"Yi";"Estes; estas (III) | Isto.";"ima ii";"";"";""
"";"Yi";"Estes; estas (III) | Isto.";"imaii";"";"";""
"";"Yi";"designativo das coisas mais próximas que outras, ou das que se falaram em último lugar.";"ii ni iná";"";"";""
"";"Yonene";"e sub. (IX) (contr. da prep. ia e do sub. unene) Grande | Volumoso | De tamanho superior | De grande altura.";"ínzo ionene";"";"";""
"";"Yoso";"(IX) Todo; toda | Íntegro; completo | Tudo | Sem exceção.";"fuba ioso i atexika";"";"";""
"";"Yoso";"(III) Todas; todos | Inteiros; completos | Sem exclusão.";"imuna ioso i afu";"";"";""
"";"Yoso";"(III) Todas; todos | Inteiros; completos | Sem exclusão.";"ima ioso u iza-naiu";"";"";""
"";"Yoso";"Em peso | Totalmente. | Ao todo; por junto | Completamente; absolutamente.";"ioso iene";"";"";""
"";"Yoso";"O todo; o conjunto; a soma | A totalidade | O aspeto geral | O universo.";"ioso i abazga Nzambi ni kuuaba";"";"";""
"";"Yoso";"Tudo; todas as cousas.";"beka ioso iene";"";"";""
"";"Yoso";"demonstr. Tudo isto | Isto.";"ima ioso 'ei";"";"";""
"";"Yoso";"(III) Uns que não sejam aqueles de que se fala | pron. indef. Sejam quais forem.";"îma ioso";"";"";""
"";"Zanga";"adj. e sub. Baiano; ilhéu; Insulano.";"Mukuazanga";"";"";""
"";"Ze";"Então; pois.";"zuela ze";"";"";""
"";"Ze";"Então; pois.";"tala ze";"";"";""
"";"Zunu";"Peixe ciprinídeo, conhecido por «barbudo»; escalho.";"Kulazunu";"";"";""
